model,eval_country,question_id,n_options,tv_distance,js_divergence,entropy_error,std_error,mean_error,top_option_match
ARG_adapter,ARG,Q101,3,0.844265357409059,0.6533244680972679,0.37302933992966203,0.14629934294132774,1.6031472781811524,0.0
ARG_adapter,ARG,Q103,3,0.6957614851642419,0.43694137820401996,1.0121812131798882,0.525864754179385,1.2572102113387755,0.0
ARG_adapter,ARG,Q106,10,0.6345330602006181,0.40575530071600574,-1.7094095130953741,-2.0839582226192075,-0.12189417461202989,0.0
ARG_adapter,ARG,Q107,10,0.4269746970895112,0.1930136339366721,-0.9265829884522612,-1.1945733940580385,-0.8615336412225298,1.0
ARG_adapter,ARG,Q109,10,0.5402283250114118,0.30074018973006483,-1.415997861303172,-1.793482236575121,0.24520399857798125,1.0
ARG_adapter,ARG,Q174,2,0.13781878245708332,0.06286108123889485,-0.5496008832529563,-0.28353275534261396,0.13781878245708334,1.0
ARG_adapter,ARG,Q176,10,0.44558024815566133,0.23090016609247424,-1.0960180064762963,-1.68173649981055,0.33683950847377186,0.0
ARG_adapter,ARG,Q177,10,0.17990374950494453,0.0781968923128958,-0.19678426980112684,-0.7322339913113054,-0.7925821789095222,1.0
ARG_adapter,ARG,Q178,10,0.6201235395099006,0.40748785627324513,-0.1418983595203649,-1.279185609246887,2.8275515867781578,0.0
ARG_adapter,ARG,Q179,10,0.4262129185295024,0.16524265369597205,1.296701094137042,0.7475230503227088,1.9150578308629076,1.0
ARG_adapter,ARG,Q195,10,0.6639933492467099,0.4562687273821444,-0.22503071502459804,-1.798579124752869,2.3978802098457357,0.0
ARG_adapter,ARG,Q260,2,0.021294649209765898,0.0003272769404259199,0.0013088108340848503,0.0004536678995300525,-0.02129464920976587,0.0
ARG_adapter,ARG,Q275,9,0.9410611220231162,0.831070614276558,-1.7384513224306857,-1.0638235582089592,3.65162667121514,0.0
ARG_adapter,ARG,Q288,10,0.46414457578772106,0.23358007908194794,-1.1402069009776683,-0.8706125696655905,0.9527629508250941,0.0
ARG_adapter,ARG,Q43,3,0.6569208557121122,0.42375518604271456,-0.7308890723860493,-0.4109224010754084,-0.5624837511820737,0.0
ARG_adapter,ARG,Q50,10,0.6034938527643946,0.4137747687924771,-1.9490769522497082,-1.9063206981650853,0.3670747311269409,0.0
ARG_adapter,ARG,Q57,2,0.1334964153808782,0.028745212301579136,-0.36730845003496554,-0.14981380545375145,0.1334964153808782,1.0
ARG_adapter,ARG,Q58,4,0.1850040796621306,0.0454439740784891,0.24029584736084797,0.036422340482317794,0.14431602579730107,1.0
ARG_adapter,ARG,Q59,4,0.40808167342963797,0.16345297343730042,-1.1558435944719594,-0.5043585134326232,-0.005686731914380294,1.0
ARG_adapter,ARG,Q60,4,0.2856909400032271,0.1225908389297533,-0.8953738871300146,-0.3939887132764317,-0.17586793949124369,1.0
ARG_adapter,ARG,Q61,4,0.5712962243464856,0.2980295934875341,-1.0923316151581948,-0.4569225568178483,-0.7221695857826975,0.0
ARG_adapter,ARG,Q62,4,0.5004777863661486,0.2589658587361639,-1.538341306979734,-0.6855379569495952,-0.3481446733107987,1.0
ARG_adapter,ARG,Q63,4,0.46757540577013973,0.2215867393405165,-1.366587627465898,-0.6086083466319295,-0.4206459438835677,1.0
ARG_adapter,ARG,Q64,4,0.2402575668928934,0.08059917427724568,-0.5514728717752231,-0.337823060870446,-0.18389755068580094,1.0
ARG_adapter,ARG,Q69,4,0.4674860850630251,0.23972338375627125,-0.682911007280268,-0.3450234923323624,-0.7351104899234437,0.0
ARG_adapter,ARG,Q70,4,0.5699042911459004,0.33609006227999094,-0.5587950360551173,-0.2751571663827927,-0.9689747514381923,0.0
ARG_adapter,ARG,Q71,4,0.3581750076665399,0.2081970098985026,-0.8867283442247037,-0.4146647373466164,-0.2409150711420418,1.0
ARG_adapter,ARG,Q73,4,0.34704781072145485,0.22174247140115946,-0.49677218900316933,-0.23993903547415663,-0.670055991262891,0.0
ARG_adapter,ARG,Q81,4,0.33286217428043285,0.10943830465983322,-0.8836957731068869,-0.42172260867431294,-0.20627451346518333,1.0
ARG_adapter,ARG,Q99,3,0.8878917190439601,0.7317593538232857,0.3768640826376516,0.17816309938440106,1.7097544032621297,0.0
BRA_adapter,BRA,Q101,3,0.201933945099254,0.07080818076071557,0.4579754839411463,0.026327401852096588,0.15127257730546556,1.0
BRA_adapter,BRA,Q103,3,0.029596668776145994,0.008565278532028566,-0.021980442612408613,-0.10860555001334204,-0.03231063191368262,1.0
BRA_adapter,BRA,Q106,10,0.7299572458802428,0.5272227704462376,-1.3783595659044265,-2.78759180079929,0.3137026932200495,0.0
BRA_adapter,BRA,Q107,10,0.5364446212265546,0.34226776090204203,-0.5247004939795099,-2.041799132515425,0.2822806984213351,0.0
BRA_adapter,BRA,Q109,10,0.7115115100784822,0.508447888063535,-0.8843349813717776,-2.3865125893617782,1.4672616027236391,0.0
BRA_adapter,BRA,Q174,2,0.09985528273845748,0.04834205052279598,-0.4590376492399354,-0.2669403750531026,0.09985528273845756,1.0
BRA_adapter,BRA,Q176,10,0.557630138884327,0.36857075315053095,-0.966284248838678,-1.9527394077872722,1.4967405417125823,0.0
BRA_adapter,BRA,Q177,10,0.3004230746138211,0.14811233815220684,-1.6606390060653826,-2.0195552173107414,-1.3877942555314378,1.0
BRA_adapter,BRA,Q178,10,0.5875432496009203,0.35544868764835513,0.4542985949446279,-1.306204329160545,1.8546112831426536,0.0
BRA_adapter,BRA,Q179,10,0.1225171948599684,0.05610396143774973,-0.8713249298696425,-1.2535072375127638,-0.5088927362050579,1.0
BRA_adapter,BRA,Q195,10,0.5656803476528581,0.33958723789618983,-0.21167973293322007,-1.837243142921896,-0.12069763222130181,0.0
BRA_adapter,BRA,Q260,2,0.10404039995173592,0.008018007876670868,-0.047243309609327655,-0.016472370383593116,0.10404039995173564,1.0
BRA_adapter,BRA,Q275,9,0.7990641211505,0.5673043462244476,-1.7281557070624698,-1.0281055277231763,3.037381593779664,0.0
BRA_adapter,BRA,Q288,10,0.6157165912769056,0.4727405339837864,-1.7246089222538439,-1.5765055629961933,1.791046223533252,0.0
BRA_adapter,BRA,Q43,3,0.743327794120235,0.5022527631452689,-1.3917826170800291,-0.7310694007120323,-0.06189254350335438,0.0
BRA_adapter,BRA,Q50,10,0.7214185674471879,0.5331904171600943,-2.340257752412902,-2.303918302030199,-0.14014943056417994,0.0
BRA_adapter,BRA,Q57,2,0.0653977205302283,0.03057884827489131,-0.3404287729175432,-0.21624663944407563,0.0653977205302283,1.0
BRA_adapter,BRA,Q58,4,0.31866407984401035,0.10198333444720634,-0.4429418101385362,-0.24861006006670244,0.1077711635139349,0.0
BRA_adapter,BRA,Q59,4,0.5517549504947756,0.31338266177978186,-1.6605659358495024,-0.7698736370250248,-0.5270534021219233,1.0
BRA_adapter,BRA,Q60,4,0.46664038617864695,0.25176272171677405,-1.4695966991307126,-0.6340894008879453,-0.41070238800241965,1.0
BRA_adapter,BRA,Q61,4,0.48239657126405416,0.32778183967393765,-0.7047812941902221,-0.37253165787375236,-0.8490591974779704,0.0
BRA_adapter,BRA,Q62,4,0.5016395887816414,0.28108999866391055,-1.6161314597580656,-0.7441905781036936,-0.5144537267395051,1.0
BRA_adapter,BRA,Q63,4,0.6103855119181792,0.36479640576480943,-1.5213308084519843,-0.740619998092007,-0.8716404331110779,1.0
BRA_adapter,BRA,Q64,4,0.2992396689221117,0.15094936685878765,-0.5880229843349123,-0.3604782043178387,0.21386731948531512,1.0
BRA_adapter,BRA,Q69,4,0.32300348636360726,0.17422003206964323,-0.8116707184909082,-0.44548461707770004,-0.1326266404534593,1.0
BRA_adapter,BRA,Q70,4,0.3599424611449422,0.209052740132586,-0.8621718778800438,-0.4778089553055045,-0.11040946340617408,1.0
BRA_adapter,BRA,Q71,4,0.7158966583883396,0.48340594610803533,-1.229013051989157,-0.6413000434473279,-0.34755939801456703,0.0
BRA_adapter,BRA,Q73,4,0.6362560357665006,0.4492942019889896,-0.6936473831924369,-0.4035636972637483,-0.624470035611576,0.0
BRA_adapter,BRA,Q81,4,0.3320629997350274,0.1640008953039166,-1.0095132763819024,-0.499705172807134,-0.07212803434499193,1.0
BRA_adapter,BRA,Q99,3,0.142894372799995,0.04738534115555012,0.5212427760431264,0.16981636092059632,0.15134488424596446,1.0
CHN_adapter,CHN,Q101,3,0.883569617508027,0.6915139438019378,1.1303687903275952,0.40976522917756997,1.275599157678654,0.0
CHN_adapter,CHN,Q103,3,0.03281633385090226,0.00238255798398683,0.1360816356620544,0.0651536346238093,0.040907928194345425,1.0
CHN_adapter,CHN,Q106,10,0.6390218098687843,0.39921941928847143,-1.5698200799225261,-1.8649695817349117,-0.4041880903884305,0.0
CHN_adapter,CHN,Q107,10,0.4343762490173448,0.2063691775616016,-0.9879358550150577,-1.3843841263614005,-0.2986912700100497,1.0
CHN_adapter,CHN,Q109,10,0.6454830214071741,0.4679254488632264,-1.1346428404949604,-1.407309913952818,2.110797097936057,0.0
CHN_adapter,CHN,Q174,2,0.25486984738883844,0.14033091953777202,-0.8174836039969954,-0.42541446779319525,0.25486984738883844,1.0
CHN_adapter,CHN,Q176,10,0.5389113147410929,0.3540436325493802,-1.5751993459134095,-1.795070408958436,0.6212022048895474,0.0
CHN_adapter,CHN,Q177,10,0.6292706865710788,0.4081068984511812,-2.736007520252954,-2.1157960506703195,-2.345396109100136,1.0
CHN_adapter,CHN,Q178,10,0.595826928708878,0.33902023164381895,1.3834879595449832,1.5542570340283723,3.4115222068036197,1.0
CHN_adapter,CHN,Q179,10,0.1324068972492593,0.06573005173351709,-0.7943335789590954,-0.8203339966778627,-0.28008152291538346,1.0
CHN_adapter,CHN,Q195,10,0.4306471266646599,0.2493063282356141,-0.7861193133256208,-1.5336410627736083,-2.52421521836403,1.0
CHN_adapter,CHN,Q260,2,0.4100578268013213,0.15897234402338117,-0.580036364504266,-0.22094751720896338,0.4100578268013213,1.0
CHN_adapter,CHN,Q275,9,0.8369584335229032,0.6582263484082852,-2.1008610366097056,-1.654142033438678,3.4396911213268258,0.0
CHN_adapter,CHN,Q288,10,0.5337761110593419,0.34377892445175834,-1.5020509225796472,-1.2174680595361824,1.5181941364171152,0.0
CHN_adapter,CHN,Q43,3,0.8597250556468284,0.6881049616758637,-1.3118931178688475,-0.815777957514685,-0.3613992640518442,0.0
CHN_adapter,CHN,Q50,10,0.6403146122370569,0.4079933306895672,-1.927978409464372,-1.7361623344767447,-0.0823136057771805,0.0
CHN_adapter,CHN,Q57,2,0.35827779437194873,0.20089857427615998,-0.9226973949840055,-0.4362073282153909,-0.3582777943719486,1.0
CHN_adapter,CHN,Q58,4,0.006594986342050458,0.003174898513063173,-0.04119548046136057,-0.029688968642682334,-0.007174378707025975,1.0
CHN_adapter,CHN,Q59,4,0.3136276002369023,0.1665505761249399,-1.2203036555734024,-0.5179690374290737,-0.013038553748295767,1.0
CHN_adapter,CHN,Q60,4,0.22044465773237396,0.09167542147015287,-0.8764161135958953,-0.3307896147734719,-0.020207850961411422,1.0
CHN_adapter,CHN,Q61,4,0.854282802926451,0.6514082338615714,-1.134158812624407,-0.451669689321526,-1.0295218764015406,0.0
CHN_adapter,CHN,Q62,4,0.8013503594576408,0.6074367839424297,-1.4283976047341256,-0.6156185570070006,-1.029793628342701,0.0
CHN_adapter,CHN,Q63,4,0.8351928656058559,0.6530678904320677,-1.4138355465227346,-0.6166171068499935,-1.0890805150135385,0.0
CHN_adapter,CHN,Q64,4,0.5607627581886239,0.2911812499702046,-0.5188974653361105,-0.2299491529929606,-0.810325541838699,0.0
CHN_adapter,CHN,Q69,4,0.32369609253543985,0.10226257862546956,-0.8643731835202232,-0.3608262802497251,0.06805936619271713,1.0
CHN_adapter,CHN,Q70,4,0.3551489233652304,0.13969426701007764,-1.0053781367004542,-0.4072171971406875,0.13959817357355964,1.0
CHN_adapter,CHN,Q71,4,0.807863494706112,0.6262093229730021,-0.6581179959137191,-0.25438942534252096,1.2716371826737163,0.0
CHN_adapter,CHN,Q73,4,0.6138970083704779,0.4252105570780773,-0.4038226340985448,-0.15667189714942126,0.9801974310084081,0.0
CHN_adapter,CHN,Q81,4,0.29460382393649254,0.1413001760481381,-0.9817571186705305,-0.38599737752514035,-0.25923010184046413,1.0
CHN_adapter,CHN,Q99,3,0.8318878839882843,0.5986407885450553,1.1378391326365638,0.3779754148563175,1.1714713430299546,0.0
DEU_adapter,DEU,Q101,3,0.06565350812168756,0.010681910812932438,0.11615541347366176,-0.038965167776165766,0.01462163684584028,1.0
DEU_adapter,DEU,Q103,3,0.017173931808290455,0.001147174407982847,-0.08822156404399767,-0.06064425007315005,-0.025923227274661606,1.0
DEU_adapter,DEU,Q106,10,0.622514283084825,0.3799748629780787,-1.708209642320391,-1.8218833989808076,-0.31832816883092274,1.0
DEU_adapter,DEU,Q107,10,0.3635577213850357,0.16061161946024421,-0.5684012998634764,-0.8583582894062483,0.6498506254502638,0.0
DEU_adapter,DEU,Q109,10,0.6660548731808623,0.47288527707538075,-1.2725926581420914,-1.4390921302135102,1.8511240601496501,0.0
DEU_adapter,DEU,Q174,2,0.5555029599586743,0.34722443119783264,-0.9623824754362329,-0.44373940728604866,0.5555029599586743,0.0
DEU_adapter,DEU,Q176,10,0.6088654057047421,0.42761333445539995,-1.4494327549143973,-2.0601405654538727,-0.5423854663339354,0.0
DEU_adapter,DEU,Q177,10,0.16035132849830858,0.07981528660313678,-0.23336909072780365,0.21484181638861233,0.1025999342407562,1.0
DEU_adapter,DEU,Q178,10,0.8500241281046553,0.678135416941116,0.5889684732033429,-0.39938289550199535,3.5718412978940224,0.0
DEU_adapter,DEU,Q179,10,0.09898673154736017,0.061803294706945774,0.16838153775720988,0.6265628653016683,0.27493112616094106,1.0
DEU_adapter,DEU,Q195,10,0.7909937420210804,0.5981674251326652,-0.02591305403386457,-1.481624298094335,2.581394514685962,0.0
DEU_adapter,DEU,Q260,2,0.04843304538841589,0.0017026030925849332,-0.010638538809841669,-0.0036920610033199797,0.04843304538841564,1.0
DEU_adapter,DEU,Q275,9,0.8361244639465957,0.6155586044700041,-1.9963877897607427,-1.3707698991138724,1.9068831057571929,0.0
DEU_adapter,DEU,Q288,10,0.39320951383114927,0.17779293580097358,-1.0933099568776958,-0.8722145843709546,0.6346608781190017,0.0
DEU_adapter,DEU,Q43,3,0.8392474919314801,0.6241497337333818,-1.2446531496998159,-0.7693146325151257,0.07672520620009982,0.0
DEU_adapter,DEU,Q50,10,0.6458573629756067,0.4997692213969251,-1.8512096797602131,-1.6614332391801496,-0.9813597896034487,0.0
DEU_adapter,DEU,Q57,2,0.4581891476232727,0.2738207317026481,-0.9806881259610681,-0.4619814686727087,0.45818914762327245,1.0
DEU_adapter,DEU,Q58,4,0.7758815330352898,0.5045627029088854,-0.1877014012122955,-0.12495156853222972,0.7734238104394078,0.0
DEU_adapter,DEU,Q59,4,0.2665496635164849,0.10397754669262793,-0.9475804036347893,-0.36192794854066185,0.007165018920245458,1.0
DEU_adapter,DEU,Q60,4,0.28223364212115015,0.12204043274240411,-0.8648219181980066,-0.3385638187762811,0.21629563107503125,1.0
DEU_adapter,DEU,Q61,4,0.5041342070176149,0.2286255375668318,-0.878733810636524,-0.34071139895043223,-0.6574717631203022,0.0
DEU_adapter,DEU,Q62,4,0.37392850130431515,0.16415088376512538,-1.1481953212063283,-0.4648094938646037,-0.3603702002681515,1.0
DEU_adapter,DEU,Q63,4,0.35887791954371107,0.1519084786635121,-1.1172702475081417,-0.45006121621076717,-0.3296419625414124,1.0
DEU_adapter,DEU,Q64,4,0.21286508795794057,0.08212332242836248,-0.4826740795642064,-0.24979168467969814,-0.28102920642865836,0.0
DEU_adapter,DEU,Q69,4,0.2468583159472879,0.13602180582004225,-0.3853025167619133,-0.15796954139700392,0.40124102477182855,1.0
DEU_adapter,DEU,Q70,4,0.2280255812577444,0.1051002883666859,-0.5723856351668555,-0.24715008147297002,0.25631588875155265,1.0
DEU_adapter,DEU,Q71,4,0.4239161832887217,0.16756101907744353,-0.9657623139707372,-0.3832938439484531,0.22994027761792069,1.0
DEU_adapter,DEU,Q73,4,0.22428091835527225,0.06942078660025347,-0.5817183613859285,-0.24189217911385563,0.050681729173594814,1.0
DEU_adapter,DEU,Q81,4,0.19129813272856105,0.0678195647372562,-0.6566014336597719,-0.2586056043800863,-0.037225625212309765,1.0
DEU_adapter,DEU,Q99,3,0.02703643075843953,0.003015588386596911,0.04679813986633796,-0.032357800766353195,-0.004348692842607721,1.0
EGY_adapter,EGY,Q101,3,0.7894570573138193,0.5307630899611544,1.1178189772987195,0.4000612207975847,1.2188302177580193,0.0
EGY_adapter,EGY,Q103,3,0.20701703979675265,0.10320632647114297,0.9083553933743501,0.5936641683200596,0.33545123779825187,1.0
EGY_adapter,EGY,Q106,10,0.7839162935470543,0.5805878367340949,-1.457659557375546,-2.2529737867840254,-1.4168273277861125,0.0
EGY_adapter,EGY,Q107,10,0.596869538574828,0.3435931057551395,-0.7690590731882634,-1.672204646435813,-1.3242396339144644,0.0
EGY_adapter,EGY,Q109,10,0.7548268063255171,0.5829405676592813,-0.7280527875424196,-1.202386810256792,2.7421062072713114,0.0
EGY_adapter,EGY,Q174,2,0.5051879137277264,0.3103017625936094,-0.9855950164305961,-0.46400394306176385,0.5051879137277266,0.0
EGY_adapter,EGY,Q176,10,0.5818805574155437,0.3552315087985217,-1.2745099698662934,-1.7936773614603725,1.1249119718434253,0.0
EGY_adapter,EGY,Q177,10,0.28219372817872346,0.1421411209225073,-1.4633927142734018,-0.860483155175953,-0.7059464259515713,1.0
EGY_adapter,EGY,Q178,10,0.8130521331366012,0.6225503575822894,1.396572225064674,0.6798497633121667,4.408698490057176,0.0
EGY_adapter,EGY,Q179,10,0.04279416928270438,0.02004967864970971,-0.26887978165061543,-0.04978404259997171,-0.04724078378105623,1.0
EGY_adapter,EGY,Q195,10,0.5337709242508527,0.31814547081178784,-0.48814284324179935,-1.3482080429409085,-1.9213481223412927,0.0
EGY_adapter,EGY,Q260,2,0.26951257375979726,0.05636237957576998,-0.19104350912533152,-0.0678491671681618,0.2695125737597972,0.0
EGY_adapter,EGY,Q275,9,0.8303071081422041,0.634048450601821,-2.1758357442335976,-1.7943085420947504,3.3824122316830834,0.0
EGY_adapter,EGY,Q288,10,0.3321152666994386,0.16807927786772286,-1.0899126182064232,-0.7586807466739778,0.8184609934193272,1.0
EGY_adapter,EGY,Q43,3,0.9415965785845597,0.8431607978132828,-0.3375097805606021,-0.3462413036869546,-0.8592354018974147,0.0
EGY_adapter,EGY,Q50,10,0.71329304179509,0.4801438716025227,-1.9231707991940725,-1.8271755312300755,1.608240136042018,0.0
EGY_adapter,EGY,Q57,2,0.8005601090161627,0.5354863961078119,0.1672354899872469,0.07077885311782639,-0.8005601090161629,0.0
EGY_adapter,EGY,Q58,4,0.2573655190827637,0.08605245957617563,0.5205165952770068,0.17242146869881847,0.24444895780966136,1.0
EGY_adapter,EGY,Q59,4,0.47618545532169804,0.24872336862069755,-1.3344702486647426,-0.5768987474381921,0.1862327976181497,1.0
EGY_adapter,EGY,Q60,4,0.4244425401428134,0.16599446291616723,-0.8227522839751339,-0.3482580347806289,0.18263128466246492,0.0
EGY_adapter,EGY,Q61,4,0.7714759546839384,0.5232439739961846,-1.267973442291989,-0.5148146372632445,-1.0516682845673668,0.0
EGY_adapter,EGY,Q62,4,0.5454078801210699,0.32747618953603364,-1.6155428756875512,-0.7058926575847245,-0.5379113767569079,1.0
EGY_adapter,EGY,Q63,4,0.8103873973557885,0.6094528849291636,-1.449870788576528,-0.6287011721835171,-1.1502373234914294,0.0
EGY_adapter,EGY,Q64,4,0.32408116667361175,0.11028935033814492,-0.4852725049264033,-0.30919624686006564,0.2582390042064904,1.0
EGY_adapter,EGY,Q73,4,0.5554262683833022,0.36642390575647177,-0.3072197184779477,-0.1658302499391242,-0.8536691708121791,0.0
EGY_adapter,EGY,Q81,4,0.44319150684327063,0.21855823113581113,-1.2381334263445634,-0.6120037189871481,-0.5570772748617112,1.0
EGY_adapter,EGY,Q99,3,0.8142396935085972,0.6144622934673833,1.4352353963855247,0.6549531529859344,1.2888006267260244,0.0
GBR_adapter,GBR,Q101,3,0.8176114759794433,0.5978246654005368,-0.9187761645447845,-0.5119242514328575,1.535066128352619,0.0
GBR_adapter,GBR,Q103,3,0.7360645625459015,0.471663767022266,0.24630542219039075,0.21823138474909298,1.4626805859278742,0.0
GBR_adapter,GBR,Q106,10,0.6528313257190838,0.4274612143728583,-1.644428749844291,-2.0252807044763026,-0.5438564110893092,0.0
GBR_adapter,GBR,Q107,10,0.3116778064337642,0.16511407803121061,-0.7384176815049632,-1.0296589389460324,0.2345065545186218,0.0
GBR_adapter,GBR,Q109,10,0.5341637978906906,0.3593120348781819,-1.0848329204545757,-1.1456128584355358,1.547524123716956,0.0
GBR_adapter,GBR,Q176,10,0.5425141569970025,0.3697856858464943,-1.3607784579813442,-1.7458822665176679,-0.1287848790506958,0.0
GBR_adapter,GBR,Q177,10,0.2810657941711434,0.10050825236926156,0.49528989786445976,0.5480624238249574,0.9530958792789654,1.0
GBR_adapter,GBR,Q178,10,0.7476445322850037,0.5501839776952662,0.019987217339021868,-0.7657652471390382,3.27540282860604,0.0
GBR_adapter,GBR,Q179,10,0.23903595099024566,0.09433184612407403,0.5617190666934448,0.7649313832711782,0.8251160590447859,1.0
GBR_adapter,GBR,Q195,10,0.6004528650855177,0.401874000195978,-0.9203680090630675,-1.949999063446439,0.9538600776964872,0.0
GBR_adapter,GBR,Q260,2,0.1336081275510987,0.013301721253509272,-0.0662388426427154,-0.023143555087723255,0.13360812755109874,1.0
GBR_adapter,GBR,Q275,9,0.6881128005441773,0.5025640471369716,-1.7712041338407196,-1.398706569975525,2.057465486809633,0.0
GBR_adapter,GBR,Q288,10,0.6053199389613982,0.415923484220173,-1.7021934708238564,-1.5739198908389969,0.10268935314866035,0.0
GBR_adapter,GBR,Q43,3,0.5905891583300822,0.33535947246860576,-1.2845762593933694,-0.5685779742541671,0.21556974253584427,0.0
GBR_adapter,GBR,Q50,10,0.6400376669358235,0.3974604810120907,-1.9439517818350984,-1.6666903574177145,0.010814394586445175,1.0
GBR_adapter,GBR,Q57,2,0.5320534951991247,0.31852468126153477,-0.9376969634172543,-0.4169608440646539,-0.5320534951991249,0.0
GBR_adapter,GBR,Q58,4,0.09146721432469218,0.016550364700404274,0.020703706308151326,-0.03798994323460492,0.04775759058166007,1.0
GBR_adapter,GBR,Q59,4,0.3165424671403304,0.1270520040444415,-1.0912241783002572,-0.44430807633478864,0.007392692018356906,1.0
GBR_adapter,GBR,Q60,4,0.22917495336935906,0.04574920212918876,-0.2681802907652686,-0.09782103310907819,0.18061745156220899,0.0
GBR_adapter,GBR,Q61,4,0.4384963406331227,0.20411840967821887,-1.1597556988069444,-0.47263933527187696,-0.49846599308307926,1.0
GBR_adapter,GBR,Q62,4,0.26338982207488665,0.11434325285571537,-1.0648686156069067,-0.44127895137525763,-0.04177101181859322,1.0
GBR_adapter,GBR,Q63,4,0.22836280124915015,0.08851695995314389,-0.9438860398235203,-0.39395163780653686,-0.017505251935686417,1.0
GBR_adapter,GBR,Q64,4,0.2679804531162939,0.0972054978829375,-0.46657406295936976,-0.25080473770883216,-0.40169154633637083,0.0
GBR_adapter,GBR,Q69,4,0.24159032445004025,0.061392698198341464,-0.6271842764003073,-0.2811439438638413,-0.1231122609524582,1.0
GBR_adapter,GBR,Q70,4,0.2711367244287415,0.07544302583418655,-0.7218926092717154,-0.3199691497940351,-0.18916668805964232,1.0
GBR_adapter,GBR,Q71,4,0.32496154941030825,0.1825335983182819,-0.8765872666472809,-0.37628834112913156,-0.23827925776142056,1.0
GBR_adapter,GBR,Q73,4,0.31630727861417696,0.17390176157779813,-0.49203333820626094,-0.21925897615216272,-0.5463414422998714,0.0
GBR_adapter,GBR,Q81,4,0.28059152134749954,0.10150851347013844,-0.8050797252059605,-0.3290439130879213,-0.2071081924002507,1.0
GBR_adapter,GBR,Q99,3,0.9391761239995978,0.815259886880139,-0.5855302699028595,-0.3165150086082784,1.7983879050840357,0.0
GRC_adapter,GRC,Q101,3,0.014869949862194275,0.005485023916396072,-0.03370336461088891,-0.0867851587442352,-0.016485937979881397,1.0
GRC_adapter,GRC,Q103,3,0.01827477279683094,0.0025686790188613395,-0.11426919589228268,-0.09261064627290666,-0.026323475965821894,1.0
GRC_adapter,GRC,Q106,10,0.5697580237874068,0.3486808909601974,-1.3820515270013758,-1.5855231062123365,0.37512183738097526,1.0
GRC_adapter,GRC,Q107,10,0.499833215152073,0.29173142965408216,-0.5656544414873808,-0.6291789010819924,2.255661080150942,0.0
GRC_adapter,GRC,Q109,10,0.6260620740258263,0.39101025041424287,-1.2907169742429496,-1.4759392932301827,1.3918701423905127,1.0
GRC_adapter,GRC,Q174,2,0.1383207057513698,0.054166673249085695,-0.5173711144012711,-0.24896036784560416,0.13832070575136957,1.0
GRC_adapter,GRC,Q176,10,0.40879987522307193,0.19599652818005847,-1.048766248192794,-1.1734447488070099,-0.13634426160534385,0.0
GRC_adapter,GRC,Q177,10,0.2744311728355206,0.1474140971492478,-1.4109558304299417,-0.9660003302872802,-0.5980972761457488,1.0
GRC_adapter,GRC,Q178,10,0.2820536087111394,0.11298076930734839,-0.7424577664413323,0.47163258510317174,-0.059629269143023134,1.0
GRC_adapter,GRC,Q179,10,0.05953472654112685,0.027203225446176555,-0.4116347447914492,-0.3502166813413825,-0.12127725226880082,1.0
GRC_adapter,GRC,Q195,10,0.7369985947603528,0.48561984750320664,-0.06524842242376083,-0.8417042861457262,2.5711251249807545,0.0
GRC_adapter,GRC,Q260,2,0.0851799211362902,0.0052415261764972056,-0.003950908213933402,-0.0013710048455747303,-0.08517992113629025,0.0
GRC_adapter,GRC,Q275,9,0.6468659277635057,0.37990001214112457,-1.2781903753105,-0.5304045430511446,2.4922377537153535,0.0
GRC_adapter,GRC,Q288,10,0.4229766369136733,0.2378300468883333,-0.8817929577031611,-0.8032372447275823,1.3368873790644793,0.0
GRC_adapter,GRC,Q43,3,0.20610723823592647,0.07412996227347031,-0.09555925894875172,-0.23722813796298958,0.1802051648680063,1.0
GRC_adapter,GRC,Q50,10,0.5812502969111762,0.33603842951601814,-1.6469528641482005,-1.5175646352325116,0.5357918703218445,0.0
GRC_adapter,GRC,Q57,2,0.08491129264655642,0.042503351191924985,-0.4158725971780317,-0.2603901860992983,0.0849112926465565,1.0
GRC_adapter,GRC,Q58,4,0.8402090770755256,0.6131861157200307,0.9476632213940157,0.337426802005886,1.1826585147683133,0.0
GRC_adapter,GRC,Q59,4,0.28163998467577817,0.09322324217101495,-0.47827603418278297,-0.23931328871046575,0.36799162100629035,0.0
GRC_adapter,GRC,Q60,4,0.22989941181348617,0.1098892815187539,-0.2525972997578654,-0.12465105845222402,0.43854858456124224,1.0
GRC_adapter,GRC,Q61,4,0.3900074755067876,0.20471388287588693,-0.7368079852872231,-0.2910258690423972,-0.4131570312162762,1.0
GRC_adapter,GRC,Q62,4,0.25126097704529016,0.09621591888249678,-0.25781513617666674,-0.14010116288238028,-0.45168764101334746,1.0
GRC_adapter,GRC,Q63,4,0.2871420547022357,0.13078745681776377,-0.3837885613383314,-0.18994744911134454,-0.4815558752174156,1.0
GRC_adapter,GRC,Q64,4,0.5159874043053005,0.23815149629256754,-0.7282080179819721,-0.3739779470393817,0.7618978577799513,0.0
GRC_adapter,GRC,Q69,4,0.6344454781334536,0.33047624855950075,-1.0160122696003153,-0.424899103007727,0.7238226758638491,0.0
GRC_adapter,GRC,Q70,4,0.5731906020607955,0.26799877013506845,-1.0551304824785117,-0.44090509495932484,0.502564952173683,0.0
GRC_adapter,GRC,Q71,4,0.5765019478506583,0.3191016427997,-1.172836353853232,-0.5104169556450965,-0.3538398287875282,0.0
GRC_adapter,GRC,Q73,4,0.5107275664562855,0.2498935737985733,-1.0048560276961045,-0.42081433698874454,-0.3150897934064476,0.0
GRC_adapter,GRC,Q81,4,0.40372210751345,0.1398994356071359,-0.8278097624038961,-0.35461413463713565,0.27910735132461095,0.0
GRC_adapter,GRC,Q99,3,0.009241915902115006,0.001730157674927105,-0.00046026879085814265,-0.034879745535895096,-0.003595055636215802,1.0
IDN_adapter,IDN,Q101,3,0.4594329374801424,0.17355543151092134,0.15802313534186263,-0.1279083631297444,0.6569224714694551,0.0
IDN_adapter,IDN,Q103,3,0.0344371996864866,0.002052955608801435,0.09686726754181496,0.06979224429738473,0.06816976658937685,1.0
IDN_adapter,IDN,Q106,10,0.7627644621117592,0.5485869078419596,-1.4676560317343252,-2.2227632607930468,-1.478618369399575,0.0
IDN_adapter,IDN,Q107,10,0.6027506834051853,0.35389272565581076,-0.7404301997864167,-1.625689831057176,-1.5611211222440575,0.0
IDN_adapter,IDN,Q109,10,0.6704647138277922,0.47924313767548343,-1.3844172862313406,-2.296085292947824,0.8385305900139519,0.0
IDN_adapter,IDN,Q174,2,0.42721748709701135,0.25103890845516164,-0.9710120331356578,-0.45904737914756893,0.42721748709701135,1.0
IDN_adapter,IDN,Q176,10,0.5764914835534237,0.3615921579499921,-1.3115479110380754,-1.9985971894721268,0.6966740086240852,0.0
IDN_adapter,IDN,Q177,10,0.5880054414596655,0.36141567485446446,-2.600147579805796,-2.061443779180263,-2.263764469970796,1.0
IDN_adapter,IDN,Q178,10,0.7076380800330745,0.45473672675359156,0.40305575057615606,-0.7089911672382767,3.2019185802682566,0.0
IDN_adapter,IDN,Q179,10,0.22982964540550538,0.11720643853447078,-1.280947503623389,-1.0949951153440827,-0.5645765343346858,1.0
IDN_adapter,IDN,Q195,10,0.5797099144556557,0.3050162722884414,-0.21290161620873516,-1.2488731269093662,1.2920949424872568,0.0
IDN_adapter,IDN,Q260,2,0.25144060279682523,0.04960849015341104,-0.19657046219824081,-0.06985033486046277,0.25144060279682523,1.0
IDN_adapter,IDN,Q275,9,0.9303398441107256,0.8087656465555195,-2.217070839459254,-1.3810391338077783,3.958532921255375,0.0
IDN_adapter,IDN,Q288,10,0.5653206733053747,0.4025909609979486,-1.671238680194281,-1.7620451429069037,1.4612399993065646,0.0
IDN_adapter,IDN,Q43,3,0.8818732420907366,0.6916067570587461,-1.1444461497550595,-0.787576447659651,-0.0350645926495563,0.0
IDN_adapter,IDN,Q50,10,0.7123660932427989,0.49308907635520166,-1.939582893666745,-2.135949428235336,-0.1859764399173125,0.0
IDN_adapter,IDN,Q57,2,0.8310962250270026,0.5921194328270957,0.26575234899712763,0.11758123629940176,-0.8310962250270026,0.0
IDN_adapter,IDN,Q58,4,0.0660104822808127,0.024132808257397075,-0.16497636977772512,-0.1024664156495208,-0.024202780327810647,1.0
IDN_adapter,IDN,Q59,4,0.48990198185262485,0.2630551848501387,-1.4417573833002901,-0.5980044760537143,-0.32642258748584574,1.0
IDN_adapter,IDN,Q60,4,0.4852213211207664,0.3025747112240126,-1.1706012703114164,-0.4953849154723573,-0.6440373048649699,1.0
IDN_adapter,IDN,Q61,4,0.8782842248341087,0.6981365033758735,-1.1213789939888388,-0.4973739670189824,-1.3581105131900557,0.0
IDN_adapter,IDN,Q62,4,0.7126061659867173,0.4894084948864621,-1.6513873304936835,-0.7364260515576765,-0.8936709429350007,0.0
IDN_adapter,IDN,Q63,4,0.8061417505045164,0.6006803570963599,-1.5409050615628217,-0.6983149643265553,-1.139552636555333,0.0
IDN_adapter,IDN,Q64,4,0.7873458822827506,0.5354503603809553,0.6310780463373762,0.18834117630494235,1.1177978795577277,0.0
IDN_adapter,IDN,Q69,4,0.38774672538328087,0.1395727674143106,-0.9089384216357635,-0.42457552227381234,-0.03927721200053602,1.0
IDN_adapter,IDN,Q70,4,0.3462702515419164,0.15464340373726604,-0.8136823905056486,-0.3866523255532274,0.17353946339604587,1.0
IDN_adapter,IDN,Q71,4,0.6402437978240108,0.388384281955203,-0.9495822652439292,-0.4162674530154267,0.9552432443239611,0.0
IDN_adapter,IDN,Q73,4,0.2565150752680878,0.1292010278008483,-0.7926136618210302,-0.37467440888045134,0.15848930553583696,1.0
IDN_adapter,IDN,Q81,4,0.45213044324287827,0.17725663441328843,-0.9057153050546055,-0.40313357888118373,0.21730625477161292,1.0
IDN_adapter,IDN,Q99,3,0.4935012032615951,0.1890675316774454,0.25780742346350816,-0.04996350803515959,0.769456535485254,0.0
IND_adapter,IND,Q101,3,0.29045236393717994,0.129621701567927,-1.0261768719012156,-0.519157007982003,-0.4012577871635358,1.0
IND_adapter,IND,Q103,3,0.40723741812583747,0.21759967685738474,-1.2963395073047648,-0.6971291031140782,-0.6419075543161498,1.0
IND_adapter,IND,Q106,10,0.7106143571719448,0.4965061986588761,-1.1436057779009683,-2.029359627102454,-1.4348322207811632,0.0
IND_adapter,IND,Q107,10,0.4523787076267731,0.23451148576522618,-0.6021843765037427,-1.4120989057936368,0.4777829544115857,0.0
IND_adapter,IND,Q109,10,0.6131875049325922,0.3896365497248305,-1.439409473697958,-2.164278270205733,0.4642217879901338,0.0
IND_adapter,IND,Q174,2,0.2902618014468893,0.14254151115252361,-0.8052093265824263,-0.3625641244753386,0.2902618014468892,1.0
IND_adapter,IND,Q176,10,0.5896446336468674,0.36173660486493203,-0.9874813159044629,-1.6049150248880222,-1.3972718304264173,0.0
IND_adapter,IND,Q177,10,0.4547935102702403,0.2670054390137625,-2.290457071109821,-2.1411297763755965,-1.6351205067453132,1.0
IND_adapter,IND,Q178,10,0.22351429956766838,0.09565602602700539,-0.4519907203720477,0.6628528439917103,0.3167775868905829,1.0
IND_adapter,IND,Q179,10,0.27053250202960366,0.1382065352972588,-1.5201370979392252,-1.44003690633448,-0.8242125649585559,1.0
IND_adapter,IND,Q195,10,0.6331271920327901,0.35695901092218074,-0.6065359896693252,-1.708130640722867,1.168892013155752,0.0
IND_adapter,IND,Q260,2,0.020237220794939864,0.00029597131082451014,-0.0024648752384212047,-0.0008545729347264608,-0.020237220794939947,1.0
IND_adapter,IND,Q275,9,0.6006308374368111,0.3160847494530495,-1.3672005380644046,-0.5419094021591238,1.9285685422499368,0.0
IND_adapter,IND,Q288,10,0.4729649216503972,0.2643574622348114,-1.2823917380461511,-1.5735284620907088,0.2469312835617794,0.0
IND_adapter,IND,Q43,3,0.22819025826690234,0.08480508748371562,-0.1397838825480726,-0.2733155115188656,0.27486587283401853,1.0
IND_adapter,IND,Q50,10,0.6744951149210613,0.4500721838129543,-1.7547505774214989,-1.8946396674069552,-0.9244622096973307,0.0
IND_adapter,IND,Q57,2,0.17107274649970394,0.08993903720815992,-0.6566572675417263,-0.3588303625651865,0.17107274649970394,1.0
IND_adapter,IND,Q58,4,0.8138149811582148,0.5614759966686094,0.7474894098361702,0.14743970071882673,1.168437117078325,0.0
IND_adapter,IND,Q59,4,0.5161277654324798,0.28210479957897816,-0.4817428322183863,-0.2957957222821149,0.7630888559905606,0.0
IND_adapter,IND,Q60,4,0.3177883614747249,0.1470966395825713,-0.46305698507777593,-0.25935085513146006,0.46166791851282185,1.0
IND_adapter,IND,Q61,4,0.5524004177823476,0.28712579538215716,-1.310838983356378,-0.6454841427187444,0.03430343167931316,1.0
IND_adapter,IND,Q62,4,0.359972367939623,0.13101811236883742,-0.5796988166562729,-0.3531654402253642,0.2790245189346159,0.0
IND_adapter,IND,Q63,4,0.37291025569081876,0.1696774941114984,-0.7383723585742985,-0.43919505884111976,-0.1453844489891738,1.0
IND_adapter,IND,Q64,4,0.7847552245947836,0.5777501767398074,-0.1477120778887142,-0.24005138983132346,1.551114756627362,0.0
IND_adapter,IND,Q69,4,0.6836653799567918,0.4098066250860601,-1.304845832135276,-0.6764007262024788,0.7857921591000134,0.0
IND_adapter,IND,Q70,4,0.7341264293428068,0.4698028000471407,-1.2318226933715206,-0.6292029690318204,0.9763544258281893,0.0
IND_adapter,IND,Q71,4,0.7579323286145058,0.5103106201956843,-1.6449114551979824,-0.7994930825898648,0.7840223752582567,0.0
IND_adapter,IND,Q73,4,0.7792978339517985,0.5296762495696744,-1.3900746464167528,-0.6951654775502494,0.9814421868638004,0.0
IND_adapter,IND,Q81,4,0.6670387583324489,0.3985526739566638,-1.002722523428174,-0.5395722885770027,0.8200156372718586,0.0
IND_adapter,IND,Q99,3,0.2972780533105493,0.13435707236786326,-1.0470184131861222,-0.5318488880285097,-0.4154597200452567,1.0
JPN_adapter,JPN,Q101,3,0.19520478478402745,0.06779508512396769,0.7179945743198114,0.3028762584440217,0.23914216623128096,1.0
JPN_adapter,JPN,Q103,3,0.04019632093586828,0.008191806615273106,0.1773754678016864,0.040337567599674995,0.036485363316502095,1.0
JPN_adapter,JPN,Q106,10,0.39681249159731297,0.1821229226014763,-1.2049880105904451,-1.220598966176439,0.1512216885821145,1.0
JPN_adapter,JPN,Q107,10,0.6904920464065094,0.44464230752027073,0.0027385330846727562,0.01451258175704262,2.867661496105824,0.0
JPN_adapter,JPN,Q109,10,0.5575435377648937,0.3495666753840384,-0.8993430197386518,-1.3303541259836593,0.997368671245475,1.0
JPN_adapter,JPN,Q174,2,0.2168726870234129,0.11101706195334321,-0.7350217466558948,-0.36555844197722254,0.216872687023413,1.0
JPN_adapter,JPN,Q176,10,0.44963564600789957,0.26576838874719855,-0.7906381517320522,-0.9140757403296687,1.1576779672675235,1.0
JPN_adapter,JPN,Q177,10,0.28023800098930735,0.14449022347273605,-1.4428947913581571,-0.9879594845967692,-0.6928536136944203,1.0
JPN_adapter,JPN,Q178,10,0.4410884006746411,0.2317749968677778,1.5306325355805832,1.950437974494442,2.391244812726192,1.0
JPN_adapter,JPN,Q179,10,0.03058261965869025,0.016547815231747184,-0.14646703772199338,-0.02854937613123998,-0.020696547155456768,1.0
JPN_adapter,JPN,Q195,10,0.5961389658378639,0.39951164851676524,-0.6978387845387206,-1.6458799764370984,-1.678076727239315,0.0
JPN_adapter,JPN,Q260,2,0.09514137633014949,0.006546502082977905,0.009013535550878693,0.003129169444532731,-0.09514137633014963,0.0
JPN_adapter,JPN,Q275,9,0.68131341035399,0.4397281607644446,-1.4965481881009546,-0.9849008063379597,1.678203697036702,0.0
JPN_adapter,JPN,Q288,10,0.6306419166059156,0.4178720807226988,-1.1942198329082019,-1.673635844442416,1.6890443522093603,0.0
JPN_adapter,JPN,Q43,3,0.5521123596954607,0.2471188420809624,-0.7023084158325381,-0.33405472705638944,-0.3918781560093665,0.0
JPN_adapter,JPN,Q50,10,0.5980122877313828,0.37556339844685427,-1.7410545241762398,-1.6054638573374649,-0.2811687984125806,0.0
JPN_adapter,JPN,Q57,2,0.35541911831858,0.20322710904165675,-0.9325097840048555,-0.45530200601404053,0.35541911831858,1.0
JPN_adapter,JPN,Q58,4,0.6046719193230841,0.3016923355349642,0.01551964755045776,-0.02040944321407362,0.690391231720364,0.0
JPN_adapter,JPN,Q59,4,0.08696258412594875,0.01795155680129805,-0.33211926224191957,-0.132045483652953,-0.05327504523290516,1.0
JPN_adapter,JPN,Q60,4,0.11384287981792007,0.028170958981742194,-0.4183033541613229,-0.16511611593398678,0.06826760132356657,1.0
JPN_adapter,JPN,Q61,4,0.30853492119692916,0.19022479007691673,-0.3230867515565896,-0.11589945479396613,-0.5697150144748968,1.0
JPN_adapter,JPN,Q62,4,0.662440379555074,0.37185408901394407,-0.8376228371081021,-0.3303825247825672,-0.9376116460705903,0.0
JPN_adapter,JPN,Q63,4,0.5541988134902153,0.25526259848942645,-0.5853542862009441,-0.2232925343937709,-0.7259980744161876,0.0
JPN_adapter,JPN,Q64,4,0.39450631246436996,0.17537392742274802,-0.09410547957180104,-0.04509158880799702,-0.6086007856986169,1.0
JPN_adapter,JPN,Q69,4,0.5302015686344493,0.23755688911834838,-0.3727953740728551,-0.14241593073427428,0.6511366520198534,0.0
JPN_adapter,JPN,Q70,4,0.5697140067616108,0.28697852768716015,-0.35596099038166695,-0.1408686885253061,0.7291292076154374,0.0
JPN_adapter,JPN,Q71,4,0.46148649632686456,0.195768240738926,-1.0849054042114852,-0.4170200227115521,0.29284125435357344,1.0
JPN_adapter,JPN,Q73,4,0.3030360858651166,0.0855766147304767,-0.6959973807837205,-0.25812966379321056,0.0873544457425206,1.0
JPN_adapter,JPN,Q81,4,0.1405912222072599,0.061976170174531685,-0.4471527335974119,-0.19259111303699672,-0.21171782311964193,0.0
JPN_adapter,JPN,Q99,3,0.2097967827134354,0.09015430875685987,0.8713696922002134,0.49784560997158794,0.31107196554007227,1.0
MEX_adapter,MEX,Q101,3,0.15145684409278978,0.04684605811323713,-0.6232323666033671,-0.33307361465720975,-0.2097958065285337,1.0
MEX_adapter,MEX,Q103,3,0.1711645168880918,0.06270754852613394,-0.7183775708473801,-0.36711755779803734,-0.23224579310833005,1.0
MEX_adapter,MEX,Q106,10,0.6515444706912583,0.4496119007944073,-1.4901293583072575,-2.443776285252727,-0.23083878471043118,0.0
MEX_adapter,MEX,Q107,10,0.4154315952579453,0.22060406892074724,-0.9006329674302402,-1.5973255846380123,-0.011577267585975548,1.0
MEX_adapter,MEX,Q109,10,0.6288658039385399,0.41339770902399964,-1.299752372410079,-2.1654198997938616,1.0244926063711315,0.0
MEX_adapter,MEX,Q174,2,0.11521567146533146,0.032651900468192364,-0.4050443219044373,-0.18294397223171222,0.11521567146533163,1.0
MEX_adapter,MEX,Q176,10,0.564481711848375,0.34116942622553426,-1.3813025615071457,-1.9312692381613012,-0.22298734335353476,1.0
MEX_adapter,MEX,Q177,10,0.5141782236385265,0.25509851835071296,-1.7116482295399162,-1.4000506902773509,-2.757845722386265,1.0
MEX_adapter,MEX,Q178,10,0.4877612500838155,0.2143434985303103,-0.3281827057752693,-1.2849626195125918,0.7761992377688038,0.0
MEX_adapter,MEX,Q179,10,0.19169112132971758,0.07562849749099253,-0.8493582432478468,-0.4907270155314536,-0.5340779152885189,1.0
MEX_adapter,MEX,Q195,10,0.7190654211429339,0.46787355147380216,-0.47884438414560027,-2.041649917130822,1.4865679875545945,0.0
MEX_adapter,MEX,Q260,2,0.0221362041414207,0.0003536708514550301,0.0014143366585720463,0.000490251880697179,-0.022136204141420812,0.0
MEX_adapter,MEX,Q275,9,0.6472920570586691,0.3985558365753019,-1.2168329658819876,0.024621238840051296,1.9166520536288694,0.0
MEX_adapter,MEX,Q288,10,0.6072057736396695,0.37348666156995536,-1.5253963848257386,-1.66284708355284,1.375728078818871,0.0
MEX_adapter,MEX,Q43,3,0.7163361690576134,0.442626851945645,-1.2172487271693067,-0.6506341727069741,-0.03230693649751393,0.0
MEX_adapter,MEX,Q50,10,0.7022678644132228,0.4970678920437273,-1.8277594406026594,-1.850622941628652,-1.0562303700735152,0.0
MEX_adapter,MEX,Q57,2,0.08472042743291945,0.023985220582299304,-0.34150832329017516,-0.16548691220169037,0.08472042743291941,1.0
MEX_adapter,MEX,Q58,4,0.7197556672970277,0.4534682899460988,-0.5779940606615417,-0.3461126688058512,0.6427310610361312,0.0
MEX_adapter,MEX,Q59,4,0.5371812606149294,0.2612987916223019,-1.322306435475494,-0.5905546564105348,-0.42577260482190216,1.0
MEX_adapter,MEX,Q60,4,0.6046996445375428,0.3285907067903052,-1.4010796358200304,-0.617739964446834,-0.610102875988344,0.0
MEX_adapter,MEX,Q61,4,0.593651356132199,0.4594253888242077,-0.5529851058084609,-0.3054603373657951,-1.1199902052876447,0.0
MEX_adapter,MEX,Q62,4,0.6970081883109671,0.43368945004216153,-1.435182593578578,-0.6643945599270479,-0.9335231867950045,0.0
MEX_adapter,MEX,Q63,4,0.7433888597450641,0.496879467887274,-1.2817790332317536,-0.6362337259083344,-1.125290416727461,0.0
MEX_adapter,MEX,Q64,4,0.4059805836268784,0.1900874553804331,-0.679658010245932,-0.4462142535907828,0.4413095677254706,0.0
MEX_adapter,MEX,Q69,4,0.5085132551100264,0.33788116790012446,-0.6341680310394435,-0.3886282395955094,-0.7980653678832268,0.0
MEX_adapter,MEX,Q70,4,0.5055219488066967,0.3134916208070442,-0.6431024359364932,-0.3947556336752235,-0.6773034548585133,0.0
MEX_adapter,MEX,Q71,4,0.5772303019108468,0.3787133187391203,-0.9206804514971171,-0.48841480524983283,-0.4711193171944039,0.0
MEX_adapter,MEX,Q73,4,0.5625172193838035,0.34226975991278297,-0.5754696692921837,-0.32668336029051115,-0.6456584369132048,0.0
MEX_adapter,MEX,Q81,4,0.38767411547100095,0.21456969966516345,-0.9292830601233348,-0.5159204959982268,-0.2288655207255723,1.0
MEX_adapter,MEX,Q99,3,0.13279345659429487,0.04155721625170261,-0.5775234258712048,-0.31262652745322994,-0.17845566808723062,1.0
NGA_adapter,NGA,Q101,3,0.5561032640785086,0.2435632041639649,0.48419750938966755,0.12558902231931035,0.9282855982080938,0.0
NGA_adapter,NGA,Q103,3,0.2274061198054088,0.043257700892492604,0.3360881893971708,0.1545061848291509,0.4093912234363899,1.0
NGA_adapter,NGA,Q106,10,0.7714544083844984,0.6046712490029285,-1.043859016725807,-2.1420727989228805,-2.0557740240492954,0.0
NGA_adapter,NGA,Q107,10,0.5565285933333141,0.36487150329952445,-0.4824046814143319,-1.7915041908817468,-0.7767833462385463,0.0
NGA_adapter,NGA,Q109,10,0.7057553871171305,0.4927744249532327,-1.048780844682557,-1.9974995450016233,1.5136830433076733,0.0
NGA_adapter,NGA,Q174,2,0.3546610625830734,0.1609789262664807,-0.7784089568069061,-0.32270777760552816,0.3546610625830733,1.0
NGA_adapter,NGA,Q176,10,0.531579123168895,0.29505310146053954,-1.0906454907198548,-1.8075589067128806,0.6868611851973183,0.0
NGA_adapter,NGA,Q177,10,0.2363430903870174,0.09893330022277369,-0.7426828695984302,-0.2218372350864437,-0.32780833912407825,1.0
NGA_adapter,NGA,Q178,10,0.850681211093019,0.6857404174190631,0.8693337884544012,-0.4869958788746742,3.9666245197298067,0.0
NGA_adapter,NGA,Q179,10,0.6763611314285575,0.40559499273170535,1.3585631414549806,0.46611570289810045,2.784227643862012,0.0
NGA_adapter,NGA,Q195,10,0.7940169815059918,0.6093938748930205,-0.06301661993012564,-1.3628581063625158,3.152268563986488,0.0
NGA_adapter,NGA,Q260,2,0.03651303612055834,0.000964253619846157,-0.005191368778309058,-0.0018003217692807993,-0.03651303612055834,1.0
NGA_adapter,NGA,Q275,9,0.8859456276721376,0.8233662557594718,-1.1718394167018304,-1.2002416533153686,3.529039436125751,0.0
NGA_adapter,NGA,Q288,10,0.5906410903913807,0.35990416491944655,-1.0181444579690064,-1.0037440710114733,1.865719261516352,0.0
NGA_adapter,NGA,Q43,3,0.4446386788603643,0.20637054161312418,-0.23701685604507694,-0.3330269478029316,-0.30524202937291456,0.0
NGA_adapter,NGA,Q50,10,0.6423495184122926,0.4446760804859157,-1.660362946502694,-1.9283919290164973,1.4024306774451327,0.0
NGA_adapter,NGA,Q57,2,0.11587223616170253,0.040724041777178706,-0.44760667907788654,-0.21583249562091572,0.11587223616170239,1.0
NGA_adapter,NGA,Q58,4,0.22682297014393277,0.0405258575007346,-0.0926572593256807,-0.12334092310109612,0.10652983113281977,0.0
NGA_adapter,NGA,Q59,4,0.2947930675288294,0.07814221772408199,-0.6433525565308218,-0.34444350764032494,-0.15791878287161598,1.0
NGA_adapter,NGA,Q60,4,0.3453259015801878,0.1418470093037989,-0.7470775886801666,-0.3854332821007085,-0.5137041854604001,1.0
NGA_adapter,NGA,Q61,4,0.42401760834248553,0.2538199531309577,-0.714513652009297,-0.378552086039595,-0.6800043421418245,0.0
NGA_adapter,NGA,Q62,4,0.5064597154714967,0.22955279632520464,-1.055218335750463,-0.504769906522319,-0.6234111086039715,0.0
NGA_adapter,NGA,Q63,4,0.545070319109282,0.2801500757253652,-0.9099850197117777,-0.4434261695681182,-0.8306171038572847,0.0
NGA_adapter,NGA,Q64,4,0.5483473881652174,0.24569088824950697,0.4236364975990239,0.046094152145397915,0.9143799253023863,0.0
NGA_adapter,NGA,Q69,4,0.42896815734053184,0.23565350949236313,-0.46439617578035275,-0.34762405565297927,-0.6426202115109083,0.0
NGA_adapter,NGA,Q70,4,0.27524166787468524,0.10863078742560164,-0.5824972759027225,-0.34508950116282966,-0.21353199268548684,0.0
NGA_adapter,NGA,Q71,4,0.42330115442136845,0.1917594413570078,-1.0069201497872975,-0.5131497991514773,0.09282006023960987,1.0
NGA_adapter,NGA,Q73,4,0.26732012014099016,0.10061056861501914,-0.5429077019011654,-0.2915206257700249,-0.21595543280409046,1.0
NGA_adapter,NGA,Q81,4,0.3172228238646608,0.11460084917606324,-0.5928707464524552,-0.35912983123382247,0.1389989423483886,1.0
NGA_adapter,NGA,Q99,3,0.553908603363745,0.2535818684302432,0.4733778317709574,0.18553323143341227,1.0090996213888135,0.0
NLD_adapter,NLD,Q101,3,0.854312209752681,0.662809884250785,-0.11606254211125278,0.025655422404548656,1.6519504844823207,0.0
NLD_adapter,NLD,Q103,3,0.6516798306492935,0.41111199918509483,0.8935402476547973,0.6507084971870256,1.2773523746318707,0.0
NLD_adapter,NLD,Q106,10,0.55726754651113,0.32140114126488434,-1.5519468063389406,-1.6939331581696893,0.19384055036434678,1.0
NLD_adapter,NLD,Q107,10,0.2865956261565546,0.10751515301284179,-0.4171034216889242,-0.4775507294439767,0.48953125567749467,0.0
NLD_adapter,NLD,Q109,10,0.4152191112032916,0.20966867293185293,-1.0958574146643856,-1.0210063848591564,0.5922034973056078,1.0
NLD_adapter,NLD,Q174,2,0.3941822222108766,0.21441518784445907,-0.9124501895096899,-0.40762397418690816,0.3941822222108766,1.0
NLD_adapter,NLD,Q176,10,0.5290196046597432,0.2949203965841129,-1.412270189681882,-1.3894128332677056,-0.022926499046665327,1.0
NLD_adapter,NLD,Q177,10,0.7185188165644941,0.4586713823418007,1.5311209255578027,0.6847762632206804,3.120109993223701,0.0
NLD_adapter,NLD,Q178,10,0.8133585418589917,0.6734926849514475,0.10265648419500106,-0.5221455674801907,3.956798467523121,0.0
NLD_adapter,NLD,Q179,10,0.839177264731698,0.6330931794073957,1.447386866223308,0.513085640609884,3.3653324981474007,0.0
NLD_adapter,NLD,Q195,10,0.6541611008035881,0.45933406746237515,-0.6968198877549439,-1.6940846406465533,2.4314434284335102,0.0
NLD_adapter,NLD,Q260,2,0.02126405727243741,0.00032918565039780166,-0.005871406544111446,-0.002038138107225862,0.02126405727243741,1.0
NLD_adapter,NLD,Q275,9,0.6355498568099561,0.4020482994479462,-1.9612786645587024,-1.448109800338319,1.3867064244423046,1.0
NLD_adapter,NLD,Q288,10,0.5684920641720316,0.3783436369549381,-1.6237740798502243,-1.8574165067175703,0.30186692547565475,0.0
NLD_adapter,NLD,Q43,3,0.5698367633026808,0.28971743766278185,-1.1394522081725207,-0.5225949628255278,0.09892622799880058,0.0
NLD_adapter,NLD,Q50,10,0.573841394739521,0.3112907340111929,-1.41840948142629,-1.1194759710693378,-0.5150588579636617,0.0
NLD_adapter,NLD,Q57,2,0.09372938641506379,0.007066080268274259,-0.08935620974291048,-0.03159271691046728,-0.0937293864150639,1.0
NLD_adapter,NLD,Q58,4,0.43281524872187466,0.1580782809546334,0.2168847948846777,-0.02284922747123941,0.37066935336439366,0.0
NLD_adapter,NLD,Q59,4,0.44981620797000804,0.21616635862571604,-1.1117387674563637,-0.4821183524525269,0.26345916262153635,1.0
NLD_adapter,NLD,Q60,4,0.4905684006854504,0.1950315288022368,-0.521217345479906,-0.21264393686502586,0.43405524554901764,0.0
NLD_adapter,NLD,Q61,4,0.3141358393560887,0.12408826881996178,-1.0653858027474752,-0.43949040036943177,-0.27789578452630703,1.0
NLD_adapter,NLD,Q62,4,0.3603544987144145,0.17006732666463248,-1.276633856957568,-0.5364767659400073,-0.0002651812605609649,1.0
NLD_adapter,NLD,Q63,4,0.3259140903279009,0.13845858827592405,-1.1658369788574212,-0.48277980948527294,-0.028671764717008053,1.0
NLD_adapter,NLD,Q64,4,0.5130761448053272,0.24266797815623414,-0.370571160265448,-0.20498466352851563,-0.8547801675032138,0.0
NLD_adapter,NLD,Q69,4,0.1428030625645817,0.031095037840923215,-0.4615115153543967,-0.2036074401198869,-0.11720257549421254,1.0
NLD_adapter,NLD,Q70,4,0.25053960484976984,0.06729264116583872,-0.7059062431103907,-0.30750721620960486,-0.1566189596293075,1.0
NLD_adapter,NLD,Q71,4,0.20162168818903212,0.098277599614963,-0.5619616853650151,-0.2303815825471287,-0.24153967303494284,1.0
NLD_adapter,NLD,Q73,4,0.36863315178500855,0.13440272312845888,-0.37158542314435006,-0.1511130515961081,-0.5142397309639244,0.0
NLD_adapter,NLD,Q81,4,0.4509347137875373,0.2047186976554613,-0.7956382670853167,-0.32100296093526587,-0.5619721893472414,1.0
NLD_adapter,NLD,Q99,3,0.9250782375453884,0.7910944116081744,-0.20351377288555234,0.0025625750532255465,1.7781615800838635,0.0
RUS_adapter,RUS,Q101,3,0.0308997669300004,0.012314081401524152,-0.21382417704505893,-0.1789962916529354,-0.038658801165618095,1.0
RUS_adapter,RUS,Q103,3,0.01883596609579598,0.0070087252111698615,-0.14184505160313288,-0.12734905018761078,-0.023374460344487806,1.0
RUS_adapter,RUS,Q106,10,0.6501234291351979,0.45586527106086705,-1.8320182875143776,-2.112619481902706,-1.409516650062412,0.0
RUS_adapter,RUS,Q107,10,0.43953886932948344,0.21751926981065123,-1.1112174018711944,-1.4490010591213829,-0.804114604307804,1.0
RUS_adapter,RUS,Q109,10,0.6185863917651994,0.3830187128039598,-1.9423523763669588,-1.953449332535873,0.7720051394434,1.0
RUS_adapter,RUS,Q174,2,0.19800481521672095,0.08481157801378458,-0.6458027263822529,-0.2968165471307195,0.1980048152167211,1.0
RUS_adapter,RUS,Q176,10,0.5125696628127648,0.31532768803573163,-1.7164483164884263,-1.805341442893365,-0.24286764915505543,1.0
RUS_adapter,RUS,Q177,10,0.6245334828208827,0.37197196545965583,-2.6427701269579216,-2.120862607645982,-2.743872446696276,1.0
RUS_adapter,RUS,Q178,10,0.5517822667976253,0.31481789235197283,-1.0405623243363067,-1.90247524040761,0.6193060469652858,0.0
RUS_adapter,RUS,Q179,10,0.3524829712376508,0.1678644921261408,-1.7622198637910829,-1.319430443026043,-1.1321227349180922,1.0
RUS_adapter,RUS,Q195,10,0.5895165716888123,0.34383125027331385,-1.0243256095620814,-2.022692529664159,0.6467738309201083,0.0
RUS_adapter,RUS,Q260,2,0.22825768620306058,0.04269368806013536,-0.22798175846276703,-0.08153041832577179,0.22825768620306075,1.0
RUS_adapter,RUS,Q275,9,0.7842842845913105,0.5807180515718988,-1.1295774541263301,-0.2985510008481773,-0.5762357804412117,0.0
RUS_adapter,RUS,Q288,10,0.512668703434077,0.2929668143057481,-1.5041192004263957,-1.25182862369619,0.8843797330753267,0.0
RUS_adapter,RUS,Q43,3,0.7861862422194862,0.5506504100568282,-1.296688063407542,-0.7218549717819391,-0.2100651428600231,0.0
RUS_adapter,RUS,Q50,10,0.5758530837670174,0.37837544587081884,-2.0562563442725716,-1.7455222415118925,0.38457670797604937,0.0
RUS_adapter,RUS,Q57,2,0.23453899107757464,0.12479662134504907,-0.7758693013030914,-0.39224353461366224,0.2345389910775748,1.0
RUS_adapter,RUS,Q58,4,0.8411710052709588,0.6222949592954549,-0.44432614524106323,-0.27001480485062423,0.8035126553352077,0.0
RUS_adapter,RUS,Q59,4,0.4424174872316937,0.2220958404814947,-1.4220352477665323,-0.5978701416797776,-0.11611231691622459,1.0
RUS_adapter,RUS,Q60,4,0.4259903768484483,0.2192520631056905,-1.4298195371062041,-0.6088527561697761,-0.03856861708600334,1.0
RUS_adapter,RUS,Q61,4,0.3366533451046987,0.2069323063586809,-0.6464440965811824,-0.2872071539698304,-0.520753467388642,1.0
RUS_adapter,RUS,Q62,4,0.6040955114110603,0.34000284565545835,-1.4404579210044675,-0.6204456408396256,-0.732463619967564,0.0
RUS_adapter,RUS,Q63,4,0.5655865666458847,0.2989265077578876,-1.3347380587009925,-0.5725178767894045,-0.674281237693398,0.0
RUS_adapter,RUS,Q64,4,0.6264627562910593,0.347642782342231,-1.193064382845454,-0.5933797560363061,0.6049098792441914,0.0
RUS_adapter,RUS,Q69,4,0.49409503284727807,0.24950144821050557,-1.1176904738208997,-0.5141954664829296,0.25213836765049624,0.0
RUS_adapter,RUS,Q70,4,0.5216474457344921,0.26584310134863737,-1.239907812495554,-0.5550592265439829,0.24697060645460844,0.0
RUS_adapter,RUS,Q71,4,0.7007678856154644,0.4651040386469826,-1.7559795321929723,-0.806843872149102,0.5104194026838109,0.0
RUS_adapter,RUS,Q73,4,0.6022370575861176,0.3401685140678057,-1.5407553605019455,-0.6840230619321793,0.2292875777248784,1.0
RUS_adapter,RUS,Q81,4,0.383108513970605,0.2005056335156603,-0.9825125547786474,-0.46444447709706604,0.16751571170718904,0.0
RUS_adapter,RUS,Q99,3,0.01928618530397567,0.007483425083126109,-0.14674595305072183,-0.14012759918696527,-0.02453164388837511,1.0
TUR_adapter,TUR,Q101,3,0.7816528494929642,0.5498791067932634,0.8258534030662809,0.44312915518989066,1.4575217862529228,0.0
TUR_adapter,TUR,Q103,3,0.49533914671756146,0.2843568682127142,1.1126890419799098,0.7608677546519511,0.9367816339221162,1.0
TUR_adapter,TUR,Q106,10,0.5468530010470616,0.3339262165043907,-1.4321491310357908,-1.8180423579213585,0.19408608662177507,0.0
TUR_adapter,TUR,Q107,10,0.2846397000289649,0.10589681644256985,-0.4742698797304459,-0.6335689492206018,-0.46880875923130283,1.0
TUR_adapter,TUR,Q109,10,0.4982118099659341,0.26618188057898384,-1.209829141865098,-1.581314196990072,0.5028436437421409,0.0
TUR_adapter,TUR,Q174,2,0.4975822070567289,0.23906941303053858,-0.7021771051497683,-0.2774595804526898,0.49758220705672884,0.0
TUR_adapter,TUR,Q176,10,0.4350804537740016,0.21531078429436407,-1.2291947267506187,-1.3610137065002224,-0.11331320013761204,1.0
TUR_adapter,TUR,Q177,10,0.1100505432618873,0.028979127609342365,-0.3017939988355325,0.07150549733354428,-0.041830639390528335,1.0
TUR_adapter,TUR,Q178,10,0.8031073677022865,0.6084535074482006,0.5940405689349169,-0.6982621278348726,3.8993798160867454,0.0
TUR_adapter,TUR,Q179,10,0.625128212019689,0.35058095228629704,1.3213513210401118,0.3785231678394998,2.471030320591005,0.0
TUR_adapter,TUR,Q195,10,0.6939464676183353,0.4831860066371739,-0.37832762987796276,-1.8481729065135015,2.463323746056984,0.0
TUR_adapter,TUR,Q260,2,0.015826955060489784,0.0001807426384735477,-0.0007039734387827012,-0.00024399845807249188,-0.015826955060489922,0.0
TUR_adapter,TUR,Q275,9,0.8217051080435681,0.6330501059196059,-1.5223343612897389,-1.4138868799670712,3.708865638170759,0.0
TUR_adapter,TUR,Q288,10,0.3690676693462787,0.17656696287108234,-0.9903853323011085,-0.7976036478194738,0.7565926286924647,0.0
TUR_adapter,TUR,Q43,3,0.49884288626843937,0.21690287919581697,-0.6166944232695545,-0.3965198196733777,-0.11141967200234837,0.0
TUR_adapter,TUR,Q50,10,0.486686862273246,0.2439599998443069,-1.413547862873846,-1.2239009025666356,0.712790140964259,1.0
TUR_adapter,TUR,Q57,2,0.4348793314305376,0.15590400221516332,0.39155246819165257,0.14427710669916682,-0.4348793314305375,0.0
TUR_adapter,TUR,Q58,4,0.3020843719579888,0.08414637667182354,0.27343680172635443,0.03958220671400703,0.2599934730501887,1.0
TUR_adapter,TUR,Q59,4,0.23549125561537987,0.05412880362703794,-0.6902287893692863,-0.28592364131533277,-0.012345735699925697,1.0
TUR_adapter,TUR,Q60,4,0.284739114480431,0.15794963258641131,-0.6854880236302379,-0.3115563852698566,-0.5355918422198402,1.0
TUR_adapter,TUR,Q61,4,0.6692473665338274,0.39559896813647666,-1.080100949472461,-0.4654560859626264,-0.9328523789435019,0.0
TUR_adapter,TUR,Q62,4,0.6160261075171429,0.3584653238418284,-1.204042527140897,-0.5096188637256855,-0.8388613327983334,0.0
TUR_adapter,TUR,Q63,4,0.6340573824362568,0.37081226333874273,-1.1133752463531112,-0.47092300196262854,-0.8779267532317816,0.0
TUR_adapter,TUR,Q64,4,0.06297894866313841,0.0040205180489107884,-0.12853921344560648,-0.07948705962002223,-0.02217334632622059,1.0
TUR_adapter,TUR,Q69,4,0.3015190876632135,0.08735266023354743,-0.37482345347152135,-0.23082930191711404,0.26091728110839885,1.0
TUR_adapter,TUR,Q70,4,0.22096369470308125,0.0648070936812766,-0.5499948182871401,-0.3017701542775939,0.02605489763661728,1.0
TUR_adapter,TUR,Q71,4,0.346103200749415,0.1534509601689329,-0.58613879046326,-0.310395758359461,0.4290173126557182,0.0
TUR_adapter,TUR,Q73,4,0.14218731223759412,0.03582066501222199,-0.3887405890142899,-0.21231074593890253,-0.0676369348514827,1.0
TUR_adapter,TUR,Q81,4,0.3003274438201778,0.1160860005778866,-0.7831376468846273,-0.39253980872266453,-0.429759031925409,1.0
TUR_adapter,TUR,Q99,3,0.8177640700815354,0.6198180601113846,0.6617576894598494,0.4342608133090072,1.5866539813305234,0.0
USA_adapter,USA,Q101,3,0.6050024270010097,0.3445562446265676,-0.09525678300904938,-0.2452700645836131,0.6975594173866128,0.0
USA_adapter,USA,Q103,3,0.6251927258116909,0.3080192376725249,0.6954923644978954,0.1375407304183126,0.8105906033313187,0.0
USA_adapter,USA,Q106,10,0.6324617303581318,0.40612862966456564,-1.6968060054841092,-2.241766641586722,0.5892611549154188,0.0
USA_adapter,USA,Q107,10,0.5451446456870995,0.357484340678879,-1.0880430069177387,-1.4917198238297518,1.6150077185019551,0.0
USA_adapter,USA,Q109,10,0.6643853160325823,0.4769864705383799,-1.2379643466571686,-1.5188517295690502,2.0631352088466977,0.0
USA_adapter,USA,Q174,2,0.1936019745561473,0.0788609610825046,-0.6227486079805504,-0.2818442883852913,0.19360197455614725,1.0
USA_adapter,USA,Q176,10,0.6359657940653632,0.46752590732954835,-1.7270075034104175,-2.119970446875618,0.29952755400186337,0.0
USA_adapter,USA,Q177,10,0.7505979538024178,0.5569184932780933,-0.15745810629292567,-1.2731467862885826,2.952691036489856,0.0
USA_adapter,USA,Q178,10,0.6780178729143647,0.5254250187876398,-0.6504907877796466,-1.3694970437191367,2.9684450804765516,0.0
USA_adapter,USA,Q179,10,0.8392987952741161,0.6782133693328984,0.4775260017009817,-0.7213100796721514,3.487739200843246,0.0
USA_adapter,USA,Q195,10,0.5603161420080701,0.3826117539898076,-1.3119525772919316,-1.9962766810482289,0.4092735560166991,0.0
USA_adapter,USA,Q260,2,0.047286758576313814,0.0016139320211668758,-0.002066318963354963,-0.0007164264011114141,-0.047286758576313925,0.0
USA_adapter,USA,Q275,9,0.7697770704097651,0.53236203614795,-2.1656681008343126,-1.2862796641926506,1.4175897371038957,0.0
USA_adapter,USA,Q288,10,0.45695197369005036,0.268929674016793,-1.5280904211418578,-1.2720124160086623,0.7929417889805475,0.0
USA_adapter,USA,Q43,3,0.5828995178137287,0.3480916434899497,-1.4451243892547505,-0.6509702220007374,-0.019324390464026342,1.0
USA_adapter,USA,Q50,10,0.7112362271378498,0.483742128874297,-2.0559330162903633,-1.8959732930577027,0.2054502434965464,0.0
USA_adapter,USA,Q57,2,0.25063842799351177,0.04580314239429782,0.0042265626121122946,0.001480888578655415,-0.25063842799351166,0.0
USA_adapter,USA,Q58,4,0.5380923114857745,0.23989107132710355,-0.7062874741907269,-0.3140584623973769,0.4282385556205994,0.0
USA_adapter,USA,Q59,4,0.3523590571897715,0.15906071615279468,-1.255799500144096,-0.5232215603852184,-0.21072214079655138,1.0
USA_adapter,USA,Q60,4,0.355366286377023,0.14995143533336952,-1.066654513958768,-0.42899520857549206,0.1533539862509421,1.0
USA_adapter,USA,Q61,4,0.5761676842503602,0.3220828647271421,-1.3309552527371964,-0.553423211906374,-0.733330522768691,0.0
USA_adapter,USA,Q62,4,0.3138697672203277,0.14643874603425844,-1.2073264232026155,-0.5114599172484557,-0.20057337215805893,1.0
USA_adapter,USA,Q63,4,0.31542255827762233,0.14059779382431264,-1.1803390712306634,-0.4959622096852993,-0.20911122375116697,1.0
USA_adapter,USA,Q64,4,0.3589852293403042,0.14233371303897294,-0.9202823976174863,-0.416059695522219,-0.2395674933209544,1.0
USA_adapter,USA,Q69,4,0.38002976846640435,0.16541952348338118,-1.096977174861868,-0.4743629554641051,-0.04665785091029884,1.0
USA_adapter,USA,Q70,4,0.3928814599705794,0.15066845755270733,-1.0204440791714715,-0.4148188475734385,-0.25427948497595976,1.0
USA_adapter,USA,Q71,4,0.3747980267389024,0.2194533455190375,-0.8360852514965551,-0.4266458631976625,-0.37331256632927134,0.0
USA_adapter,USA,Q73,4,0.5711734172586365,0.3176926764663165,-0.5169430806084712,-0.20273112252988607,-0.7788395195406808,0.0
USA_adapter,USA,Q81,4,0.3968701010512012,0.15532666000104184,-1.0905161847061735,-0.4383307542218874,-0.2346372022815486,1.0
USA_adapter,USA,Q99,3,0.7558596499457721,0.48786680829279233,0.2353577643430369,-0.015262543942471507,0.9833409208365764,0.0
base,ARG,Q101,3,0.6428185775609163,0.35344305503938134,0.9653306141732139,0.4200445387482783,1.0968664003497364,0.0
base,ARG,Q103,3,0.3253700091436681,0.13539530920799692,0.936098266823423,0.5471183198979219,0.566791253945937,1.0
base,ARG,Q106,10,0.5736677849063303,0.35595140232754774,-1.491692077131278,-1.9686473979452792,-0.10331706096395621,0.0
base,ARG,Q107,10,0.2594887612980534,0.09681928644473065,-0.5159817766188985,-0.8072935465044246,-0.398831384223989,1.0
base,ARG,Q109,10,0.5071766776615217,0.2761386966221575,-1.2639185732085896,-1.7016780265434814,0.3496694433286489,1.0
base,ARG,Q174,2,0.13502885573191212,0.05754955005721989,-0.528803699624462,-0.2651166734611163,0.13502885573191215,1.0
base,ARG,Q176,10,0.4867504819665922,0.27775405628373306,-1.1553211909962342,-1.7110684167837547,-0.07026564466136342,0.0
base,ARG,Q177,10,0.47190959342100397,0.20584617081639672,-1.7821864253348259,-1.4506666073474008,-2.669439379554345,1.0
base,ARG,Q178,10,0.5831580740018473,0.36424757780662054,0.14778026763970376,-0.953575457796175,2.9473648234506675,0.0
base,ARG,Q179,10,0.11792853991399004,0.02994764794260102,-0.4829474999633733,-0.09259217582662305,-0.23271499551879282,1.0
base,ARG,Q195,10,0.6535614736282722,0.4366509142652236,-0.05080925379888779,-1.667110514586051,2.396745964871626,0.0
base,ARG,Q260,2,0.0408818516760322,0.001214416002811889,-0.009874796515062845,-0.0034273113629070817,0.04088185167603209,1.0
base,ARG,Q275,9,0.9392612204393284,0.8215833292135197,-1.6740433895253122,-0.9859840746488969,3.646261413328253,0.0
base,ARG,Q288,10,0.3985953076569361,0.1872123735690629,-0.8882454350704643,-0.7283118894333904,0.9751680636309388,0.0
base,ARG,Q43,3,0.7010827426968069,0.431640810259272,-0.8660880768065904,-0.4709341773824199,-0.4943221941615601,0.0
base,ARG,Q50,10,0.5851054496615018,0.3662527464888272,-1.751998951243522,-1.8228306552332858,0.47574888252573366,0.0
base,ARG,Q57,2,0.06789831484948781,0.004637463381488426,0.11593212916082651,0.042629233091070695,-0.06789831484948805,1.0
base,ARG,Q58,4,0.4191721372721566,0.15627017293175907,0.399999640563676,0.08980997881824004,0.38864581850807944,0.0
base,ARG,Q59,4,0.39638973489091506,0.1523378375738555,-1.0943676011426615,-0.4752902953308833,0.019813844571695327,1.0
base,ARG,Q60,4,0.30208891345196,0.12010532472353502,-0.9086570766240157,-0.4023829276945462,-0.15203875521818522,1.0
base,ARG,Q61,4,0.5960992330561142,0.31447484012154736,-1.1342458952368544,-0.4783555907902028,-0.7545582084413192,0.0
base,ARG,Q62,4,0.4939072884289635,0.24834402688615662,-1.501611918233115,-0.666619559477262,-0.3409589318151931,1.0
base,ARG,Q63,4,0.460572344907406,0.21084930865779605,-1.3336466898853083,-0.592997195821502,-0.4060754772623092,1.0
base,ARG,Q64,4,0.2121329224488949,0.051186284230624504,-0.4049202600285051,-0.2700392861033797,-0.05370924463387583,1.0
base,ARG,Q69,4,0.4662555853912109,0.23394241919324346,-0.6688990069823229,-0.3402318686160394,-0.7321869665460832,0.0
base,ARG,Q70,4,0.5456226181174482,0.3168731016550038,-0.5151828650518997,-0.25882096464989035,-0.941674353008755,0.0
base,ARG,Q71,4,0.350086782483661,0.18636055262727896,-0.7945668797311913,-0.3854194525599942,-0.267196763425396,1.0
base,ARG,Q73,4,0.3387205196787164,0.19199139395783726,-0.37887927327195636,-0.19904690345788045,-0.6466795527250273,0.0
base,ARG,Q81,4,0.3118998900935246,0.0996939319296987,-0.8313969503789065,-0.4008629282244661,-0.11990451065157703,1.0
base,ARG,Q99,3,0.7016605913642477,0.4341128305844206,1.0277054960260008,0.4976267814667333,1.244727360802866,0.0
base,BRA,Q101,3,0.650885834917097,0.34499914793258424,0.9659634662724881,0.30318403203135025,1.060210621946177,0.0
base,BRA,Q103,3,0.32809212500228296,0.116119290235262,0.905086799497755,0.4156768847917139,0.5393633629445851,1.0
base,BRA,Q106,10,0.6713943034073249,0.47018598639467274,-1.0783638104405453,-2.6388704395919125,0.33035734744802703,0.0
base,BRA,Q107,10,0.49186972931017625,0.3081568453319684,-0.1008571281768873,-1.677922328937621,0.697806907217708,0.0
base,BRA,Q109,10,0.6850636531984211,0.47551324356646923,-0.5869911257632585,-2.2176682930674705,1.4243564043658279,0.0
base,BRA,Q174,2,0.09419270820592889,0.037234422803100964,-0.41319243410441286,-0.21890226219731707,0.09419270820592884,1.0
base,BRA,Q176,10,0.5233913112340676,0.3194268937205348,-0.7937732114998792,-1.8231506295686257,1.361807831236848,0.0
base,BRA,Q177,10,0.14246516135080498,0.04835435512279389,-0.38446188473526344,-0.5749147079471912,-0.4984881425344301,1.0
base,BRA,Q178,10,0.6450423328603784,0.46401835207240844,0.31448409382054887,-1.6118739945465328,2.4429369037205673,0.0
base,BRA,Q179,10,0.03949338345977367,0.01371472190606791,0.043993579174467,0.043225616691661584,0.07123851659947489,1.0
base,BRA,Q195,10,0.6797225034854087,0.48960390175750457,-0.14045778094363381,-2.289526102100882,1.392313037658905,0.0
base,BRA,Q260,2,0.03644229343312064,0.000965662296601574,-0.00927191486904333,-0.003218290673053237,0.03644229343312033,1.0
base,BRA,Q275,9,0.8294808670032836,0.6307305100161854,-1.5371059065216248,-1.2012176825169203,3.1980017302290302,0.0
base,BRA,Q288,10,0.5494600305743473,0.370909631236002,-1.125870805238973,-1.2696522606325678,1.8952538751715196,0.0
base,BRA,Q43,3,0.6730568037000002,0.375340264967872,-1.0291089552152748,-0.5729710588450283,-0.08137544629000737,0.0
base,BRA,Q50,10,0.6651007841560176,0.42536813290997333,-1.7437540113096714,-2.069463233159059,0.2649796664613495,0.0
base,BRA,Q57,2,0.1994010373168631,0.05482251026322605,0.48284499093005806,0.19268262748603907,-0.1994010373168631,1.0
base,BRA,Q58,4,0.1728137073800476,0.04976428343095542,-0.3370638404269304,-0.21182660966100297,-0.027444666542274954,0.0
base,BRA,Q59,4,0.4800353064898191,0.22171516869181843,-1.2794127498332406,-0.6043464393874848,-0.5244503087246004,1.0
base,BRA,Q60,4,0.3822635792540542,0.20759103099931497,-0.9709403074308399,-0.42493050626313994,-0.562778390932108,1.0
base,BRA,Q61,4,0.6667732369188106,0.4215196847070286,-1.0520444348729785,-0.5104964918327315,-1.0863648268630528,0.0
base,BRA,Q62,4,0.47069074798890115,0.23269252352996475,-1.4213503089828958,-0.6528098266146143,-0.5133532390131572,1.0
base,BRA,Q63,4,0.5751007848732128,0.326291187522845,-1.3130661985656158,-0.6583853220674136,-0.8835510868646601,1.0
base,BRA,Q64,4,0.1971760695286249,0.0517440718344878,-0.3004784471301436,-0.23756685981088477,0.022754241359275174,1.0
base,BRA,Q69,4,0.26357287695558806,0.12684151100017965,-0.7176626008932658,-0.4232179694664605,-0.36967223330702614,1.0
base,BRA,Q70,4,0.3140094525909142,0.15474974419012677,-0.795151033642824,-0.46807162368379274,-0.38188357133420725,1.0
base,BRA,Q71,4,0.5629541515111762,0.35880240519056006,-0.6070212137290074,-0.40220874645927845,-0.5798906737585994,0.0
base,BRA,Q73,4,0.6167692400426552,0.3893644230625118,-0.17147998207180626,-0.22234408206293188,-0.9659184264138556,0.0
base,BRA,Q81,4,0.3428266911009991,0.12529092737878028,-0.9189361250341346,-0.47670420409209013,-0.18852198203611392,1.0
base,BRA,Q99,3,0.7328398798993019,0.47319122400669955,1.1622074697449498,0.5310850907182141,1.2758563390192137,0.0
base,CHN,Q101,3,0.7140518482118906,0.46462443469316117,1.3126334577138175,0.615119756837595,1.1901928081764803,0.0
base,CHN,Q103,3,0.31618273889759363,0.12689638048385216,0.892891256475117,0.5224396934165842,0.5546587176491585,1.0
base,CHN,Q106,10,0.5736770854384339,0.3521927861673413,-1.4873206264295245,-1.8342301566860404,-0.10313404243558377,0.0
base,CHN,Q107,10,0.30656407767913546,0.11744152798974983,-0.5774091050131713,-0.9504919979595081,-0.003652673358151226,1.0
base,CHN,Q109,10,0.6184535358547477,0.3825116960670555,-0.9290267221899586,-1.2791546183360056,1.7506763235308118,0.0
base,CHN,Q174,2,0.24785731555312984,0.120254419427487,-0.7580353719370712,-0.35176173010340206,0.24785731555312984,1.0
base,CHN,Q176,10,0.4812834537025139,0.25645677435888875,-1.2440412302622827,-1.5743062267558736,0.3745422469834665,1.0
base,CHN,Q177,10,0.4729104093964735,0.19554500948424725,-1.6548398476097028,-0.7184983079319354,-1.6457369046457906,1.0
base,CHN,Q178,10,0.8686013453142262,0.7222517723770334,1.2669441354389108,0.07675310053031525,4.4186025169689245,0.0
base,CHN,Q179,10,0.09636096330035251,0.056132250421935634,0.04989837652348317,0.5263294045053502,0.24036043237914884,1.0
base,CHN,Q195,10,0.6891418664651505,0.4593131058179828,-0.6251895383263126,-2.3785836645239957,0.2599678287134939,0.0
base,CHN,Q260,2,0.05733337269413957,0.002383187377118366,-0.011115926896457906,-0.0038575228215517177,0.057333372694139406,1.0
base,CHN,Q275,9,0.8231638679298494,0.6263449465045783,-1.551833057080378,-1.2718515390373617,3.460124837640536,0.0
base,CHN,Q288,10,0.5161379956900837,0.30864350178499766,-0.9924224666317543,-0.9468086016404249,1.799065012836972,0.0
base,CHN,Q43,3,0.7860300498279642,0.5277831847617224,-0.8744405811032885,-0.5817639637274212,-0.3833867115230962,0.0
base,CHN,Q50,10,0.5649297446698586,0.33103822615587436,-1.6557121147304292,-1.6288877436577567,-0.17887281167871105,0.0
base,CHN,Q57,2,0.3708540495947288,0.10258637566404694,-0.1029112947517763,-0.03665016504074797,0.3708540495947288,0.0
base,CHN,Q58,4,0.38653165400023526,0.12713302273301685,0.4019193770027166,0.12896407056146547,0.3857850960900586,0.0
base,CHN,Q59,4,0.22431908641159712,0.05857345763820136,-0.7081104305766096,-0.2653485809666698,0.005490653685901847,1.0
base,CHN,Q60,4,0.1116574768691419,0.04699463979880441,-0.3682211914969199,-0.12278144444903605,-0.15738742820001206,1.0
base,CHN,Q61,4,0.749880995416464,0.4767551279203453,-0.6971325268891171,-0.2562846577000624,-0.9359066531738951,0.0
base,CHN,Q62,4,0.7689266037792901,0.5263606581994021,-1.1649202728098622,-0.46323004091867626,-1.0117830535162091,0.0
base,CHN,Q63,4,0.7846942456308792,0.5359894994386472,-0.9943326868301086,-0.3928946682925871,-1.0659859973389922,0.0
base,CHN,Q64,4,0.44228441558745485,0.17774044135180084,-0.03468341302323297,-0.030424047050514602,-0.7335586715869864,0.0
base,CHN,Q69,4,0.24864004576268686,0.08278649929965999,-0.38961550184092086,-0.18353447187125727,0.2920083619822411,1.0
base,CHN,Q70,4,0.2535156043255024,0.09603971757895909,-0.3481009582043739,-0.15605923705605984,0.351092194573827,1.0
base,CHN,Q71,4,0.6534595955351623,0.482691691460216,-0.29805805896022,-0.12732032913652513,1.120990855829766,0.0
base,CHN,Q73,4,0.41816876020554516,0.2652105048425035,-0.1014443581719573,-0.05825073190018304,0.7768203072983262,1.0
base,CHN,Q81,4,0.20019172348524572,0.04385587016876066,-0.5812783122804823,-0.25161602452797427,-0.0815455265799434,1.0
base,CHN,Q99,3,0.7286389395740065,0.4706805658183465,1.1594547011960052,0.5477916477671989,1.2742783515182583,0.0
base,DEU,Q101,3,0.603124241809035,0.2887093632781726,0.799541925272953,0.2606847174639402,1.0080612500172692,0.0
base,DEU,Q103,3,0.32270001125871944,0.12403776140819893,0.9105110059416888,0.5033195674347645,0.554590299689125,1.0
base,DEU,Q106,10,0.5509310752435432,0.321974580108921,-1.3929774766002068,-1.6650778780371587,-0.38340972702799636,1.0
base,DEU,Q107,10,0.2723273166928242,0.09086278891055866,-0.14789732651685616,-0.4053379564559092,0.3122316542477348,1.0
base,DEU,Q109,10,0.6214151597729004,0.3981701149236957,-0.907583916118665,-1.2319617575446387,1.7177510529898683,0.0
base,DEU,Q174,2,0.55118245818006,0.33351664508132145,-0.9291302897578759,-0.4125014842870857,0.55118245818006,0.0
base,DEU,Q176,10,0.594152718825842,0.3750710521181507,-1.2591502648314,-1.9175456204349688,-0.4711395452489029,0.0
base,DEU,Q177,10,0.154332137598885,0.06518023921471179,-0.1684204096513806,0.5153480676454363,0.19025253614176796,1.0
base,DEU,Q178,10,0.815536695366235,0.642019731505995,0.9721946366356267,0.0245047559108873,4.21778173076752,0.0
base,DEU,Q179,10,0.08773896050643919,0.04990033455731946,0.25568203021032754,0.9809697502572249,0.36826719910214667,1.0
base,DEU,Q195,10,0.7585968727679436,0.5597014808428182,0.25473102225465905,-1.2875182721703176,3.076121980108108,0.0
base,DEU,Q260,2,0.04843304538841589,0.0017026030925849332,-0.010638538809841669,-0.0036920610033199797,0.04843304538841564,1.0
base,DEU,Q275,9,0.797885385456185,0.5750084909655124,-1.7861028796248073,-1.3017972736228365,1.9407989670413945,0.0
base,DEU,Q288,10,0.32919283070440364,0.15483738293141663,-0.9422817142597679,-0.8113891936178477,0.7572148668826886,0.0
base,DEU,Q43,3,0.7893467734221156,0.5201199194789049,-0.9781251566089786,-0.6544316626201827,0.038834400835165095,0.0
base,DEU,Q50,10,0.6205785490644926,0.42032579231000355,-1.5524175161000409,-1.5375864566048467,-0.8337981148173359,0.0
base,DEU,Q57,2,0.19057274867049068,0.02853325682644029,-0.15532383049297682,-0.05494876008701616,0.19057274867049045,1.0
base,DEU,Q58,4,0.3900961882153038,0.1298413597675718,0.35668299266127934,0.08845578527603565,0.3722867908283203,0.0
base,DEU,Q59,4,0.24513070359840983,0.06786705576345319,-0.7958542058587327,-0.3108614466421735,-0.04202845721113979,1.0
base,DEU,Q60,4,0.12863220554978522,0.024419985276910167,-0.37589134908814337,-0.12802653072105363,0.03496040316612192,1.0
base,DEU,Q61,4,0.5296011921709685,0.2499988926034759,-0.9079748893386399,-0.3600280553220872,-0.6916325902865772,0.0
base,DEU,Q62,4,0.37246098344967876,0.16589528146991006,-1.1217112072779818,-0.459108156974133,-0.37836692525469795,1.0
base,DEU,Q63,4,0.3339373824365051,0.13071139130803436,-0.9701072186454263,-0.39517091255347736,-0.34506750850030166,1.0
base,DEU,Q64,4,0.2812909145588881,0.08350438995957714,-0.2575378605115175,-0.1503892613920752,-0.4821762492628898,0.0
base,DEU,Q69,4,0.19837013853063215,0.06414639244081657,-0.28062948574262014,-0.12910163455982349,0.26932840024343396,1.0
base,DEU,Q70,4,0.19331857319094822,0.061250838110698806,-0.5090209573337363,-0.23206307305301355,0.13516206596048308,1.0
base,DEU,Q71,4,0.2733493899006938,0.08982840982320829,-0.6464506167509425,-0.2671137503632409,0.07769976152339542,1.0
base,DEU,Q73,4,0.1211758913515324,0.04180763560556585,-0.38271208931160117,-0.17305636670400426,-0.1528945559938668,0.0
base,DEU,Q81,4,0.23747001254516367,0.056754451629246916,-0.5948093684553044,-0.25097123129266563,-0.1983722089340052,1.0
base,DEU,Q99,3,0.6503644505087754,0.34121200827070297,0.7984623315524589,0.28549288882159374,1.139194284841671,0.0
base,EGY,Q101,3,0.6963689094851018,0.4218943119526006,1.1723224598980018,0.5000219798863645,1.1529175559818636,0.0
base,EGY,Q103,3,0.39700525774257056,0.2239504209061683,1.31215880796936,0.7567208075637961,0.6524131351448459,1.0
base,EGY,Q106,10,0.7277690982324752,0.526549223170999,-1.2736904034953587,-2.1608961947357215,-1.3496213167150328,0.0
base,EGY,Q107,10,0.47011724429584495,0.2661303751212357,-0.4582136841756168,-1.4087289615188376,-0.7842309742876621,0.0
base,EGY,Q109,10,0.7311454088395866,0.51952946007976,-0.4927602424062647,-1.0583889275479845,2.5929036238514915,0.0
base,EGY,Q174,2,0.49963180173653576,0.2921840918130318,-0.9407774600434133,-0.41747433775782383,0.499631801736536,0.0
base,EGY,Q176,10,0.5522922752223084,0.3211993103183547,-1.159635635139939,-1.6991092813189295,1.018878234289324,0.0
base,EGY,Q177,10,0.1441902418339854,0.049143316055745706,-0.19609070653512828,0.40844732586382815,0.15920789816752112,1.0
base,EGY,Q178,10,0.8425910881830102,0.6949775639735062,1.2540376557949577,0.3417330015699658,4.4017979409786925,0.0
base,EGY,Q179,10,0.12090407641463058,0.05856173308878054,0.6533094281088372,1.29501414372339,0.5373886275500812,1.0
base,EGY,Q195,10,0.535852994681506,0.33695263935142183,-0.5924426008772925,-1.8038790421720623,-1.0924527534286774,0.0
base,EGY,Q260,2,0.07967650088579808,0.00459343768294173,-0.010299776136122873,-0.0035746354158848193,0.07967650088579803,0.0
base,EGY,Q275,9,0.8149263859078669,0.6063033049902817,-1.774895206427343,-1.5822442794836273,3.408786789969573,0.0
base,EGY,Q288,10,0.3373823819289846,0.13731068031798888,-0.6757614434927415,-0.5291420031096311,0.9379425257943783,1.0
base,EGY,Q43,3,0.8790487446925481,0.7423237961405164,-0.017404519297747445,-0.21252661120035643,-0.8691069810600183,0.0
base,EGY,Q50,10,0.6704822072038872,0.42913092364594224,-1.7224707319423342,-1.7441737333042515,1.6266274631767157,0.0
base,EGY,Q57,2,0.1923633469511119,0.049812824587656006,0.45657718711665884,0.18081746893241946,-0.1923633469511119,1.0
base,EGY,Q58,4,0.44553275000602394,0.19554994648035487,0.6661998489919381,0.2214865301617745,0.4442549458719405,0.0
base,EGY,Q59,4,0.4042383550893187,0.16309109797226587,-0.9578955029601047,-0.41206740433345657,0.20688813887680157,1.0
base,EGY,Q60,4,0.3881055321118644,0.13195962339910527,-0.7031631562240152,-0.3104803563221789,0.15889813657012675,0.0
base,EGY,Q61,4,0.6918104256504436,0.4190291829273939,-0.9609776869098634,-0.3880692468152495,-0.9816052847588916,0.0
base,EGY,Q62,4,0.506446287427675,0.2561314290058583,-1.3750158733185722,-0.5821447052109797,-0.5184780737037431,1.0
base,EGY,Q63,4,0.7639877303784666,0.5173903012067906,-1.1185165031618796,-0.4735633718276616,-1.127413418308001,0.0
base,EGY,Q64,4,0.26820848513713014,0.06921971047417023,-0.3011543538911101,-0.2266283706731993,0.24719302616374117,1.0
base,EGY,Q73,4,0.5483693511202206,0.36773899032388147,-0.13067335835650074,-0.10736235112350734,-0.9740714884620667,0.0
base,EGY,Q81,4,0.35758994331448724,0.14938179002826318,-0.9326861840938716,-0.5004308702114325,-0.4459860139506442,1.0
base,EGY,Q99,3,0.7649607178082019,0.5526056484445592,1.3781541824292607,0.7256102391076461,1.3238081960415056,0.0
base,GBR,Q101,3,0.46977365033172036,0.16721662666456022,0.4056352814640538,0.08279833632855926,0.7951002821121536,0.0
base,GBR,Q103,3,0.27396808918448484,0.07658665626317536,0.6945028182749217,0.3391767403369773,0.46634216852859955,1.0
base,GBR,Q106,10,0.5931128502135111,0.3658810595439167,-1.427451263670829,-1.9106214307878364,-0.46978762332089996,0.0
base,GBR,Q107,10,0.22357959087327617,0.09899873673489984,-0.38014191699554045,-0.6638546063552535,0.3230806698239821,1.0
base,GBR,Q109,10,0.4986947905591293,0.29156077292694493,-0.8963369724765495,-1.0282780954401791,1.3935845475909838,0.0
base,GBR,Q176,10,0.4929634165130237,0.2816115358146707,-1.1449447146933207,-1.5842336617319166,-0.31734012331308303,1.0
base,GBR,Q177,10,0.20036255195450364,0.06738794572416482,-0.6179725020861988,0.09984632832288809,-0.204859361694532,1.0
base,GBR,Q178,10,0.7028247752064196,0.4909096023482422,0.3473708980445438,-0.4167272538923945,3.551372474136118,0.0
base,GBR,Q179,10,0.12746665984767866,0.05170700039988431,-0.3194937181112477,0.3711859115242062,0.04622423316075852,1.0
base,GBR,Q195,10,0.5747166252570575,0.3544597799761099,-0.7653789110539919,-1.8499830831927861,1.0623874419192898,0.0
base,GBR,Q260,2,0.04442976377084251,0.001433584183565744,-0.010274672427347142,-0.0035659333302703877,0.0444297637708424,1.0
base,GBR,Q275,9,0.7212187750627805,0.4793164102019397,-1.8427513231801371,-1.3344683128925285,1.9323836601477682,0.0
base,GBR,Q288,10,0.5379871879840306,0.3009968275026553,-1.2181358484368083,-1.3253070343896103,0.07379564887621815,0.0
base,GBR,Q43,3,0.5495249682577946,0.2644177272802801,-1.0512932273531603,-0.47732030985179913,0.22471047212317252,0.0
base,GBR,Q50,10,0.5755652054990814,0.36838400212956834,-1.6265197199921342,-1.5395467744113376,-0.4526055677060361,0.0
base,GBR,Q57,2,0.19231223250659538,0.029030631217186367,-0.1557223395865509,-0.05508701804460553,0.19231223250659513,1.0
base,GBR,Q58,4,0.35063113607669005,0.10130532903148194,0.22343192279870006,0.030753881691823415,0.3189998684183124,0.0
base,GBR,Q59,4,0.269482298079839,0.08281996614537693,-0.8423861442176818,-0.3414090138981565,0.05115521796365363,1.0
base,GBR,Q60,4,0.33605298843176196,0.09182060813835133,-0.4096459242434872,-0.1566963879720521,0.2996443491264176,0.0
base,GBR,Q61,4,0.36396928366128567,0.13327784670971204,-0.88231240772808,-0.3560843110432785,-0.4291822170693158,1.0
base,GBR,Q62,4,0.24081229359269077,0.08690368378643014,-0.9288037007835109,-0.37344438584388573,-0.01794320676898442,1.0
base,GBR,Q63,4,0.18467076592346462,0.05263328316445853,-0.7120622711434974,-0.29090248760926884,0.008814523738783997,1.0
base,GBR,Q64,4,0.22410575101873553,0.05883901751747744,-0.2978533561657728,-0.17419297426675728,-0.35854106980179123,0.0
base,GBR,Q69,4,0.19143718735136303,0.04834835584511285,-0.5397006728370597,-0.24678005566780092,-0.04638349700819555,1.0
base,GBR,Q70,4,0.1660251462172413,0.05109491486764911,-0.5468357051373536,-0.250668731818525,-0.022203307844505193,1.0
base,GBR,Q71,4,0.3162984257325159,0.15956668007880073,-0.7055964361315474,-0.3184864704654884,-0.31231069020838653,1.0
base,GBR,Q73,4,0.2772872173776137,0.14190804379045852,-0.37253377975146296,-0.17797373364118907,-0.5226619874270453,0.0
base,GBR,Q81,4,0.23381464461042814,0.05374515504974202,-0.6167659354944632,-0.26344529320255194,-0.03138739087822362,1.0
base,GBR,Q99,3,0.6322953576125183,0.34058031886291606,0.7328149247279031,0.33319628686777225,1.1443020172806528,0.0
base,GRC,Q101,3,0.7088024526317772,0.441441686313663,1.235516701018865,0.5212179021976173,1.1661732776954354,0.0
base,GRC,Q103,3,0.36398422912739464,0.1636595437850656,1.0883932757662689,0.5953896132014282,0.6097694219498124,1.0
base,GRC,Q106,10,0.5908903814415191,0.3678711903276828,-1.4092286541333916,-1.6580093193452283,0.07801082840281826,1.0
base,GRC,Q107,10,0.302899620397189,0.1223272783865204,-0.4202921287777097,-0.6166773121356186,0.9157097781414327,0.0
base,GRC,Q109,10,0.5060196540872279,0.3068247049027035,-1.1264299351720075,-1.388877920206633,1.0017314407481894,1.0
base,GRC,Q174,2,0.1433393467710643,0.06223505606960866,-0.5512138500094761,-0.27477374952090117,0.1433393467710642,1.0
base,GRC,Q176,10,0.4219161797643954,0.20785257596264436,-1.0718170249828134,-1.1923883937994484,-0.13268704292846767,0.0
base,GRC,Q177,10,0.14404260384910128,0.06349901710028168,-0.03538543386599424,0.6740958334184792,0.3307208375547228,1.0
base,GRC,Q178,10,0.7067903048358185,0.48535046913051005,0.40401173082852493,-0.5429016637995998,3.55323314571144,0.0
base,GRC,Q179,10,0.10352499852839692,0.043803005528902685,0.5056199578439324,0.9127551482465259,0.4568113413574175,1.0
base,GRC,Q195,10,0.7530639749262462,0.5504684147455785,0.04766868695620552,-0.8840148082216917,3.1182010398344677,0.0
base,GRC,Q260,2,0.0276039452847483,0.0005549181888751253,-0.0077320579697457426,-0.002684285585893953,0.0276039452847483,1.0
base,GRC,Q275,9,0.7786615530158796,0.5597380385153734,-1.79704270027616,-1.4386316807035051,3.049002134904077,0.0
base,GRC,Q288,10,0.46788590843944733,0.28686818078086695,-1.0403512786183378,-0.9091697535930511,1.4758877684293221,0.0
base,GRC,Q43,3,0.7660446275851003,0.4968713458168956,-0.8389358688738863,-0.5679894466357539,-0.3512192111221768,0.0
base,GRC,Q50,10,0.6083261697545376,0.36476202243839456,-1.676483881943375,-1.5394602951893832,1.3370332079610767,0.0
base,GRC,Q57,2,0.1806122098182229,0.042315790197632465,0.4150155652520469,0.16252043335999095,-0.1806122098182228,1.0
base,GRC,Q58,4,0.42689484371277847,0.17184365902627907,0.6085094604600167,0.2122998807183814,0.4290326551217203,0.0
base,GRC,Q59,4,0.4413061653302611,0.179830233920787,-1.1617732366761415,-0.49319593382691984,-0.28399136670383074,1.0
base,GRC,Q60,4,0.22652682601530377,0.08512455789223654,-0.7339002262389726,-0.29364305176130084,-0.12380176831791623,1.0
base,GRC,Q61,4,0.7813639176695548,0.5479842111976669,-0.7834645886267051,-0.30546842464037244,-1.1834922153637626,0.0
base,GRC,Q62,4,0.7507178321069773,0.5096661316422733,-1.2573466962425233,-0.5241169859834508,-1.0535991882637226,0.0
base,GRC,Q63,4,0.7437171088580938,0.4923324376631797,-1.1396368482497823,-0.477160101448028,-1.0565464092636239,0.0
base,GRC,Q64,4,0.24762232368562911,0.05970948090079657,-0.374502108350073,-0.2641382892896861,0.10984109447388146,1.0
base,GRC,Q69,4,0.1959121972257632,0.06195476144124372,-0.560318641747449,-0.27848663361421133,0.02873026283104707,1.0
base,GRC,Q70,4,0.20464483077964657,0.0675249417352696,-0.6159707787473017,-0.2966819472128769,-0.17634107247711883,1.0
base,GRC,Q71,4,0.48684628000054325,0.2852276925493923,-0.5142075233177308,-0.25104480625121633,-0.6365266851430063,0.0
base,GRC,Q73,4,0.4317600395999037,0.2689862410260332,-0.26767425491505215,-0.15213200677909444,-0.8054375365341633,0.0
base,GRC,Q81,4,0.3829258486241025,0.14504354311303227,-0.8191540807615434,-0.3704769022883634,-0.4573620188372929,1.0
base,GRC,Q99,3,0.7350708778118369,0.4846825184839686,1.1801713276329444,0.5768403778165683,1.2859582088427237,0.0
base,IDN,Q101,3,0.3695359784595227,0.10290139996938392,0.20747923118078782,-0.029954606887008906,0.5991647948163202,0.0
base,IDN,Q103,3,0.21981471071436126,0.04491784371113708,0.4864470270873794,0.22969705840034949,0.379235580341881,1.0
base,IDN,Q106,10,0.7072426596987142,0.49940585483259003,-1.2865431058100545,-2.1327754696558885,-1.419683757930283,0.0
base,IDN,Q107,10,0.48454405974695186,0.2591932657175011,-0.42633933772769605,-1.3585345158990958,-1.0240381706837018,0.0
base,IDN,Q109,10,0.634332322203575,0.41848868164040376,-1.1512333784926627,-2.152815064931235,0.6933929743724967,0.0
base,IDN,Q174,2,0.42165131519050036,0.23375118277743842,-0.9260979287632158,-0.4123779630957242,0.42165131519050036,1.0
base,IDN,Q176,10,0.5465748614959347,0.322856655607838,-1.1899112787124575,-1.8993631684470906,0.6033681057031686,0.0
base,IDN,Q177,10,0.37556302517593315,0.14585937033838295,-1.3251584266352556,-0.7800495808662742,-1.3949328360505016,1.0
base,IDN,Q178,10,0.7382129364285186,0.5244316410819807,0.2564030601209537,-1.0570506716638928,3.192372247264058,0.0
base,IDN,Q179,10,0.1425432583983273,0.057483082001996685,-0.35773095345101513,0.2553803469610023,0.020613648585229072,1.0
base,IDN,Q195,10,0.6799800198719839,0.46955830819544353,-0.32295406066587606,-1.7225516780811423,2.138181383788802,0.0
base,IDN,Q260,2,0.05870211681499507,0.0024979461544600776,-0.011148776530652604,-0.003868907772044794,0.05870211681499504,1.0
base,IDN,Q275,9,0.9200016350261664,0.7815791237537659,-1.8157153933476637,-1.1678867622652145,3.984680159819953,0.0
base,IDN,Q288,10,0.4889093024841213,0.3316896914700524,-1.263588072989464,-1.5354277423228253,1.5749491847171724,0.0
base,IDN,Q43,3,0.8196032179505066,0.5661047294149086,-0.8256684697651341,-0.654652564514575,-0.04450704118084947,0.0
base,IDN,Q50,10,0.6696487144768697,0.4391122143168499,-1.739613883268749,-2.0531906896771406,-0.16772917054668923,0.0
base,IDN,Q57,2,0.2194999106449787,0.07181700765071972,0.5646728814477104,0.2314930299035391,-0.21949991064497842,1.0
base,IDN,Q58,4,0.2534719595997857,0.05751327447557885,-0.019293116062793825,-0.053401354186564776,0.17560320773446847,0.0
base,IDN,Q59,4,0.41764241803983143,0.16527543751720686,-1.063109152723849,-0.43216129490641875,-0.30544305740200306,1.0
base,IDN,Q60,4,0.4790480366189896,0.2789889693014228,-1.0460076006869352,-0.45566025940284877,-0.669839796163948,1.0
base,IDN,Q61,4,0.8000270340074722,0.6001092591266461,-0.8206130759664272,-0.3736224082377692,-1.289420125590412,0.0
base,IDN,Q62,4,0.6736445732933225,0.41384928382377845,-1.4108603281247045,-0.6126780991839317,-0.8742376398818359,0.0
base,IDN,Q63,4,0.7469063732028589,0.5050356186877945,-1.208131407052591,-0.5423430370534629,-1.1165314406000895,0.0
base,IDN,Q64,4,0.7434884189803481,0.4684261245191547,0.8164791127546427,0.27152407137665063,1.1072478597697353,0.0
base,IDN,Q69,4,0.26816889360020413,0.0878645210833783,-0.6278625395894857,-0.31883786165007955,0.052397857966209216,1.0
base,IDN,Q70,4,0.2999980935760744,0.11816039580173274,-0.6310513383798173,-0.3213737541274341,0.2112818938529788,1.0
base,IDN,Q71,4,0.5231832639311457,0.2990441757568877,-0.6839825327998239,-0.3236441195379273,0.8413713788013768,0.0
base,IDN,Q73,4,0.23053065446394044,0.08446190549172425,-0.6157947790895115,-0.31614830467073707,0.03813596861850943,1.0
base,IDN,Q81,4,0.3724221520129361,0.1495341121410866,-0.6085488134302399,-0.29459251600982916,0.3285418631061483,1.0
base,IDN,Q99,3,0.4432510832801706,0.1541573316828064,0.20045237053301657,0.022414053880763896,0.8060515849148276,0.0
base,IND,Q101,3,0.43653996692105956,0.16711977351082644,0.3304573238811821,0.13599610003758278,0.7988033285806367,0.0
base,IND,Q103,3,0.038299948211379456,0.0020405170901932083,-0.04626314838362111,0.023510225084383607,0.0023577231970765,1.0
base,IND,Q106,10,0.7378522572961717,0.5441387859873641,-1.1845100572955891,-2.119937487328703,-1.7483272167370147,0.0
base,IND,Q107,10,0.4366430594596262,0.22748634112727226,-0.45292528910448304,-1.3814324441244714,-0.8121960695677748,0.0
base,IND,Q109,10,0.5994650548073414,0.36617587862543655,-1.2821717549584524,-2.078414859337827,0.08042621198264754,0.0
base,IND,Q174,2,0.2926078738432911,0.14781372056050776,-0.8215264944651642,-0.3755371539710693,0.2926078738432911,1.0
base,IND,Q176,10,0.5877400079685409,0.36627142598305334,-1.0010689018254686,-1.6157500634842004,-1.3960906509437825,0.0
base,IND,Q177,10,0.23739422427313506,0.07975223945183385,-0.9158223555989089,-0.4939956931903109,-0.7058987927552209,1.0
base,IND,Q178,10,0.7478733716524173,0.536981248896965,0.5628865240979195,-0.49773214990837733,3.7241669412665632,0.0
base,IND,Q179,10,0.16214938171864174,0.05765865411653381,-0.6197494247767439,-0.21494595239081815,-0.25281450174658326,1.0
base,IND,Q195,10,0.6149940937117969,0.38297851380463865,-0.5116280212993964,-1.7776804982541188,1.7110149222553308,0.0
base,IND,Q260,2,0.07314865346461452,0.0038733832028420845,-0.010836212741904827,-0.003760576633431212,0.07314865346461441,0.0
base,IND,Q275,9,0.7531834059592709,0.5322207885703778,-2.0372100614514745,-1.7251764061140251,2.7237930896423608,0.0
base,IND,Q288,10,0.5036867511053735,0.30446595659048736,-1.4723959979689665,-1.7004336890174607,0.4671500915105815,0.0
base,IND,Q43,3,0.7859625457898569,0.5226648537961068,-0.8280257315683993,-0.5930226483141021,-0.31147308956909314,0.0
base,IND,Q50,10,0.6335582800673278,0.410225864306222,-1.7859005155735992,-1.9182350413097216,-0.1126239857669944,0.0
base,IND,Q57,2,0.09448269075487649,0.009483088095409733,0.17459871859750276,0.06494473059874645,-0.09448269075487636,1.0
base,IND,Q58,4,0.4213006515424911,0.17080641406018365,0.3769047307033193,0.009921581088182974,0.3486511139003665,0.0
base,IND,Q59,4,0.4112519054585681,0.16757788378823335,-1.1146959811762613,-0.5297470501725282,0.04373779293943225,1.0
base,IND,Q60,4,0.3512170595298958,0.14676677202108102,-0.9560492221842193,-0.4326264564774372,-0.15905001120369233,1.0
base,IND,Q61,4,0.6311845627626382,0.36877397587749394,-1.2855694797913628,-0.6286442265355039,-0.7726692129962327,0.0
base,IND,Q62,4,0.5251317854318134,0.27146343342756446,-1.5389753403752975,-0.7198340041019278,-0.43706094160734343,1.0
base,IND,Q63,4,0.6592037774812121,0.39086755168241794,-1.4429991220420562,-0.7062478071132545,-0.819458909047468,0.0
base,IND,Q64,4,0.625602093233026,0.32517220670673413,0.28769068100094675,-0.09389455359960719,0.8526745700218366,0.0
base,IND,Q69,4,0.4110358874304796,0.18710524317967697,-0.7707810451816381,-0.49838734870022594,0.06474153230927016,0.0
base,IND,Q70,4,0.44847918910972534,0.2099694751381741,-0.7082078082229672,-0.45081064927110515,0.2716116808175202,0.0
base,IND,Q71,4,0.4972370741313179,0.2827841934096479,-0.9480194506319997,-0.5207926323837135,0.4917816989621264,0.0
base,IND,Q73,4,0.4341175423651334,0.23053423521665117,-0.6067311568852118,-0.405650461712612,0.47924683112055044,0.0
base,IND,Q81,4,0.4081691267515984,0.1767085453183188,-0.9039749471727527,-0.522119859309639,0.04299238511890158,1.0
base,IND,Q99,3,0.4509025849444753,0.19564451823661227,0.219845599606028,0.12764819067671118,0.8911297900088879,0.0
base,JPN,Q101,3,0.708550765810213,0.4501547205703475,1.27614929327511,0.5727825657943397,1.1795445129995015,0.0
base,JPN,Q103,3,0.35051085993274306,0.14872912903234412,1.0483003153500698,0.5441236850181956,0.5837067250829855,1.0
base,JPN,Q106,10,0.3845914741074974,0.1855114278483015,-1.1666245892393607,-1.2094210984479448,0.07037939734114129,1.0
base,JPN,Q107,10,0.43687573143232555,0.2332487196774585,0.06443593412161919,-0.07113684382262697,1.6237591801617217,1.0
base,JPN,Q109,10,0.46896205425435594,0.27709697312996695,-0.9165907910803617,-1.3468562161956315,0.6092934275583168,1.0
base,JPN,Q174,2,0.21207442080030903,0.0995027842279535,-0.6976574980997097,-0.3296140807141135,0.21207442080030914,1.0
base,JPN,Q176,10,0.46731798669988744,0.24786840168986374,-0.8495631049319958,-0.9255790786431758,1.0588093409756203,1.0
base,JPN,Q177,10,0.1758277506776901,0.06684659316847602,-0.4128089279873077,0.1420122008542153,-0.034606172610959884,1.0
base,JPN,Q178,10,0.9046883840883364,0.8155968379613112,1.79067285345351,0.4935788786209385,4.7234947467659385,0.0
base,JPN,Q179,10,0.10376495900607119,0.046841502079334074,0.5825166774696421,0.7969261756881542,0.42380394673038,1.0
base,JPN,Q195,10,0.5889847220167362,0.38539652602661983,-0.6556968553591318,-1.6804583988131008,-1.1997304596332228,0.0
base,JPN,Q260,2,0.0017555020705951052,2.2589661613586992e-06,0.0006421980473950706,0.0002231657458279801,-0.0017555020705952717,1.0
base,JPN,Q275,9,0.6735924402782033,0.4237708590898564,-1.5450608854490393,-0.994354269001957,1.6387844250646184,0.0
base,JPN,Q288,10,0.6642651442043656,0.45651541629254955,-1.3409234017838905,-1.7960906284384777,1.757211488827659,0.0
base,JPN,Q43,3,0.6001100732828241,0.33656885630358835,-0.8749465669834513,-0.40397373756897964,-0.4881529973996699,0.0
base,JPN,Q50,10,0.5830961074074779,0.35345100758580955,-1.7003758737664583,-1.5889981710741694,0.19179217995159803,0.0
base,JPN,Q57,2,0.08703047558550839,0.006373817886411164,-0.09934714000563238,-0.035397309777512764,0.08703047558550825,1.0
base,JPN,Q58,4,0.2528694962428395,0.048737520394182055,0.10308801719148353,0.02039415284882068,0.23968336174837557,0.0
base,JPN,Q59,4,0.3025012215266967,0.11210368607395069,-0.801057764486064,-0.3166695603446318,-0.3373803828419497,1.0
base,JPN,Q60,4,0.12870734434971354,0.056399575740005946,-0.4288149727856111,-0.15941450430399395,-0.19504515736240124,1.0
base,JPN,Q61,4,0.7511536404144589,0.4848194348764523,-0.7581207021766136,-0.2805311305440877,-1.0187683183363823,0.0
base,JPN,Q62,4,0.7549318830334653,0.509704877775945,-1.2066169652401175,-0.4906064350650916,-1.034243968680633,0.0
base,JPN,Q63,4,0.690520496303059,0.4209636091955523,-0.9770127364608645,-0.38219187187084336,-0.8744629142514557,0.0
base,JPN,Q64,4,0.5543832010602655,0.337563371613657,0.10372038381598636,0.009448478261537496,-1.0657575164805206,0.0
base,JPN,Q69,4,0.1354744805659029,0.034566136240320025,-0.29925539461517037,-0.1358838752852286,0.1423062048213919,1.0
base,JPN,Q70,4,0.17831883715462693,0.06428079265141412,-0.2760421252033496,-0.12825457991911537,0.2539347228428961,1.0
base,JPN,Q71,4,0.24024486710674037,0.07349825300106572,-0.5920614641767055,-0.2361343379384383,0.059824457665456965,1.0
base,JPN,Q73,4,0.16093765291831347,0.05624187057441279,-0.2976644079075279,-0.12881253395092518,-0.28793269451051406,0.0
base,JPN,Q81,4,0.4539425053983279,0.18728429549577366,-0.6479777564838802,-0.27744981334999275,-0.6194908127261578,0.0
base,JPN,Q99,3,0.7522084673930397,0.5238593914908584,1.3084833250446029,0.670413513796271,1.308771196591941,0.0
base,MEX,Q101,3,0.5630105713399001,0.2606143850500641,0.6589588146992896,0.25434219440459294,0.9650723928247371,0.0
base,MEX,Q103,3,0.19764645299813033,0.05115210093622989,0.4412273041647382,0.2842810188733488,0.38327907321647847,1.0
base,MEX,Q106,10,0.6504460586518259,0.4431505284561644,-1.3485923957730674,-2.3869681287683653,-0.3369149814697536,0.0
base,MEX,Q107,10,0.3368091947743985,0.16864303611861897,-0.49732262469789346,-1.234397785762143,-0.19429482790581343,1.0
base,MEX,Q109,10,0.6068429416570309,0.3859153437660898,-1.1205575998832107,-2.0763217492390575,0.7895914557401635,0.0
base,MEX,Q174,2,0.13823800007979534,0.06028311529802038,-0.5409329644071433,-0.27256512655883447,0.13823800007979536,1.0
base,MEX,Q176,10,0.5241074230707915,0.2960180775023735,-1.1518051120112407,-1.8086705878698703,-0.3495405007686383,1.0
base,MEX,Q177,10,0.5623949336523344,0.28210418011127214,-1.9652191711305522,-1.3521275545192175,-2.953473795107181,1.0
base,MEX,Q178,10,0.525114810918982,0.3067057604557206,-0.4208024145076692,-1.5017880588013655,1.6329175866539973,0.0
base,MEX,Q179,10,0.24294010205793004,0.08512271725356454,-1.1212901101788804,-0.7125608850221454,-0.7949812511967975,1.0
base,MEX,Q195,10,0.6961497731093117,0.4785792761441629,-0.3249286092256476,-1.968369193909214,1.865333071153775,0.0
base,MEX,Q260,2,0.040040296744377396,0.0011650851636761782,-0.009769270690575649,-0.0033907273817399552,0.040040296744377146,1.0
base,MEX,Q275,9,0.8591017025717397,0.6612802518493639,-1.9990704365957819,-1.2541793300764412,2.8848432870458796,0.0
base,MEX,Q288,10,0.5573199244818581,0.3468327461611195,-1.3187179334010135,-1.5504816273755888,1.6633666823773714,0.0
base,MEX,Q43,3,0.6703248570254341,0.3717073279494978,-1.0028505599089583,-0.565328526484272,-0.09012031501368112,0.0
base,MEX,Q50,10,0.6649274238443053,0.4466662250034715,-1.6824555343744445,-1.7877650314590348,-0.5203696428511266,0.0
base,MEX,Q57,2,0.14003223235679357,0.025067138021529038,0.31858381695155247,0.12351617556668848,-0.14003223235679374,1.0
base,MEX,Q58,4,0.339255796658591,0.10898315944602449,-0.06911842814493085,-0.13945164680370659,0.1819814391928516,0.0
base,MEX,Q59,4,0.5495629869331857,0.26887284988286797,-1.3148367084745582,-0.5944492353357578,-0.4971254073837317,1.0
base,MEX,Q60,4,0.5635659186154147,0.3476278801567224,-1.0507807248031145,-0.46933684100759626,-0.8295450947230045,0.0
base,MEX,Q61,4,0.7649565947892771,0.5564957180803565,-0.8719553982087418,-0.4291850279206329,-1.2986281356529497,0.0
base,MEX,Q62,4,0.7119218646897317,0.458028050830172,-1.499999270435422,-0.6950113220872386,-0.9549055248446789,0.0
base,MEX,Q63,4,0.7376074027874813,0.4940824939900396,-1.2359259867666945,-0.6218675141012577,-1.1451246981682859,0.0
base,MEX,Q64,4,0.31526123357071734,0.09411072627005826,-0.40158692408937613,-0.32940967305542446,0.11725502846272517,0.0
base,MEX,Q69,4,0.5544926859612211,0.3673315838607581,-0.5999532535312648,-0.38566826458764514,-1.0160293606785697,0.0
base,MEX,Q70,4,0.5556358305595841,0.36150386546977653,-0.6649732035502449,-0.4134824228879589,-0.976668504257848,0.0
base,MEX,Q71,4,0.5701232104125522,0.3456495274641484,-0.6040587258519046,-0.3771115030781275,-0.618574446446917,0.0
base,MEX,Q73,4,0.5386436463706503,0.33737349917322834,-0.29462828900844595,-0.23007861007185293,-0.8682477050916986,0.0
base,MEX,Q81,4,0.4763050853584804,0.2221266716381905,-1.0084036724765113,-0.5585935461465572,-0.5297510285669107,1.0
base,MEX,Q99,3,0.5892141370444004,0.3008334403174938,0.6861310666433738,0.31948461597481026,1.067767709208795,0.0
base,NGA,Q101,3,0.5135843238172586,0.20984419430034745,0.5003568188858503,0.16497135051710288,0.8851552989671145,0.0
base,NGA,Q103,3,0.1195842725799133,0.014363968316380697,0.21100006262670123,0.12113429788161723,0.22668592546348887,1.0
base,NGA,Q106,10,0.7730499884278652,0.5903375894678791,-0.9733002458116258,-2.1018972732559713,-2.0993074921160275,0.0
base,NGA,Q107,10,0.5346300621080091,0.3314191514227688,-0.28420834201293754,-1.626714287218226,-1.0339600374715623,0.0
base,NGA,Q109,10,0.6979647694307225,0.473804755672653,-0.8984939836163746,-1.920668731132921,1.5943731514832207,0.0
base,NGA,Q174,2,0.3751870713347798,0.2013911390167905,-0.900367086192533,-0.40340200521479685,0.3751870713347798,1.0
base,NGA,Q176,10,0.5420752271043289,0.3190614383902864,-1.1817648648298946,-1.914051682005021,0.5855880593664979,0.0
base,NGA,Q177,10,0.2017388164712026,0.0824105389331323,-0.3289711210079773,-0.09002458466708063,-0.06410751050496621,1.0
base,NGA,Q178,10,0.8349480002506174,0.6658528422313317,0.8811236218932887,-0.42940807077936594,3.9791929822090197,0.0
base,NGA,Q179,10,0.16573033273608043,0.07027925564640435,-0.4358828256798646,0.005521595241267052,-0.0839018216771279,1.0
base,NGA,Q195,10,0.7767554041800881,0.5711030432186618,0.05692409354921191,-1.258925626492075,2.953621166770996,0.0
base,NGA,Q260,2,0.06852674793774496,0.003400683148092932,-0.011067249026048609,-0.0038406519985281773,0.06852674793774471,0.0
base,NGA,Q275,9,0.9372387799206907,0.8799699233074423,-1.7660781685410432,-1.4132762934307166,3.337484438321774,0.0
base,NGA,Q288,10,0.525762208657484,0.33047098487390447,-1.1856373778586973,-1.1533426316327007,1.5188605813447023,0.0
base,NGA,Q43,3,0.74315156254562,0.4568130738341424,-0.9581055534787118,-0.6111887701647102,-0.0974874556117824,0.0
base,NGA,Q50,10,0.7098786214232051,0.49289491611273695,-1.8258276243610259,-2.006986810801966,1.5275048881053284,0.0
base,NGA,Q57,2,0.1350511503449645,0.021026018180083476,0.2757828376571463,0.10458731487590595,-0.1350511503449645,1.0
base,NGA,Q58,4,0.2206665670121348,0.06975841469669683,-0.33553219312259985,-0.22562040038180364,-0.012447392761763654,0.0
base,NGA,Q59,4,0.48880988737155556,0.21555464783836964,-1.2944455825200047,-0.5984629149120455,-0.2842787697589779,1.0
base,NGA,Q60,4,0.3998130657470419,0.23007072993862493,-1.101956969997301,-0.5058550425613735,-0.5230655583259061,1.0
base,NGA,Q61,4,0.6628790081055297,0.3979540351610248,-1.1765963558037664,-0.546034373827444,-0.9112104519548279,0.0
base,NGA,Q62,4,0.6196190874159951,0.3550996192774475,-1.5294569691490836,-0.6950677176727645,-0.6933490085460421,0.0
base,NGA,Q63,4,0.6568416250869908,0.39370130215505705,-1.3372406864985205,-0.6101924578213451,-0.9045766179541501,0.0
base,NGA,Q64,4,0.5835615107575025,0.2800615236950582,0.24269447146405976,-0.05424824200725187,0.8297244951425731,0.0
base,NGA,Q69,4,0.508696019836445,0.3166283071473738,-0.6707255702858799,-0.4384711949255856,-0.8796610488576166,0.0
base,NGA,Q70,4,0.4018392330409681,0.1789268284146951,-0.822952969474241,-0.44462527989083345,-0.41056158262374964,0.0
base,NGA,Q71,4,0.37316851574259285,0.2020561953221075,-0.9671739088849198,-0.5091326887484804,0.009720230640351879,1.0
base,NGA,Q73,4,0.2989556612836972,0.13906206997384465,-0.6152097171797397,-0.3354461755908308,-0.3388508665943668,1.0
base,NGA,Q81,4,0.43626186753186963,0.17102501256226801,-0.9428908030231631,-0.4952108803590728,-0.05227659044714761,1.0
base,NGA,Q99,3,0.5535957913309442,0.2553019191813977,0.4603670237276014,0.18784043386712046,1.0182271943186556,0.0
base,NLD,Q101,3,0.6030401375044592,0.312246072529951,0.8015019133527657,0.3483554414519981,1.0410112601498414,0.0
base,NLD,Q103,3,0.3628038336328896,0.16254661004503967,1.0822846162471849,0.5940033427271711,0.6087017840940453,1.0
base,NLD,Q106,10,0.5016905055200466,0.27450314024525646,-1.3660812263931614,-1.588801616240732,0.16823334070434992,1.0
base,NLD,Q107,10,0.19213922071925493,0.05611250544769707,-0.14455676195428158,-0.2089557249970888,0.27379619843989467,0.0
base,NLD,Q109,10,0.35090183580941575,0.15067258322397087,-0.8825916046698878,-0.8877538363204057,0.5080961116325895,1.0
base,NLD,Q174,2,0.3941822222108766,0.21441518784445907,-0.9124501895096899,-0.40762397418690816,0.3941822222108766,1.0
base,NLD,Q176,10,0.42960529607292625,0.2077489313577497,-1.0666966741675692,-1.1596580162503534,0.08510886191614819,1.0
base,NLD,Q177,10,0.13271513087144343,0.06397971431600964,0.058314862855863625,0.6656808419623579,0.37897149914597095,1.0
base,NLD,Q178,10,0.7583006956734396,0.5704954489300218,0.6266249816098362,-0.043973573190405846,3.8990074792841205,0.0
base,NLD,Q179,10,0.11430988590759049,0.05867886227306367,-0.022012368902492363,0.6507934407669622,0.25635239142220456,1.0
base,NLD,Q195,10,0.612030634804416,0.3899394690932736,-0.41655697694399185,-1.474358428234707,2.14453488380433,0.0
base,NLD,Q260,2,0.025113563822861007,0.0004595232847695741,-0.007216420930825307,-0.0025054258114092787,0.025113563822861007,1.0
base,NLD,Q275,9,0.6704156467704748,0.3991495388952657,-2.0239460489828245,-1.3907152597246994,1.273835111434476,1.0
base,NLD,Q288,10,0.562181488101805,0.3406577159960115,-1.444536717965385,-1.7850271026482627,0.14852069101400467,0.0
base,NLD,Q43,3,0.5524033832808842,0.259208570144603,-1.0357779023324034,-0.48797672420651517,0.1244026439655379,0.0
base,NLD,Q50,10,0.5646441654947693,0.36907640698415867,-1.2494114915073875,-1.0475457889572746,-0.9571846792376828,0.0
base,NLD,Q57,2,0.3461751683221306,0.08974975886547727,-0.127969085145757,-0.04548086665968293,0.3461751683221308,0.0
base,NLD,Q58,4,0.36246077156128526,0.11610555536717918,0.24811842147081675,-0.010737461398732773,0.3045298599612869,0.0
base,NLD,Q59,4,0.4065807417119833,0.1718580166139908,-0.9021675611706123,-0.39626681228873517,0.26980975562450205,1.0
base,NLD,Q60,4,0.439507062372589,0.14995555860872534,-0.37518985244024583,-0.1618651661704325,0.39272523886551824,0.0
base,NLD,Q61,4,0.24539242892155047,0.07773600196900993,-0.8145417889554378,-0.3362787979154636,-0.21496070746488716,1.0
base,NLD,Q62,4,0.3376299232813433,0.1386767500689987,-1.143345337561146,-0.47487044652258514,0.0035217660205826284,1.0
base,NLD,Q63,4,0.2915129440559658,0.10176234844449952,-0.9866569052307119,-0.40699960061197904,-0.022076176044963702,1.0
base,NLD,Q64,4,0.408712313755588,0.1684981459194905,-0.18023122342705222,-0.12011260184518391,-0.7369698697638611,0.0
base,NLD,Q69,4,0.06279566322214966,0.0182759075536914,-0.2702250061815825,-0.13134928595057016,-0.05233727834297097,1.0
base,NLD,Q70,4,0.14340932800910577,0.04233883662587533,-0.49887627906337095,-0.22851968978606563,-0.04029026837244798,1.0
base,NLD,Q71,4,0.19919422862113112,0.0940590216967836,-0.6067625947028814,-0.24603624960372378,-0.163856908049671,1.0
base,NLD,Q73,4,0.19816730922390383,0.06853050813471684,-0.2444492330074195,-0.1015518389556248,-0.3406672549966334,1.0
base,NLD,Q81,4,0.38045890126263476,0.1362621969155913,-0.58641843205376,-0.24324555262611025,-0.4852642187896494,1.0
base,NLD,Q99,3,0.6563058650187801,0.3974276055992886,0.8482772010795596,0.4414396198283623,1.1998722474236394,0.0
base,RUS,Q101,3,0.7087735427489428,0.45422190413538915,1.2817352929287986,0.5951650856923325,1.1834970925907031,0.0
base,RUS,Q103,3,0.36978559922107324,0.18255411856556966,1.1681986584987027,0.6702716268388329,0.6187234510585474,1.0
base,RUS,Q106,10,0.613709755444088,0.3922363542566627,-1.3318563633836342,-1.950253442871897,-1.2756450866935651,0.0
base,RUS,Q107,10,0.29186532011532906,0.13557741520254155,-0.4271623559347879,-0.8837944969037321,-0.8058353409001588,1.0
base,RUS,Q109,10,0.5060330050784341,0.2782263288903076,-1.1833166530173178,-1.611778340647012,0.7938740001350162,1.0
base,RUS,Q174,2,0.20331503732417167,0.0945443084279787,-0.6812772718513265,-0.3235311073699701,0.20331503732417167,1.0
base,RUS,Q176,10,0.4247529222432576,0.22940424805944779,-1.1990737840258925,-1.6081783076404395,-0.22031532550605615,1.0
base,RUS,Q177,10,0.4897319905512734,0.21453618700814778,-1.7727720078680917,-1.0463785999592727,-2.1434808570476065,1.0
base,RUS,Q178,10,0.43926924447730825,0.2334868035300498,-0.5032275158626853,-1.4162463623921915,1.1477489189911667,0.0
base,RUS,Q179,10,0.27006832524168595,0.09283621588421741,-1.1638808640224978,-0.4874522956618528,-0.7306008069206997,1.0
base,RUS,Q195,10,0.5481576532663026,0.3242568821373689,-0.7546214984970256,-1.881039973112997,1.026731853306778,0.0
base,RUS,Q260,2,0.013134325914167522,0.00012600243728266153,-0.004232684485292348,-0.0014700316681868775,0.01313432591416741,1.0
base,RUS,Q275,9,0.8944091719628587,0.7279895014291877,-1.767901605694874,-1.3309824004476591,1.166599352282132,0.0
base,RUS,Q288,10,0.4198574689608692,0.24225246918983703,-1.1437586615236246,-1.0492510074815593,1.1608378985934058,0.0
base,RUS,Q43,3,0.7333744541937066,0.4539868985330001,-1.0124632090816643,-0.5976704852915149,-0.2462198633472057,0.0
base,RUS,Q50,10,0.5638547259868871,0.3176390776330917,-1.6827972587587838,-1.5923702262267734,0.7523099969826497,0.0
base,RUS,Q57,2,0.03337019925566567,0.001065254970575788,0.05234406009681325,0.019054141056804585,-0.033370199255665645,1.0
base,RUS,Q58,4,0.4089669069754246,0.1477006315323657,0.32775707319879355,0.04399441062927972,0.36256944029700944,0.0
base,RUS,Q59,4,0.3884183125836374,0.14558801576725483,-1.1206270792938953,-0.47715807292519785,-0.13519374161710962,1.0
base,RUS,Q60,4,0.25927606584202195,0.1151158039935205,-0.8552378196915845,-0.3564266344127929,-0.22382026714207814,1.0
base,RUS,Q61,4,0.6696784650567924,0.39551864714649015,-1.0645565991342285,-0.4494379673553865,-0.9382990445975503,0.0
base,RUS,Q62,4,0.6164410863659165,0.3586803488585739,-1.4644018071201823,-0.6397652253585372,-0.7675110586280662,0.0
base,RUS,Q63,4,0.580576616704344,0.3159665020225289,-1.3288027561938873,-0.5848189643186406,-0.735074807336173,0.0
base,RUS,Q64,4,0.25471351389308194,0.06598985126449321,-0.399766952573007,-0.29507099116475477,0.03366199044156737,1.0
base,RUS,Q69,4,0.31356453516577526,0.1276556254520673,-0.7696877733127321,-0.40755298953236596,-0.367370549365432,1.0
base,RUS,Q70,4,0.32536560892524236,0.1381277955363861,-0.7774619927096369,-0.40315775980571733,-0.3882625073113295,1.0
base,RUS,Q71,4,0.4117186917711306,0.19261890302209622,-0.8974775971395239,-0.4421276168394903,0.22304902155079454,0.0
base,RUS,Q73,4,0.268557391396242,0.11410679123993223,-0.608765374433919,-0.33001596228610286,-0.25679232293548626,0.0
base,RUS,Q81,4,0.42044794508825195,0.17238308297714028,-0.9516707777687963,-0.4749682108977964,-0.46085318852946955,1.0
base,RUS,Q99,3,0.7458526799684875,0.5089728168334011,1.2657056409161442,0.6363548197900143,1.3004250005180957,0.0
base,TUR,Q101,3,0.687352120620857,0.41678067908581695,1.141040348602468,0.5156077895402396,1.1500234213249618,0.0
base,TUR,Q103,3,0.36828738551036805,0.18054340606669478,1.1297561817661688,0.6645979405800884,0.623666770168268,1.0
base,TUR,Q106,10,0.5486501909249379,0.33366429320577773,-1.46544535306696,-1.838770339889753,0.18196663343527675,0.0
base,TUR,Q107,10,0.2672399111244323,0.0965439315444899,-0.4683305783349119,-0.7336009333792315,-0.4787126051941968,1.0
base,TUR,Q109,10,0.4900642678274109,0.2634896026641988,-1.2173730799028684,-1.5977512553770619,0.5340980397416635,0.0
base,TUR,Q174,2,0.5418144639871363,0.3262489862219138,-0.9340544751286628,-0.4151424472653433,0.5418144639871363,0.0
base,TUR,Q176,10,0.41047871272019376,0.1989274987166103,-1.1397199094185475,-1.3308459361729708,-0.10733940428386735,1.0
base,TUR,Q177,10,0.08051246348423763,0.019937531242032555,-0.14910311995518866,0.15456516962757294,0.056410985578841055,1.0
base,TUR,Q178,10,0.7617999269898391,0.5559843381500911,0.8585252534503465,-0.4179143684215667,3.8976568652295756,0.0
base,TUR,Q179,10,0.07814660051107626,0.023093351829290728,-0.21308684416151857,0.07469468185026362,-0.0071515043082561736,1.0
base,TUR,Q195,10,0.6679944850143803,0.44718670878996236,-0.2132979685656835,-1.7108580695661504,2.2521337489103317,0.0
base,TUR,Q260,2,0.06196946154832397,0.0027827692902138504,-0.01118348366606936,-0.003880936397148038,0.06196946154832372,1.0
base,TUR,Q275,9,0.8192906482883577,0.6256081800887937,-1.5953367793291386,-1.4475669127571091,3.672537829038567,0.0
base,TUR,Q288,10,0.3440570282931987,0.16766013644734593,-1.0282913432913376,-0.854293531619729,0.5863684689218953,0.0
base,TUR,Q43,3,0.6500022257478764,0.34900427067400275,-1.0426017073444847,-0.5595137542980227,0.027633366820785543,0.0
base,TUR,Q50,10,0.5020178502022659,0.2671396117592102,-1.5003809688604788,-1.2631940928310108,0.4345631926669231,0.0
base,TUR,Q57,2,0.1232644393445427,0.017073541089144988,0.24444188680134415,0.09212005799440853,-0.12326443934454256,1.0
base,TUR,Q58,4,0.36185144729274393,0.11537675811464197,0.2539638343623798,0.027590037551634583,0.31079176034907774,0.0
base,TUR,Q59,4,0.2821401364741382,0.08719577917818762,-0.8911048657040831,-0.3699364377774852,0.0026100721600750276,1.0
base,TUR,Q60,4,0.2827192885128496,0.14313097058598523,-0.8721521869060042,-0.3823255901834616,-0.405959945316986,1.0
base,TUR,Q61,4,0.6533340939596588,0.37512592665924405,-1.080574383013405,-0.45682165366266153,-0.8863746218678572,0.0
base,TUR,Q62,4,0.6410212361834882,0.38207498702017306,-1.354976871650064,-0.5721427501119601,-0.8272715026928914,0.0
base,TUR,Q63,4,0.6345941581773396,0.3723416496416686,-1.2225135551232509,-0.5149106085363415,-0.848003802920458,0.0
base,TUR,Q64,4,0.14824576788289465,0.026560563791933244,-0.2172782805838649,-0.13846602899660376,0.14499551576531644,1.0
base,TUR,Q69,4,0.3588744923154657,0.1400340444306303,-0.46279268133585183,-0.26534674154574067,0.3642884126183641,1.0
base,TUR,Q70,4,0.2767341683415273,0.10384382290404276,-0.6344722176803146,-0.3324198333018856,0.14091288714680283,1.0
base,TUR,Q71,4,0.4818217732727241,0.23948088923949182,-0.8202212494740679,-0.3924455652849829,0.5705209385526242,0.0
base,TUR,Q73,4,0.20289543423750442,0.07690567599834257,-0.5204330874693817,-0.2619193775814479,0.11832172757501214,0.0
base,TUR,Q81,4,0.3214401372748402,0.11393376721463022,-0.8607958574309746,-0.4218244469374616,-0.33930828233848276,1.0
base,TUR,Q99,3,0.7185098057062076,0.46703563974419804,1.1045888715561287,0.5594521993375872,1.2714336072076362,0.0
base,USA,Q101,3,0.41669358487736763,0.13200435963244733,0.2791461256958485,0.03301627725786227,0.7000591605410497,0.0
base,USA,Q103,3,0.236085697766556,0.06082181292197763,0.5576060089065418,0.31089141637490936,0.4256374991785986,1.0
base,USA,Q106,10,0.5399196730319787,0.3285419895491567,-1.3122493621159148,-2.0436206366415477,0.47664376674458797,0.0
base,USA,Q107,10,0.44373661970424144,0.2425179824703233,-0.20234758202383807,-0.6895579015289133,1.9192980772013017,0.0
base,USA,Q109,10,0.5963417191254765,0.3805137636734192,-0.8490187124334707,-1.2912048126507778,1.9009728656060978,0.0
base,USA,Q174,2,0.20321846413106961,0.09575429816161474,-0.6854996753295061,-0.327898663354411,0.20321846413106948,1.0
base,USA,Q176,10,0.5544624848600394,0.3227840620227531,-1.1857548525954043,-1.7748854797280624,0.1307751461256279,1.0
base,USA,Q177,10,0.3106466269181364,0.11171807906927472,-1.1688522103899692,-0.5337078091640262,-0.897755571994884,1.0
base,USA,Q178,10,0.6212396439823799,0.40745063075627597,0.08574298373674871,-0.7071003584395492,2.962224790557313,0.0
base,USA,Q179,10,0.1908220343942449,0.07021460760484996,-0.7639623978886396,-0.2434905677860455,-0.3527336418415019,1.0
base,USA,Q195,10,0.48944191243184604,0.27468238395396793,-0.8587427746872991,-1.676861353280736,-0.022826682602873127,0.0
base,USA,Q260,2,0.04609911568324057,0.0015429650265847035,-0.010437656466838585,-0.003622430099816165,0.04609911568324043,1.0
base,USA,Q275,9,0.7342129343116606,0.47951380840351837,-1.9392327895149948,-1.1261143255828339,1.426012547698547,0.0
base,USA,Q288,10,0.3644440018149544,0.19245741216068768,-1.121199879004761,-1.050464524497991,0.8981530656639274,0.0
base,USA,Q43,3,0.5014894669491565,0.2210791073034319,-1.025208589171867,-0.46459811364855813,-0.04694517594684289,1.0
base,USA,Q50,10,0.6338368095794409,0.4019304446768493,-1.767406317827551,-1.783244117179215,0.0949433725417288,0.0
base,USA,Q57,2,0.12673589007597114,0.013652243959240466,-0.14866526978535255,-0.05315333234230696,0.12673589007597097,1.0
base,USA,Q58,4,0.17806058062837077,0.0351132133939175,-0.19683084731849232,-0.11881019587061525,0.06976541452378426,0.0
base,USA,Q59,4,0.2925902019097273,0.0959263497960586,-0.933692049653133,-0.388369436905179,-0.21920710200906024,1.0
base,USA,Q60,4,0.19392124347023823,0.05226929176235959,-0.5733627452842831,-0.22645852775772685,-0.0021563454189563735,1.0
base,USA,Q61,4,0.4894242323110167,0.22354666143109925,-0.9880224737593779,-0.4082352363738812,-0.6560337111779915,0.0
base,USA,Q62,4,0.28951679671368824,0.11232160218729596,-1.0539874571439993,-0.4358310580808644,-0.19646744974375618,1.0
base,USA,Q63,4,0.2640200935016631,0.08623381571027587,-0.9058880072080858,-0.3760342827845183,-0.19451855755066605,1.0
base,USA,Q64,4,0.13022295224782496,0.024152446381166644,-0.28205232753670373,-0.16331054457833616,-0.15663920150795274,1.0
base,USA,Q69,4,0.2308460979201925,0.0763699498836457,-0.6409161095597822,-0.3152121645725017,0.0069713110637281694,1.0
base,USA,Q70,4,0.25314398353131456,0.06772236433474713,-0.607883309954143,-0.2710689792710146,-0.18577061101814474,1.0
base,USA,Q71,4,0.36325857255262384,0.19311128959522264,-0.8755091163071471,-0.4445709755867025,-0.17046339794856058,1.0
base,USA,Q73,4,0.3270778499505759,0.165883404667529,-0.21194654919685618,-0.09880615544975957,-0.5641674966170136,1.0
base,USA,Q81,4,0.28238308713936616,0.07633006454953886,-0.6555877620660197,-0.28340252859581844,-0.24006554042632766,1.0
base,USA,Q99,3,0.5544682830852345,0.2804431658734442,0.5900569550084471,0.29773975561309496,1.031361797896919,0.0
persona,ARG,Q101,3,0.42334695011773527,0.1636253194371499,0.816017667321663,0.2486028341172961,0.49461643930648536,1.0
persona,ARG,Q103,3,0.08467975731881489,0.015138765529099681,0.35120524241363615,0.19278337445541788,0.11989469564498025,1.0
persona,ARG,Q106,10,0.524063094126651,0.29221606194127603,-1.1747416316245847,-1.7528234209583802,-0.14341246771416571,0.0
persona,ARG,Q107,10,0.25393609263714473,0.0859497610092112,-0.29815544747087097,-0.48399427238770043,0.23606291990885975,0.0
persona,ARG,Q109,10,0.40460793440713444,0.19177900195791425,-0.7412146536020598,-1.283311947348786,0.5505125254766163,0.0
persona,ARG,Q174,2,0.11917291456762158,0.037304808610761436,-0.43199649643352195,-0.19937293812825455,0.11917291456762147,1.0
persona,ARG,Q176,10,0.32059859240539246,0.1458198323397626,-0.4525297670366246,-1.0974138578681887,0.10998487949909919,0.0
persona,ARG,Q177,10,0.18649887509445495,0.09311329300307766,-0.18198692617671774,-0.692543934309052,-0.541612683918582,1.0
persona,ARG,Q178,10,0.6053370083820597,0.38980565104939663,0.09717894473461541,-1.0245564284160278,2.830281173767849,0.0
persona,ARG,Q179,10,0.16327093910180793,0.06367005988825503,-0.610004346463908,0.2712188786220149,-0.15633351307043353,1.0
persona,ARG,Q195,10,0.37528584367149326,0.14803075033255003,0.4478404641350626,-0.4866409661671778,0.8982887416528098,0.0
persona,ARG,Q260,2,0.083471150095564,0.005040266320837684,-0.009874796515062845,-0.0034273113629070817,-0.08347115009556405,0.0
persona,ARG,Q275,9,0.7583277618284088,0.603161912588789,-0.8371762797183833,-0.26454184602892417,3.177698915985857,0.0
persona,ARG,Q288,10,0.20158156842083552,0.08463309725443544,-0.5537790393575617,-0.49243675753933824,0.5248116517927599,0.0
persona,ARG,Q43,3,0.551564525861825,0.23749175964727354,-0.3492348427189096,-0.27709421505467924,-0.39100015618178485,0.0
persona,ARG,Q50,10,0.621835732332421,0.3864076745143715,-1.5346270161058828,-1.6845782367916549,-0.38181510068541247,0.0
persona,ARG,Q57,2,0.1900561638899142,0.08213951560880756,-0.636742247701673,-0.29653899956567253,0.1900561638899141,1.0
persona,ARG,Q58,4,0.2662923659375147,0.07448294673788072,0.3635315790190857,0.08359092646321131,0.23737018199829363,1.0
persona,ARG,Q59,4,0.23853689583420284,0.06886386871394246,-0.4647458146910526,-0.23885891152555416,0.19022866172319208,1.0
persona,ARG,Q60,4,0.29181564828568174,0.07717510973407041,-0.7170489297263484,-0.34592407304499956,-0.007591504490631618,1.0
persona,ARG,Q61,4,0.2547803420776934,0.10835667562598433,-0.6909478734282943,-0.31957771421623254,-0.13406352581509662,1.0
persona,ARG,Q62,4,0.33756703987604253,0.097722349098603,-0.8274140503604263,-0.3831856322526658,-0.25514552777267596,1.0
persona,ARG,Q63,4,0.2388454823602552,0.06396511556504378,-0.621612457299592,-0.3077371484671686,-0.19116552231874584,1.0
persona,ARG,Q64,4,0.06497305711392784,0.003692561209047084,-0.06445949168226561,-0.06353837858266353,0.04204769221621918,1.0
persona,ARG,Q69,4,0.36516363913654665,0.1316192042979963,-0.8417534588570799,-0.3902932336991559,-0.05287246713320792,1.0
persona,ARG,Q70,4,0.3809338574731,0.14474075935879213,-0.6995262916102516,-0.3183882427809707,-0.24834692949640225,1.0
persona,ARG,Q71,4,0.5192851852173723,0.2339755691780338,-1.2072435331959812,-0.5494010620759903,0.014711395985260722,1.0
persona,ARG,Q73,4,0.3546265129111561,0.1145923641061083,-0.6084947504258892,-0.27706250993100257,-0.19432493278708307,1.0
persona,ARG,Q81,4,0.14356364715647352,0.025626987327029005,-0.2648629720697888,-0.16784462634815345,0.05292715442783491,1.0
persona,ARG,Q99,3,0.2637749792139745,0.08719430588772958,0.7119454727574622,0.24506510656046926,0.29517658412829756,1.0
persona,BRA,Q101,3,0.46379036704847154,0.21460727799220383,0.8626216797209447,0.1639047344088972,0.5235203966519408,1.0
persona,BRA,Q103,3,0.06609391471168573,0.01521891841878963,0.22879592482395328,0.020115556261818546,0.049272658749771284,1.0
persona,BRA,Q106,10,0.6620200465592659,0.4538030517849421,-0.8655037376978172,-2.4974663182190584,0.32110041168509174,0.0
persona,BRA,Q107,10,0.521601333878205,0.30341476073879936,0.12200499893406258,-1.4147275729767352,0.6331270764242545,0.0
persona,BRA,Q109,10,0.6291578931209328,0.45543085268164096,-0.20925590463552846,-1.9201482099998248,1.3389308878260775,0.0
persona,BRA,Q174,2,0.08782036648026871,0.029074848173415022,-0.3708225782274066,-0.18715815327832555,0.08782036648026881,1.0
persona,BRA,Q176,10,0.4407681301826384,0.2756929554763667,-0.279254122183624,-1.3842692361007958,1.2859504696400679,0.0
persona,BRA,Q177,10,0.20981246560319736,0.08237034200015018,0.4158487889814826,-0.062118080606198944,0.41154125020501287,1.0
persona,BRA,Q178,10,0.6598789685349435,0.48852223077686935,0.2350201817911315,-1.70871375570847,2.2835736990611624,0.0
persona,BRA,Q179,10,0.09963308773231415,0.03392075662885004,-0.5504703494105581,-0.3149585273239641,-0.2740043165331927,1.0
persona,BRA,Q195,10,0.5282523034087097,0.31051780059013784,0.23533369400253346,-1.564225286811985,0.06043800380368847,0.0
persona,BRA,Q260,2,0.17708907211873173,0.023116345143536145,-0.06523608508441159,-0.022795912430506104,-0.17708907211873193,0.0
persona,BRA,Q275,9,0.795902506855425,0.5646595980557894,-1.277084289306323,-0.9569463969052462,3.0350468046408934,0.0
persona,BRA,Q288,10,0.4423854337034787,0.2868020251997384,-0.9003927685757942,-1.1263775366693571,1.5904174044841017,0.0
persona,BRA,Q43,3,0.5773654708171507,0.25767110883887556,-0.6760517535002553,-0.44223307493543895,-0.01897649181319183,0.0
persona,BRA,Q50,10,0.5668323698325142,0.41517734769372544,-1.7909988759373099,-2.080674294682919,-0.17070398407091592,0.0
persona,BRA,Q57,2,0.0063927856089462005,0.00012437762730038108,-0.02485728185834213,-0.011470974501091163,0.006392785608946072,1.0
persona,BRA,Q58,4,0.18088275523879932,0.05600841404130112,-0.5654119074171562,-0.2891020363770052,-0.29654648779230586,1.0
persona,BRA,Q59,4,0.39266079539230114,0.15303212650520603,-0.9483924925367531,-0.47921381517325545,-0.48363550167832736,1.0
persona,BRA,Q60,4,0.36895965292124194,0.18170882980099023,-0.948485322919597,-0.4242412748256713,-0.5220575984258107,1.0
persona,BRA,Q61,4,0.46429727224883854,0.25585006945388966,-0.5147399777877051,-0.3164345538024106,-0.6655196756568431,0.0
persona,BRA,Q62,4,0.37970178962034673,0.15324305415073727,-0.9948491605180847,-0.4753678955656566,-0.5146364801723475,1.0
persona,BRA,Q63,4,0.501383407022076,0.25626241467559185,-0.9703867352021867,-0.5194349055001708,-0.8474857953640718,1.0
persona,BRA,Q64,4,0.09779095988565945,0.013580047823555652,-0.029694582726462748,-0.07607708094910093,-0.006362520190525078,1.0
persona,BRA,Q69,4,0.5443496961796321,0.24945298137724825,-0.9325225234120291,-0.4924451704129288,0.27411169790792833,0.0
persona,BRA,Q70,4,0.5540711422914982,0.25509261031854885,-0.9660877033950287,-0.5214180377852631,0.2527142669599254,0.0
persona,BRA,Q71,4,0.6587037496594754,0.3902987079396346,-0.9420433111432143,-0.5352905112132407,-0.3617517786664064,0.0
persona,BRA,Q73,4,0.5893958236906821,0.3399949099613889,-0.46147534985969174,-0.32982532102728496,-0.5551309082040041,0.0
persona,BRA,Q81,4,0.22171055476692964,0.06399206846679786,-0.4984700746432431,-0.31058345272134424,-0.05887514936478766,1.0
persona,BRA,Q99,3,0.30875978965614476,0.13463066162609377,0.8337829681440054,0.2624920838248448,0.3281633683329378,1.0
persona,CHN,Q101,3,0.38036613895593646,0.17748593345209185,1.0837644805287405,0.4407795409369125,0.4643542396722523,1.0
persona,CHN,Q103,3,0.1853472800511648,0.05155971087726925,0.6462516212773046,0.34263434632027223,0.2832117278744781,1.0
persona,CHN,Q106,10,0.49899067776625433,0.2637260330593383,-1.0460693653455917,-1.5228628295480378,-0.12277127410000777,0.0
persona,CHN,Q107,10,0.28620082338768443,0.10407232817145792,-0.33622763476063255,-0.5738179409206692,-0.7141786052605426,0.0
persona,CHN,Q109,10,0.5239723368873248,0.27854889806805394,-0.42064140006811046,-0.8446121721339139,1.5766311520445169,0.0
persona,CHN,Q174,2,0.21983389789807173,0.07802086876142988,-0.5995039171384027,-0.25170343926502675,0.21983389789807184,1.0
persona,CHN,Q176,10,0.31177138206577293,0.12478225853377319,-0.5138300997717495,-0.9047054711078506,0.03247639276551162,0.0
persona,CHN,Q177,10,0.34651242677733474,0.11444699404768614,-0.9723234310395792,-0.1712737474506989,-0.9874560777978107,1.0
persona,CHN,Q178,10,0.8736135227600514,0.7283476052926028,1.3198608164170125,0.12311222499899754,4.346082862101133,0.0
persona,CHN,Q179,10,0.11390659255073006,0.05932022520097199,-0.3834544388075408,0.49750414816229194,0.06335481856165193,1.0
persona,CHN,Q195,10,0.5931106271397827,0.4004651454705473,-0.31528089999560693,-2.0567851485397664,0.5756515829499094,0.0
persona,CHN,Q260,2,0.28214298936634974,0.06326963925110773,-0.23486500087393258,-0.08391790947913663,-0.28214298936634963,0.0
persona,CHN,Q275,9,0.823494867690234,0.6325971315275634,-1.3744083567437126,-1.2588599946018937,3.4696955352809447,0.0
persona,CHN,Q288,10,0.49139947050539967,0.27167825676776425,-0.6780597228245524,-0.6905548506076495,1.8027774515969517,0.0
persona,CHN,Q43,3,0.5460744283655437,0.24028839101293195,-0.12932067026307426,-0.2990291509597961,-0.2834115631790839,0.0
persona,CHN,Q50,10,0.526255408470132,0.27330910353157756,-1.453694664922475,-1.52903458425321,0.0828759696790149,0.0
persona,CHN,Q57,2,0.6348900652590019,0.41314726252751643,-0.8981618271587424,-0.4101930005489832,0.6348900652590022,0.0
persona,CHN,Q58,4,0.04055229628100925,0.0029146287594826814,0.06314059451110443,0.014944559160934179,0.0321356619078188,1.0
persona,CHN,Q59,4,0.10400928632616968,0.022416857804364077,-0.26964728321994713,-0.09307324701899589,-0.11855443937955013,1.0
persona,CHN,Q60,4,0.0640849518974615,0.009786129652637728,-0.21695200098793477,-0.07915749566888997,-0.06636124582600145,1.0
persona,CHN,Q61,4,0.298860041126163,0.11740245873224295,-0.054551844068407185,-0.025743640531667333,-0.4686886260582752,1.0
persona,CHN,Q62,4,0.6200276933715554,0.30628429917397426,-0.4113668361368763,-0.14342709265429587,-0.8728567481818619,0.0
persona,CHN,Q63,4,0.6805575787186275,0.3832333197478759,-0.5123843871615176,-0.19793091822956227,-0.9717298707137725,0.0
persona,CHN,Q64,4,0.4371810986963726,0.1912663469363209,0.22240161719554408,0.47928877958551264,-0.045521710229209145,0.0
persona,CHN,Q69,4,0.09568673207456634,0.014398694558979803,0.12341323555643346,0.06091326955268772,0.20624421404229842,1.0
persona,CHN,Q70,4,0.3169106573652214,0.11578121725280008,0.2214428295183719,0.10232088233774828,0.5999993132131001,1.0
persona,CHN,Q71,4,0.3810394359894767,0.1679625800015287,0.15280487613178906,0.05498394693551545,0.6359663601462633,0.0
persona,CHN,Q73,4,0.4823927597293513,0.26343331438015427,0.3038196474256194,0.12586833761611294,0.9173791745039614,0.0
persona,CHN,Q81,4,0.027823181818626096,0.0010066971780577205,0.003360083065207853,0.010662426048681617,-0.025830827293207292,1.0
persona,CHN,Q99,3,0.21756343921216723,0.0786066703727268,0.7158756243322207,0.26012185828590756,0.2449076300469888,1.0
persona,DEU,Q101,3,0.562293042662011,0.27627263049462547,0.6721911899068616,0.07418366666928866,0.6256614363394634,0.0
persona,DEU,Q103,3,0.0844783841839922,0.014081123165261673,0.3185212742061994,0.12199297156509598,0.0994409709681007,1.0
persona,DEU,Q106,10,0.5688394182332698,0.3250163413639753,-1.2763696610764668,-1.5834169871759012,-0.5781068765079134,1.0
persona,DEU,Q107,10,0.4173756461666402,0.16860421423688238,-0.31198219261152627,-0.5779792750261017,-0.8288297993748728,0.0
persona,DEU,Q109,10,0.5659972314472782,0.32115959758846924,-0.6996468567940117,-1.073812733016108,1.3636032033470897,0.0
persona,DEU,Q174,2,0.552748962222104,0.3381771744169831,-0.9405598666697371,-0.422264951097884,0.552748962222104,0.0
persona,DEU,Q176,10,0.5560465601350844,0.32530737509028973,-0.9474783968361695,-1.6826098080462357,-0.5259386239604229,0.0
persona,DEU,Q177,10,0.1459578135660391,0.06722198486881904,0.05510377737864269,0.7332691415284414,0.3905484084409381,1.0
persona,DEU,Q178,10,0.8311449610698698,0.6617792356386859,0.8543290986527181,-0.0925197728182332,4.014686280272928,0.0
persona,DEU,Q179,10,0.08574391968662408,0.04011959036037211,-0.3465792162062443,0.4499507996588078,0.006024394519788867,1.0
persona,DEU,Q195,10,0.19684073584564882,0.07513222854395843,-0.49152834309580107,-0.5347615812151898,-0.4786437061606641,1.0
persona,DEU,Q260,2,0.26865844236501046,0.05620244421839696,-0.19606022447742988,-0.06967348809173796,-0.2686584423650107,0.0
persona,DEU,Q275,9,0.7355219959418249,0.5069636306548984,-1.2747871285823957,-1.2063226910602542,2.486008175213506,0.0
persona,DEU,Q288,10,0.329725025779581,0.15048675521858515,-0.8471056766152649,-0.7706435307188061,0.9025882126976388,0.0
persona,DEU,Q43,3,0.7699972345746133,0.48863783485110535,-0.8936506762259737,-0.6215659255786317,0.03297710716793678,0.0
persona,DEU,Q50,10,0.6818663048563738,0.43162878130290677,-1.7556152146505832,-1.6176948782102905,-0.48783765288067826,0.0
persona,DEU,Q57,2,0.07169520333327051,0.0037113759310704146,0.0019223616781898212,0.0006668223642145032,-0.07169520333327073,0.0
persona,DEU,Q58,4,0.1827463892419752,0.039234845751655034,0.22072488125464307,0.04351406987299711,0.15317302694687163,1.0
persona,DEU,Q59,4,0.2671964388147092,0.09861403662252143,-0.9300566674166595,-0.3630560381546806,-0.10530455051156551,1.0
persona,DEU,Q60,4,0.1809582859088311,0.043314972598422624,-0.5226995797328318,-0.18107943996396064,0.07970977638945342,1.0
persona,DEU,Q61,4,0.5293630992113385,0.2493980925356395,-0.911020242692369,-0.36028592538954435,-0.6905274593282544,0.0
persona,DEU,Q62,4,0.35510678628042924,0.14781088468474987,-1.0235044747438136,-0.41351924664119993,-0.3765281189479781,1.0
persona,DEU,Q63,4,0.32796656134103624,0.1319233539147932,-0.934498939852166,-0.38015852511385073,-0.3605054480472032,1.0
persona,DEU,Q64,4,0.2851001473228113,0.0726325545557264,-0.2461826913817824,-0.13651328319150702,-0.4443126137881048,0.0
persona,DEU,Q69,4,0.09113990036656064,0.010782505060377376,-0.2617380093158519,-0.12060688810176057,-0.031999894392730655,1.0
persona,DEU,Q70,4,0.20717821182921228,0.039590021717859025,-0.5085585682513509,-0.23307793918181774,-0.08807160657328761,1.0
persona,DEU,Q71,4,0.15081417721570095,0.062371266393242,-0.5162531733717795,-0.22546335666357564,-0.15909875102835302,0.0
persona,DEU,Q73,4,0.13464555482156418,0.0480175610517118,-0.44523503479962523,-0.19670862499433206,-0.13584214819767837,0.0
persona,DEU,Q81,4,0.2653762021231968,0.08414947756066839,-0.6599657737420145,-0.27425039364921866,-0.291656081551281,1.0
persona,DEU,Q99,3,0.48086092498348887,0.2352524578822366,0.6808122417062054,0.07110624837704793,0.48875539350819686,0.0
persona,EGY,Q101,3,0.5219691133430769,0.25608062308383495,1.1701403579360918,0.43694444757008427,0.7042123971322137,1.0
persona,EGY,Q103,3,0.1106527269470177,0.050972723876003836,0.5800627029725437,0.34440191550541555,0.14472068992468093,1.0
persona,EGY,Q106,10,0.6500884020489703,0.41867123367992887,-0.8093047639233859,-1.836722947281491,-1.239422313462942,0.0
persona,EGY,Q107,10,0.34597693655286443,0.1855795109770183,-0.07481734488652725,-0.8207581164836704,-0.9130859334839734,0.0
persona,EGY,Q109,10,0.6511619998810219,0.41130625432905576,0.1045871001565577,-0.5598802002931558,2.535719679638848,0.0
persona,EGY,Q174,2,0.3735180415653515,0.12138491325682117,-0.434366810858383,-0.1604218961887922,0.37351804156535184,0.0
persona,EGY,Q176,10,0.30157168352683095,0.10216586577389483,-0.2095094338447323,-0.6485389878180259,0.7784738833196938,0.0
persona,EGY,Q177,10,0.13590795120142127,0.05819761281576218,0.09920097492727042,0.7927060517613769,0.5324870961747745,1.0
persona,EGY,Q178,10,0.8329084023015009,0.6868787695233785,1.334047980773581,0.42236753158600404,4.32264818512155,0.0
persona,EGY,Q179,10,0.03824536566256877,0.031098693951523048,0.06787686229156253,1.0568816534316996,0.22943245943095403,1.0
persona,EGY,Q195,10,0.4360759925626594,0.2687628660597232,-0.16372377752432277,-1.3275528809894386,-0.6832749510039902,0.0
persona,EGY,Q260,2,0.33445280196831056,0.09714345687923966,-0.3941844042881063,-0.14454689045417346,-0.3344528019683104,1.0
persona,EGY,Q275,9,0.7620967539840626,0.5290268603893871,-1.351790599174826,-1.30107234161202,3.3244741340430406,0.0
persona,EGY,Q288,10,0.12600821379601929,0.03880218245545082,-0.14225254623678074,-0.142252778421748,0.2857987981267245,1.0
persona,EGY,Q43,3,0.6201957156224778,0.3555205397372315,0.7705654127337466,0.09387019046187983,-0.667760786371888,0.0
persona,EGY,Q50,10,0.47234870842201815,0.2841814697124241,-1.275316392248476,-1.4868623070127225,0.7612884349677858,0.0
persona,EGY,Q57,2,0.07034444330621992,0.029742811235586888,-0.3480104080642825,-0.20474629553026624,0.07034444330621992,1.0
persona,EGY,Q58,4,0.3162591389196068,0.11499384619143829,0.6341923527458915,0.2168301456732878,0.3180384149400528,1.0
persona,EGY,Q59,4,0.2598775771256999,0.06779310017263371,-0.3211402492283757,-0.16874208723806727,0.2698039891860573,1.0
persona,EGY,Q60,4,0.3654367286918668,0.12262355432684491,-0.46190638720462596,-0.23485883675463104,0.32195312214439786,0.0
persona,EGY,Q61,4,0.2833866636912146,0.11868213010150634,-0.4784720240173588,-0.21437467256452492,-0.36147756962188415,1.0
persona,EGY,Q62,4,0.2359353130830066,0.053864084625041664,-0.4971089742471342,-0.2336189628390708,-0.2761720369638887,1.0
persona,EGY,Q63,4,0.5403484714303258,0.27537866101237424,-0.3768860759653134,-0.18500846728970244,-0.9057880756270875,0.0
persona,EGY,Q64,4,0.1488395083003492,0.034083988635626,0.14331512395928736,0.2295717921822117,0.25197525534544596,0.0
persona,EGY,Q73,4,0.49192055294037906,0.22870339094450637,-0.3942188026423734,-0.20216388746281672,-0.5367930807557011,0.0
persona,EGY,Q81,4,0.15846572193308966,0.04673356056179348,-0.25233609574606586,-0.20920357156779712,-0.2706601294876836,1.0
persona,EGY,Q99,3,0.1370190192497579,0.06164649979313047,0.6368073291412117,0.33784308185850476,0.16125961725323124,1.0
persona,GBR,Q101,3,0.5843499213275423,0.27737044559333857,-0.044905260275341474,-0.242053870143637,0.35836033330660416,0.0
persona,GBR,Q103,3,0.10422952126417534,0.023108044319217334,0.2085078054886761,-0.021961840940708577,0.0514244962883641,1.0
persona,GBR,Q106,10,0.5589450643448579,0.34945482220770496,-1.3303012966285745,-1.8556136220824277,-0.41000737128481735,0.0
persona,GBR,Q107,10,0.2924776837704695,0.1340250959553513,-0.5636114580824425,-0.9173772722780118,0.4094517111256488,0.0
persona,GBR,Q109,10,0.48190848443212536,0.2606303048408909,-0.816956741345769,-0.9747889991086408,1.242484914672965,0.0
persona,GBR,Q176,10,0.47270437783590064,0.27610298094057895,-1.0382842514544555,-1.5283280237446164,-0.42677923603073165,1.0
persona,GBR,Q177,10,0.14756847670727619,0.055566967532062125,-0.04827641769682667,0.46252563932521507,0.3058359002413744,1.0
persona,GBR,Q178,10,0.6868095108872811,0.4540740285454198,0.4646469974243259,-0.2903264986680185,3.4353125360015047,0.0
persona,GBR,Q179,10,0.19775844248354943,0.09488207063387577,-1.0040906279726052,-0.29778198848631376,-0.36248970450450857,1.0
persona,GBR,Q195,10,0.3673200628269707,0.1429194159429228,-0.7955382367432633,-0.8633917022073794,-1.7090564854257866,1.0
persona,GBR,Q260,2,0.10471259408689901,0.00808430741365919,-0.04280452569747051,-0.014913139497725991,0.10471259408689892,1.0
persona,GBR,Q275,9,0.6992944214364964,0.4710300659828078,-1.8036856166603084,-1.3469201023079116,1.9445614088276004,0.0
persona,GBR,Q288,10,0.5699046663978118,0.31604589478583944,-1.1887803588818304,-1.3288586245065441,0.021806155398190974,0.0
persona,GBR,Q43,3,0.5523843403974906,0.26814772265459286,-1.0663920158562559,-0.4828889052415905,0.22154801764016363,0.0
persona,GBR,Q50,10,0.6956695819450394,0.4782951095782475,-1.9135128849782057,-1.6568852530308136,-0.9140861047336486,0.0
persona,GBR,Q57,2,0.16703868171360176,0.021542200194989806,-0.12155993739611881,-0.042807396831807454,0.1670386817136016,1.0
persona,GBR,Q58,4,0.22975469118292605,0.05327267824698564,0.15687898068233797,0.009874545105294341,0.18627451878863144,1.0
persona,GBR,Q59,4,0.29395424038191725,0.1023591071497425,-0.959104042144024,-0.3901975563739645,0.04117234240719214,1.0
persona,GBR,Q60,4,0.320712466701634,0.0851408012040749,-0.40708185675878905,-0.15035957260416483,0.2742300607468935,0.0
persona,GBR,Q61,4,0.3869114879356428,0.1510215361397509,-0.9495560775638684,-0.3843149058342796,-0.45416963572662805,1.0
persona,GBR,Q62,4,0.23756586223851428,0.08151980020506566,-0.9049579404408974,-0.36149247539599527,-0.026395580970020927,1.0
persona,GBR,Q63,4,0.18130977064361903,0.047174297296874515,-0.6930276966317737,-0.2824675170291342,-0.030111695028794072,1.0
persona,GBR,Q64,4,0.2345737255720492,0.051312742105580345,-0.26453169769481355,-0.1505024851744493,-0.3356204118985415,0.0
persona,GBR,Q69,4,0.2230258275400745,0.05130920854710441,-0.5737657000454621,-0.2604174808627825,-0.09867645149038218,1.0
persona,GBR,Q70,4,0.1575717137507927,0.04879676633941907,-0.5187219852127147,-0.23917978093806425,0.014658417930138334,1.0
persona,GBR,Q71,4,0.32910202398385435,0.17612282001176793,-0.8882899556016646,-0.38355435595166204,-0.2152807023292751,1.0
persona,GBR,Q73,4,0.264670494878037,0.12857747925304194,-0.7297621173247538,-0.3013466034067084,-0.21960056284273088,1.0
persona,GBR,Q81,4,0.25914037612747987,0.06889093384723743,-0.685020017621488,-0.28870101500474116,-0.1485221976038409,1.0
persona,GBR,Q99,3,0.46985681568474896,0.20050940846192405,0.3730810001533328,0.020857641841469654,0.3963257229951119,0.0
persona,GRC,Q101,3,0.6225043688903891,0.3523459767203271,1.2534441636177607,0.4460045906530698,0.8362860646894941,0.0
persona,GRC,Q103,3,0.10845014740522067,0.02748630334253918,0.47644351145752395,0.25338477540976806,0.15099601865961082,1.0
persona,GRC,Q106,10,0.541857863048201,0.317919233174657,-1.1861540026429065,-1.5154785909758797,0.05294659177451422,1.0
persona,GRC,Q107,10,0.22679369759665216,0.054143993157337846,-0.18239508020229378,-0.3126576279542357,-0.10274288491806338,0.0
persona,GRC,Q109,10,0.4044348518623361,0.1923974831155701,-0.6979207118046995,-1.0485143646109873,0.6640264186075404,0.0
persona,GRC,Q174,2,0.13327491353098275,0.047541946872523284,-0.4865658986474972,-0.22830468948292626,0.13327491353098275,1.0
persona,GRC,Q176,10,0.2671183969366072,0.09620313107379588,-0.4870308406410957,-0.6887898870072986,-0.4088748263198436,0.0
persona,GRC,Q177,10,0.1278175995178913,0.055932226966474444,0.06927581718098796,0.7767971486573704,0.4110319992992424,1.0
persona,GRC,Q178,10,0.7010630648794409,0.47839831501407426,0.42715825843461674,-0.536947639970655,3.3544069087026527,0.0
persona,GRC,Q179,10,0.0396544977210699,0.026435041609472264,0.0519932583425336,0.7948289633822732,0.22482119153777536,1.0
persona,GRC,Q195,10,0.39293744167696704,0.13196213853381655,0.5801293125152331,0.3593614916465362,1.5475934849291715,1.0
persona,GRC,Q260,2,0.24035758343806107,0.043423893173738765,-0.12244451044699667,-0.04311424312562179,-0.24035758343806113,0.0
persona,GRC,Q275,9,0.7589919818624256,0.5201072948957003,-1.3842540996841306,-1.218546210169617,3.0594489865034324,0.0
persona,GRC,Q288,10,0.36965607958727076,0.206345718016273,-0.8194351705479153,-0.7795046566953804,1.1943549590810898,0.0
persona,GRC,Q43,3,0.6429115800269247,0.33217922290165003,-0.3993974493529293,-0.40533660794484283,-0.30995713099508615,0.0
persona,GRC,Q50,10,0.5041383435652665,0.3198668616321315,-1.6005571754698218,-1.4874207494078067,0.8608513919130321,0.0
persona,GRC,Q57,2,0.1836731580884011,0.04349386495320448,0.41946603846446134,0.16412896189640852,-0.18367315808840123,1.0
persona,GRC,Q58,4,0.12180389840702184,0.023453411862851492,0.2937377353681656,0.10281318191832273,0.11493676368514527,1.0
persona,GRC,Q59,4,0.3565662616042612,0.17114910909160747,-0.921750318543861,-0.40123334270233124,-0.43322563570686556,1.0
persona,GRC,Q60,4,0.211416425733242,0.07640765891195855,-0.6862744441494977,-0.278671947038867,-0.13161660954519006,1.0
persona,GRC,Q61,4,0.5821451971423193,0.3748289157664151,-0.33516355018972743,-0.14334882693384532,-0.987265295454987,0.0
persona,GRC,Q62,4,0.7058209312600056,0.42483660071519747,-0.8635971080170339,-0.36148214690096153,-1.0417390086414362,0.0
persona,GRC,Q63,4,0.6967836851034789,0.4136828195900426,-0.7592556484867528,-0.3280324323897127,-1.0476195136974846,0.0
persona,GRC,Q64,4,0.13487648036602176,0.017041159382180773,-0.19242335871456429,-0.11856508743198346,-0.2218508068451137,1.0
persona,GRC,Q69,4,0.2654360992666186,0.08109585438428572,-0.32125389913198554,-0.17804066459886692,0.35115293455654095,0.0
persona,GRC,Q70,4,0.3077056660561936,0.07840739777667893,-0.4091602614714045,-0.20803133744040314,0.26408101936070816,0.0
persona,GRC,Q71,4,0.47503741511231323,0.2574703250352277,-0.7057890305408461,-0.32637657621307803,-0.47817150274234965,0.0
persona,GRC,Q73,4,0.40840898803426867,0.19165667787817775,-0.4602783539258455,-0.221670624372601,-0.49248290169793796,0.0
persona,GRC,Q81,4,0.28549523174380914,0.08001987575552817,-0.451158617943324,-0.2236270398064112,-0.41841556029527016,1.0
persona,GRC,Q99,3,0.43437703662591787,0.20692163478683953,1.1082729415548889,0.4248874704362072,0.5292555599706286,1.0
persona,IDN,Q101,3,0.2540825072584741,0.0695923232744958,0.06792881373967741,-0.17283074688401,-0.013539458627471523,1.0
persona,IDN,Q103,3,0.07061587925839438,0.00970333921414646,0.11156679038951112,-0.03688644136273389,0.017854458490007108,1.0
persona,IDN,Q106,10,0.6671713356864213,0.4437151604071438,-0.9847609891148625,-1.9365427878781107,-1.3676929575014762,0.0
persona,IDN,Q107,10,0.43915348856384967,0.22966965767664235,-0.21635618438715332,-1.111961505530569,-1.1294668736343807,0.0
persona,IDN,Q109,10,0.5778841169083776,0.34867806635774223,-0.7201571037487451,-1.8194242367825502,0.7015535417343752,0.0
persona,IDN,Q174,2,0.38382092494449505,0.1650476963741238,-0.7218424661985379,-0.2882593526289482,0.38382092494449505,1.0
persona,IDN,Q176,10,0.420414342282185,0.19842764314701167,-0.5641422580581668,-1.3195333030518077,0.3406005390331446,0.0
persona,IDN,Q177,10,0.4517016990053708,0.19357504825163713,-1.696427753636449,-0.994101612590949,-1.6797070725494934,1.0
persona,IDN,Q178,10,0.7562527143852628,0.553174202825272,0.19204678930653474,-1.136184306426091,3.0722844202504076,0.0
persona,IDN,Q179,10,0.21337557348102282,0.0953841474854234,-1.039736285386672,-0.3032831611744884,-0.39820739752474754,1.0
persona,IDN,Q195,10,0.6408752157417541,0.42896373909947083,0.005256706881169304,-1.400896288443447,2.39433185296496,0.0
persona,IDN,Q260,2,0.2583893709384313,0.05222163024344638,-0.19657046219824081,-0.06985033486046277,-0.2583893709384313,0.0
persona,IDN,Q275,9,0.8072697090151439,0.6449219582357217,-1.478154318289139,-0.724791717752191,3.6427716935659653,0.0
persona,IDN,Q288,10,0.46454819924440394,0.2582604959974671,-0.9961316160200848,-1.364145331884745,0.9685597422076633,0.0
persona,IDN,Q43,3,0.69156650291501,0.3944247108209662,-0.3810379201858016,-0.48959762969902226,0.03689081666464977,0.0
persona,IDN,Q50,10,0.5869410740148191,0.43587598271432,-1.7448254988160508,-2.0500394261295862,-0.5619808049483499,0.0
persona,IDN,Q57,2,0.04009066031794582,0.012736073430903081,-0.215775910121157,-0.13124879635075,0.040090660317945837,1.0
persona,IDN,Q58,4,0.09242101152733169,0.022373608075448557,-0.3276975870510256,-0.15960448670402816,-0.13718171864458317,1.0
persona,IDN,Q59,4,0.33295142524236143,0.12116506356819241,-0.7539564526512573,-0.3188225820178564,-0.3581683153020636,1.0
persona,IDN,Q60,4,0.45650353386204745,0.2379457760541394,-1.0178511297924924,-0.4559955542582669,-0.6021734251392044,1.0
persona,IDN,Q61,4,0.5196447263052104,0.3243256943186097,-0.31995498369701436,-0.192089844512498,-0.7788964587481284,0.0
persona,IDN,Q62,4,0.5801321580901666,0.2960880221603021,-1.003302135279182,-0.4424351744075068,-0.8073990597634988,0.0
persona,IDN,Q63,4,0.6063613339152895,0.34205266346144536,-0.6728838635733542,-0.3328718232276917,-0.989904853681165,0.0
persona,IDN,Q64,4,0.6126986919124889,0.3305619911837545,1.2366822385407243,0.6138972547328951,1.1513396100221727,0.0
persona,IDN,Q69,4,0.3113148261275007,0.11830302326203335,-0.4523300449528769,-0.24342550210333969,0.4996184155509624,0.0
persona,IDN,Q70,4,0.46235612341422566,0.2209328776126519,-0.5645221341574522,-0.29050549028149664,0.7600951523373767,0.0
persona,IDN,Q71,4,0.6107803636578415,0.3555751960517226,-0.7952637494230491,-0.3709638511156382,0.9563299001811509,0.0
persona,IDN,Q73,4,0.38110585459090507,0.1320947332242669,-0.7936855037531687,-0.38297532216965624,0.3916468227207872,1.0
persona,IDN,Q81,4,0.302284191966376,0.08788448411973918,-0.12042760033688715,-0.09460367515826529,0.4161922357511818,1.0
persona,IDN,Q99,3,0.16376889802115224,0.06778097149915042,-0.1695012434501868,-0.25893451841483095,-0.17230905648636363,1.0
persona,IND,Q101,3,0.29235660234831784,0.06305251426851646,0.3405091398347315,0.07088453244750503,0.3908494131740513,1.0
persona,IND,Q103,3,0.10808597792949916,0.01348766046222313,-0.19318988757229105,-0.11693851175053571,-0.2098426504338427,1.0
persona,IND,Q106,10,0.6929687851497062,0.48107049807978175,-0.9077284222023918,-1.9361546199640094,-1.6464010985938673,0.0
persona,IND,Q107,10,0.4523588991137575,0.24103394298426578,-0.4290490552370678,-1.4070350462945906,-0.9197346004211973,0.0
persona,IND,Q109,10,0.5262303703519527,0.2907844722029006,-0.8713224678874569,-1.7658159566615432,0.14952570481132632,0.0
persona,IND,Q174,2,0.2547774835972858,0.09042507648521617,-0.6172710319004864,-0.25141854350429327,0.2547774835972858,1.0
persona,IND,Q176,10,0.4775244718956085,0.251339609866232,-0.43451551415223966,-1.133374555110199,-1.3692311031321962,0.0
persona,IND,Q177,10,0.2736269275478574,0.09333987922731218,-1.0534758350395088,-0.47494217472470535,-0.7746877351826627,1.0
persona,IND,Q178,10,0.7712470512985602,0.5755462889610268,0.4854679257874035,-0.6102357874701534,3.8034842280246752,0.0
persona,IND,Q179,10,0.23414754037084556,0.0993465156400578,-1.1273919093015303,-0.2820219806531443,-0.48121121198285177,1.0
persona,IND,Q195,10,0.5327347027135043,0.32275766603249406,-0.16391591943018868,-1.4329491133453576,1.8441182494946475,0.0
persona,IND,Q260,2,0.3823372534755325,0.13390577402965925,-0.5098002328680831,-0.19116012744858163,-0.38233725347553227,1.0
persona,IND,Q275,9,0.7174641266442303,0.4931839637841229,-1.7989671478029754,-1.5855698429544822,2.669703475958273,0.0
persona,IND,Q288,10,0.5041218519264573,0.25832692227667275,-1.2025852281100726,-1.5234976722279014,-0.066826787270867,0.0
persona,IND,Q43,3,0.5965411794461892,0.2848485983604557,-0.2332510626288553,-0.37008526731278457,-0.19888088823742534,0.0
persona,IND,Q50,10,0.6431172303497845,0.43071007299252206,-1.829884404848694,-1.92418894273783,-0.6105511202370177,0.0
persona,IND,Q57,2,0.16041083971434733,0.06635754136040381,-0.5736251850525823,-0.27261497352157915,0.16041083971434733,1.0
persona,IND,Q58,4,0.09856321938075772,0.028786132254828234,0.032021580590502086,-0.10904025310586807,0.017287005604708305,1.0
persona,IND,Q59,4,0.33909658813208016,0.11125386388538394,-0.8350333432107347,-0.4265405251919387,0.036290098494958345,1.0
persona,IND,Q60,4,0.3413373924843305,0.1113756902045345,-0.8316752573777576,-0.39898943582386925,-0.10541264294940844,1.0
persona,IND,Q61,4,0.4037059791127485,0.20896976671323614,-0.8041711185095923,-0.45305813063752554,-0.26408492881358603,1.0
persona,IND,Q62,4,0.432147657249494,0.17475113277916,-1.1280596704724868,-0.5520514590337611,-0.38576982377342617,1.0
persona,IND,Q63,4,0.5114463988047255,0.2477942156073718,-0.9110330652934804,-0.49698698197098357,-0.7038893192015796,0.0
persona,IND,Q64,4,0.4887501684282405,0.2117674582906911,0.7006028113208431,0.3981593880557167,1.1511371260314582,0.0
persona,IND,Q69,4,0.53892547037581,0.29624850593709373,-0.9018465308935886,-0.5333630754968395,0.6549721483184676,0.0
persona,IND,Q70,4,0.5225422950394571,0.3022250150540349,-0.6663528726879033,-0.4274552915585452,0.7918862464009391,0.0
persona,IND,Q71,4,0.590308007221908,0.33027020097234394,-1.096059654526844,-0.5778379884013323,0.5985851369908217,0.0
persona,IND,Q73,4,0.5464269445389355,0.3133592138329256,-0.7387501692040224,-0.45531169985239717,0.7466435239682436,0.0
persona,IND,Q81,4,0.3346664566733536,0.10534306843121766,-0.44144423423026025,-0.3369197983125516,0.16418415940984588,1.0
persona,IND,Q99,3,0.07506996874717282,0.009495698437940504,-0.0316924341496172,-0.08069947636405017,-0.027029507866556002,1.0
persona,JPN,Q101,3,0.43633691502754063,0.2110573730908011,1.1162537343807484,0.4149315968459933,0.5288675943844048,1.0
persona,JPN,Q103,3,0.1444725863555987,0.0428305088853487,0.5752471014312996,0.2351539175273648,0.18257923776731355,1.0
persona,JPN,Q106,10,0.33075498693559213,0.15832532814071076,-0.9514979362767164,-1.070497667443287,0.16186771579977322,0.0
persona,JPN,Q107,10,0.3372016301653993,0.10888128543049039,0.27865384715410224,0.25922332643197277,0.33627707962192144,0.0
persona,JPN,Q109,10,0.3951533621654616,0.20669956890989943,-0.5663400984397042,-1.0680382176556453,0.44280867662880574,1.0
persona,JPN,Q174,2,0.2111338580177725,0.09759140274344645,-0.6910441295642351,-0.3242756947742478,0.21113385801777262,1.0
persona,JPN,Q176,10,0.31550680527848873,0.12824868104147163,-0.24924640657148123,-0.4275272876279028,0.7373646483358964,1.0
persona,JPN,Q177,10,0.18500283198619938,0.06425466583275377,-0.4910833658670617,0.1780538398285083,-0.07584777670084608,1.0
persona,JPN,Q178,10,0.8852774055448007,0.7863116239194643,1.9025081454655521,0.6126477317454115,4.449594110071192,0.0
persona,JPN,Q179,10,0.02547788343054879,0.018962148119438173,0.002260636843715136,0.47761102975244685,0.11850567911731047,1.0
persona,JPN,Q195,10,0.5560994156023342,0.36276741703309934,-0.46440905836270385,-1.483224687663508,-1.2162821209013908,0.0
persona,JPN,Q260,2,0.2697170307934045,0.05429669957220738,-0.11407025442985586,-0.040206791793899854,-0.2697170307934047,0.0
persona,JPN,Q275,9,0.672170810718375,0.4182488788390114,-1.3691786655503573,-0.9748077367632402,1.6832491809419938,0.0
persona,JPN,Q288,10,0.6511776722739828,0.4481992393518971,-1.2949749661707302,-1.7613180918071993,1.824421367896445,0.0
persona,JPN,Q43,3,0.5009741423753258,0.23016839847297393,-0.48881657186833083,-0.25988626198024356,-0.4762605763848573,0.0
persona,JPN,Q50,10,0.5965146208090479,0.33406191168070626,-1.6764035681879648,-1.5760427787974565,0.49702986503117597,0.0
persona,JPN,Q57,2,0.1541586746951247,0.02152323951292704,-0.21374892782577537,-0.07745323479619531,0.15415867469512468,1.0
persona,JPN,Q58,4,0.08477986779037132,0.010298758022429817,-0.2118766635946222,-0.08885892776807591,-0.09823636231481903,1.0
persona,JPN,Q59,4,0.3430446655523052,0.18810052514813197,-0.6331006614524105,-0.24451356911679606,-0.5059678042385805,1.0
persona,JPN,Q60,4,0.12545554531747366,0.05054785972259768,-0.5274026884619959,-0.20043953529602404,-0.14230616467680712,1.0
persona,JPN,Q61,4,0.6248099553864936,0.3549101025414293,-0.43851366994745344,-0.16213490149666077,-0.8930799363152362,0.0
persona,JPN,Q62,4,0.7287297309923502,0.4587793421357734,-0.9354388513673938,-0.3720588581965755,-1.0300675820962861,0.0
persona,JPN,Q63,4,0.6750632521538583,0.3968053010099999,-0.8027037589366278,-0.3143115822552448,-0.8803736188762565,0.0
persona,JPN,Q64,4,0.38278225194311016,0.17892954368523278,0.5071893203242852,0.5006256800952631,-0.6392096392201658,0.0
persona,JPN,Q69,4,0.08888455424398214,0.01319339512084879,-0.05251654030609276,-0.020017436255888144,-0.1695948215966021,1.0
persona,JPN,Q70,4,0.09306398853094901,0.01291184586674668,0.09713932358855226,0.04101683693685809,0.1717703149746923,1.0
persona,JPN,Q71,4,0.11516004327894881,0.03904575781485217,-0.36199343753334867,-0.16093982791156003,-0.18316758539185507,0.0
persona,JPN,Q73,4,0.18356280029365718,0.03631471483913587,-0.10371126085835791,-0.05050916400619865,-0.29870116562778115,0.0
persona,JPN,Q81,4,0.4618332274239735,0.1961335961122576,-0.3281227034852823,-0.14555390719415018,-0.7275051903664584,0.0
persona,JPN,Q99,3,0.2803939304155314,0.1304111539197857,0.9104346515496567,0.38116064289073054,0.3117704424048114,1.0
persona,MEX,Q101,3,0.378019621852943,0.11385579367053938,0.6298248768106266,0.17885971330143657,0.49447760470823615,1.0
persona,MEX,Q103,3,0.01386528799790459,0.000434766863157866,-0.013683366117373197,0.012541580361516758,0.0004754711651366872,1.0
persona,MEX,Q106,10,0.6326770318589647,0.4086690629758837,-1.11308421372666,-2.2336470959754267,-0.32098737620682094,0.0
persona,MEX,Q107,10,0.27076672144716096,0.12418683215811023,-0.13278836738525568,-0.7119512107775692,-0.7299251551472219,0.0
persona,MEX,Q109,10,0.5429344441028597,0.3240476919519204,-0.7044560477711181,-1.7488340825019126,0.6342753647412591,0.0
persona,MEX,Q174,2,0.10244017430106896,0.023536029536591244,-0.34419144066072416,-0.15083489363249783,0.10244017430106922,1.0
persona,MEX,Q176,10,0.4045846425667116,0.194666441135746,-0.5548641955557794,-1.2545370003430734,-0.4972684938676988,0.0
persona,MEX,Q177,10,0.4985084803072726,0.22202239937835092,-1.496397349400015,-1.0376714598494736,-2.5382104183592324,1.0
persona,MEX,Q178,10,0.5625127959222533,0.3462422324378589,-0.533294129896162,-1.6315664837046693,1.6181079834370937,0.0
persona,MEX,Q179,10,0.32298713084169745,0.14189341786909904,-1.591035670035111,-0.9747186970243857,-1.0634657701894483,1.0
persona,MEX,Q195,10,0.5596991027446727,0.3201107947022821,0.0044235913354429,-1.4460609846911432,1.0545612229638879,0.0
persona,MEX,Q260,2,0.2994360653161119,0.07068425839352227,-0.23351834466805033,-0.08345111403932487,-0.2994360653161119,0.0
persona,MEX,Q275,9,0.7186124263160395,0.47370467830392166,-1.511347023826509,-0.7082025873720963,2.480353994984479,0.0
persona,MEX,Q288,10,0.4855495143640142,0.2942080609170006,-1.1342209985027498,-1.4302234317086184,1.272739764440355,0.0
persona,MEX,Q43,3,0.5533618727297916,0.23395114017076785,-0.586945609659794,-0.41215310547147,-0.042265915714641444,0.0
persona,MEX,Q50,10,0.6180810956325031,0.44180783326314865,-1.6871792287561211,-1.7806130734865835,-0.824507899699042,0.0
persona,MEX,Q57,2,0.08592874402468931,0.025027684609892558,-0.3483172796346605,-0.1696604456514768,0.08592874402468942,1.0
persona,MEX,Q58,4,0.07933901322370243,0.037116463689754145,-0.33675804117248065,-0.23020821051007684,-0.1335548559875568,1.0
persona,MEX,Q59,4,0.43329779165234594,0.16858559562802883,-0.8828356788372147,-0.4324531597469418,-0.47379277351191806,1.0
persona,MEX,Q60,4,0.5422989573518164,0.3010305987374489,-0.9345833295077008,-0.4357993083319685,-0.8032224469700362,0.0
persona,MEX,Q61,4,0.5669728999878912,0.3478549371060442,-0.3575949920794972,-0.2421567384819624,-0.8066885713654162,0.0
persona,MEX,Q62,4,0.5844275820046326,0.31329514367113886,-0.9038539118068858,-0.4508825348986071,-0.9177073084920604,0.0
persona,MEX,Q63,4,0.6100743837582664,0.37101134748334996,-0.7481754488298951,-0.43265213662975577,-1.0652013341651099,0.0
persona,MEX,Q64,4,0.1548634526602432,0.025782530558103728,-0.1850315668540008,-0.15174912838918242,-0.21587798655673263,0.0
persona,MEX,Q69,4,0.48731756787090996,0.2678048614129629,-0.831939227142842,-0.4527312999638601,-0.3527008436647905,0.0
persona,MEX,Q70,4,0.46726501681164845,0.24044364005515098,-0.763904355076418,-0.43155777085394886,-0.3308641105916723,0.0
persona,MEX,Q71,4,0.6110512274726427,0.3558251603118593,-1.0078080593623469,-0.5309146009419512,-0.3869356862105904,0.0
persona,MEX,Q73,4,0.4676267528599546,0.20120371398011694,-0.0021647062560641306,-0.08948217648415557,-0.693954417618539,0.0
persona,MEX,Q81,4,0.2974419855478092,0.12035524395005792,-0.5583871867563579,-0.37625173823059854,-0.42922558169167546,1.0
persona,MEX,Q99,3,0.10335308864831443,0.014464416599609954,0.2036128223827175,0.02327628493859424,0.08584712628574959,1.0
persona,NGA,Q101,3,0.2889196913256226,0.08079970482062734,0.3570563800905593,0.010484220092784824,0.2915619050307887,1.0
persona,NGA,Q103,3,0.08213356585910336,0.012738505314580657,-0.19316622141543816,-0.15632994738449146,-0.14883148710081173,1.0
persona,NGA,Q106,10,0.6742136385817484,0.4503896061642583,-0.4050987340489218,-1.6901792943263478,-1.7547161071883979,0.0
persona,NGA,Q107,10,0.48294397765745123,0.2758372422163013,-0.056655000212415096,-1.2932455269847982,-0.6151209343379955,0.0
persona,NGA,Q109,10,0.627972417905601,0.3929332478616443,-0.2972221052284998,-1.4290907060272138,2.0023996054854045,0.0
persona,NGA,Q174,2,0.30617937134018125,0.10273130469883032,-0.5720539999682985,-0.221114581311269,0.30617937134018125,1.0
persona,NGA,Q176,10,0.3623151692873615,0.15983696237796938,-0.403415010998724,-1.1530240195080603,0.550257274094121,0.0
persona,NGA,Q177,10,0.2018073904297365,0.09143274380570064,-0.0719119976387097,0.22487363037407482,0.25610601866459826,1.0
persona,NGA,Q178,10,0.8496705709720561,0.6918104261645491,0.8788571692700204,-0.4247172189476005,4.231887372302838,0.0
persona,NGA,Q179,10,0.22503002621231558,0.10579123447686137,-1.0188369467522196,-0.22199576703251478,-0.39070244337387816,1.0
persona,NGA,Q195,10,0.6968765033820132,0.446986757442164,0.6462026595857364,-0.5898565252406398,3.055240338573289,0.0
persona,NGA,Q260,2,0.3112242291416968,0.08030938093246259,-0.314529106571491,-0.11376483580745883,-0.3112242291416969,1.0
persona,NGA,Q275,9,0.776658787938185,0.6256660914983434,-0.9184293693652907,-0.68425359875231,2.7215540342153397,0.0
persona,NGA,Q288,10,0.30776750426677313,0.10557418372644274,-0.6142180169722908,-0.7225379462899011,0.44456026052653197,0.0
persona,NGA,Q43,3,0.40459443713947574,0.16524273580100013,-0.19132839181347272,-0.31108687624952813,0.19463526503103612,0.0
persona,NGA,Q50,10,0.6097908305561367,0.3646868485923599,-1.4323736497715571,-1.743437022105407,0.12248279708056131,0.0
persona,NGA,Q57,2,0.13034146563207022,0.06661993024503213,-0.5536375298028272,-0.3151314990753841,0.13034146563207005,1.0
persona,NGA,Q58,4,0.23549552726056117,0.05705558220832263,-0.2438142873444653,-0.1887120416579734,0.03708644926640847,0.0
persona,NGA,Q59,4,0.2646696062763769,0.09017667897077097,-0.5780215894967959,-0.3291759859604855,0.10105576482072598,1.0
persona,NGA,Q60,4,0.3269327634716179,0.10412560288211399,-0.7644938476000676,-0.3930648138663193,-0.209321926452255,1.0
persona,NGA,Q61,4,0.44622241785385114,0.19963489749592556,-0.968855838994787,-0.47465774544952843,-0.13954646122424874,1.0
persona,NGA,Q62,4,0.37170217101485736,0.1362443439107122,-0.727847794145936,-0.37123800065190826,-0.4454685198193151,0.0
persona,NGA,Q63,4,0.2847954928994889,0.11768995110941065,-0.44111661624424636,-0.26014446264943036,-0.49258663366265854,0.0
persona,NGA,Q64,4,0.4505631520208523,0.15772922019144253,0.5589880918135199,0.16411231029933404,0.7279578359224586,0.0
persona,NGA,Q69,4,0.563764255285683,0.27784501868791367,-1.1269250915836744,-0.5910386385398108,-0.11584090333108454,0.0
persona,NGA,Q70,4,0.4892510750579209,0.2007522279013555,-1.1320965446675233,-0.5446051736344684,0.31537607331839057,1.0
persona,NGA,Q71,4,0.551041719655915,0.26412318292141945,-1.3681998570295992,-0.6658915009117246,0.2893152591314152,1.0
persona,NGA,Q73,4,0.3851536466152598,0.13250805079257805,-0.8921125669891274,-0.4348178465736392,0.0677136081964802,1.0
persona,NGA,Q81,4,0.28435774826331855,0.08841959605981972,-0.3752523967328314,-0.26135909590420114,0.32798388777568643,1.0
persona,NGA,Q99,3,0.08135394012935476,0.022595304441625483,-0.32044274548745766,-0.23080537836081827,-0.159285884391033,1.0
persona,NLD,Q101,3,0.6085651399496935,0.29109001577449545,0.6596984637765426,0.16498386085264188,0.7398381106489575,0.0
persona,NLD,Q103,3,0.11866772798112296,0.031117934608535992,0.4915229234536575,0.22621531233832715,0.1486657821031769,1.0
persona,NLD,Q106,10,0.4978374338090537,0.24950613287737866,-1.1754202603629769,-1.4596123764534088,-0.09604650197295417,1.0
persona,NLD,Q107,10,0.2794149624145663,0.10450215077821719,-0.27947032431860563,-0.3614417765473046,-0.8408387818639982,0.0
persona,NLD,Q109,10,0.2564929307682801,0.09859610340468894,-0.6311771453125181,-0.6836707979565497,0.029458005694246836,0.0
persona,NLD,Q174,2,0.39720821859288435,0.22287323451238417,-0.9353318931039186,-0.428383575856386,0.39720821859288447,1.0
persona,NLD,Q176,10,0.3426210529701805,0.1560514779710868,-0.7842111542920538,-0.9330287431321755,-0.19962834276260377,1.0
persona,NLD,Q177,10,0.22306823830581432,0.08282447016785477,0.6029168960788285,0.7639106704517162,0.8061118752168384,1.0
persona,NLD,Q178,10,0.757155173552296,0.5832261632252451,0.6427249313650627,0.020305091920404417,3.9460707544216587,0.0
persona,NLD,Q179,10,0.1593025400834943,0.07197905205807731,-0.7376068667813325,0.005258621398405605,-0.18980295724999996,1.0
persona,NLD,Q195,10,0.4623136184876684,0.20504447666911776,-1.8443578253174975,-1.1549980470157064,-1.9076190604159136,1.0
persona,NLD,Q260,2,0.025113563822861007,0.0004595232847695741,-0.007216420930825307,-0.0025054258114092787,0.025113563822861007,1.0
persona,NLD,Q275,9,0.5404203700663368,0.3349374776055332,-1.6169739757399808,-1.3553506880129227,1.5075530611667736,1.0
persona,NLD,Q288,10,0.5765596605636626,0.34862307977638807,-1.381055906051875,-1.774797834630625,0.35197401363652503,0.0
persona,NLD,Q43,3,0.5749433897799938,0.2923157278842371,-1.1478699953686662,-0.529610827088872,0.11481940741075869,0.0
persona,NLD,Q50,10,0.5614614279155682,0.3190825818713624,-1.6681141418954266,-1.2175395479776703,-0.33483964875612404,0.0
persona,NLD,Q57,2,0.268741436555935,0.0716304875896929,-0.43639480891335036,-0.16325464327635963,-0.26874143655593485,1.0
persona,NLD,Q58,4,0.05939922838575723,0.017550878222225022,-0.07298040496970515,-0.12341446093679503,-0.01076685460797,1.0
persona,NLD,Q59,4,0.4047464382734331,0.15896866840490853,-0.9835689207194013,-0.4189758443710525,0.16214877240850423,1.0
persona,NLD,Q60,4,0.4109405801025335,0.13260672512189403,-0.35440532804136204,-0.14754591545249535,0.3526362901433291,0.0
persona,NLD,Q61,4,0.309715900922117,0.11674334947146768,-1.0253348499107575,-0.42648947565607753,-0.2849651811720406,1.0
persona,NLD,Q62,4,0.3458846901151736,0.1449195045363191,-1.183820752339566,-0.49119633453741696,-0.016335792916713165,1.0
persona,NLD,Q63,4,0.30112841022249176,0.10969823436263566,-1.0346009384021673,-0.4231883415114301,-0.06716973347186239,1.0
persona,NLD,Q64,4,0.41356198090058915,0.139905540586244,-0.11943459378518217,-0.06652452281822352,-0.6757452410443596,0.0
persona,NLD,Q69,4,0.2533156450539041,0.12742682882537582,-0.42111589600220534,-0.17985755337602194,-0.47093673179587303,1.0
persona,NLD,Q70,4,0.2384078655341125,0.0713257793826425,-0.5621404514280561,-0.2519684852480907,-0.31658236222001457,1.0
persona,NLD,Q71,4,0.35230669969937867,0.13700626271974436,-0.5060270078763323,-0.21479601748855404,-0.5227429716529617,0.0
persona,NLD,Q73,4,0.2964389036830161,0.10173280337626511,-0.3408641894655211,-0.13833044933027305,-0.4314757748337845,0.0
persona,NLD,Q81,4,0.4505590654711106,0.20789392152513658,-0.5935422593807512,-0.24334709412561073,-0.6250007614445272,1.0
persona,NLD,Q99,3,0.5548420166447021,0.25211645834610785,0.7946919219593271,0.25596398020017624,0.6598445164120581,0.0
persona,RUS,Q101,3,0.39026403542323473,0.17897314112161516,1.0719599685877865,0.4257279192840125,0.4762144682934281,1.0
persona,RUS,Q103,3,0.149061438723612,0.052649666674894166,0.6439802231239741,0.332070378541214,0.19368831086815233,1.0
persona,RUS,Q106,10,0.527775125396915,0.29602260025487714,-0.8523220376990759,-1.6195801758400519,-1.0430233851569861,0.0
persona,RUS,Q107,10,0.267517813457498,0.11961505752996376,-0.0837337070946429,-0.3776768518888005,-0.6927891527258421,0.0
persona,RUS,Q109,10,0.364442729978393,0.17156951385904495,-0.5175003969296363,-1.0498136416455486,0.8632648102626783,0.0
persona,RUS,Q174,2,0.11508700117079726,0.018835771490412198,-0.28823824493883726,-0.11392161676374563,0.1150870011707974,1.0
persona,RUS,Q176,10,0.2472056720517723,0.09579147465340739,-0.26483277448369513,-0.7006158558853159,-0.26956813190104434,0.0
persona,RUS,Q177,10,0.2974246884695819,0.0939692936679922,-0.6482327169294404,-0.2672589569100241,-0.9322696166661562,1.0
persona,RUS,Q178,10,0.3998802889411509,0.21934287244469766,-0.4102001164424225,-1.30121474651225,0.8511481951241473,0.0
persona,RUS,Q179,10,0.3077702426124601,0.12091447213609507,-1.2370734866925865,-0.15351743307110755,-0.6500868830793025,1.0
persona,RUS,Q195,10,0.4235289725205299,0.21716149398161474,-0.13601795905828906,-1.1183877475817552,1.0045615071780798,0.0
persona,RUS,Q260,2,0.30395716183925886,0.07098507785617002,-0.18965437015288056,-0.06745145875660485,-0.3039571618392589,0.0
persona,RUS,Q275,9,0.6052229980974801,0.38674990422901506,-0.9590372648098779,-1.0061334173127652,1.5657202713094893,0.0
persona,RUS,Q288,10,0.2594760810095325,0.12138044828751435,-0.6471673154959285,-0.6936875532521816,0.816273281514273,0.0
persona,RUS,Q43,3,0.4492635590365912,0.16089482969793328,-0.23033864260280268,-0.2976084684600977,-0.048675849751282474,0.0
persona,RUS,Q50,10,0.41173150581675233,0.2351347037360462,-1.381032043949781,-1.422464681839452,0.18389813070999317,0.0
persona,RUS,Q57,2,0.23293954813944498,0.11980142347155955,-0.7612528462492727,-0.373123003820115,0.23293954813944517,1.0
persona,RUS,Q58,4,0.10288480998601775,0.020201281858884992,0.0789043635935518,-0.0369496092601167,0.051424097199451735,1.0
persona,RUS,Q59,4,0.22051106356843236,0.04340259930307206,-0.5354854349187192,-0.25432438071130836,-0.06526763844593875,1.0
persona,RUS,Q60,4,0.22871305089746344,0.05352755101137547,-0.6046933377130271,-0.279676655769154,-0.003495342719358696,1.0
persona,RUS,Q61,4,0.3104170135973548,0.1382414533238217,-0.6718184721056834,-0.3098377885759215,-0.2771956132471698,1.0
persona,RUS,Q62,4,0.2901452084783175,0.09618880657674919,-0.4813375616909563,-0.2509420590040151,-0.4638202663952735,0.0
persona,RUS,Q63,4,0.24149707775064694,0.09442833811656187,-0.5162617706078305,-0.2740201585499562,-0.3935865938249461,0.0
persona,RUS,Q64,4,0.1132611793029495,0.010991773148902047,0.02581067155341943,-0.012003380734613156,0.199781474474503,1.0
persona,RUS,Q69,4,0.3221733158251381,0.09592374377568488,-0.5498295839864369,-0.3075179811615648,0.13632526234535192,0.0
persona,RUS,Q70,4,0.36746583402665,0.12046425519537629,-0.7022939945903979,-0.3680576516092654,0.17186775294137613,0.0
persona,RUS,Q71,4,0.5124664222792612,0.2219407112741026,-0.9854244514004558,-0.4821189726547492,0.37239291806104813,0.0
persona,RUS,Q73,4,0.3883377372390576,0.12421586071532932,-0.7362264553600137,-0.3762696657531994,0.1186506987108733,1.0
persona,RUS,Q81,4,0.15887400341711427,0.041479541635604855,-0.3257842397965467,-0.21285974747337966,-0.21636251981820598,1.0
persona,RUS,Q99,3,0.30796706781821415,0.13975656934952735,0.9499456176476058,0.38379314488375027,0.3508742238435274,1.0
persona,TUR,Q101,3,0.4845322995535802,0.22224513786482328,1.0716112204433768,0.4059312088846397,0.6193976286568952,1.0
persona,TUR,Q103,3,0.1312565711074765,0.04227107990854635,0.5771532159121336,0.33834259737752687,0.18566342445788814,1.0
persona,TUR,Q106,10,0.4815870986263459,0.264892195803785,-1.1276648169331027,-1.6109770266362389,0.1588751850610297,0.0
persona,TUR,Q107,10,0.27302714000008427,0.11470963700458764,-0.21053079442428624,-0.4204629889146372,-1.2925542759956148,0.0
persona,TUR,Q109,10,0.36872353606397845,0.17273067650370294,-0.7590115648485143,-1.2383263301252474,0.25627979209549867,0.0
persona,TUR,Q174,2,0.40061774598209177,0.13354754612057274,-0.3882240031652443,-0.14247932206556108,0.4006177459820919,0.0
persona,TUR,Q176,10,0.25903961714949264,0.0895962993026931,-0.4831942690636608,-0.7334881710596897,-0.2823871578046928,0.0
persona,TUR,Q177,10,0.06653134574963884,0.01784578874975238,-0.029538503772971403,0.3545355399374832,0.1918161855591951,1.0
persona,TUR,Q178,10,0.7596528442643612,0.5618788311608603,0.8561402205878637,-0.4451516125932866,3.6883837417783454,0.0
persona,TUR,Q179,10,0.13363042964862631,0.04906951778729249,-0.5976555805095607,0.1383840664066298,-0.15200146603986275,1.0
persona,TUR,Q195,10,0.5251224025696992,0.27893400076233626,0.4322935988203209,-0.8932818819762196,1.9458781807439696,0.0
persona,TUR,Q260,2,0.335690576440911,0.09481839424892749,-0.3549941688257562,-0.1292563849280347,-0.33569057644091105,0.0
persona,TUR,Q275,9,0.8083573526710991,0.6293353677266634,-1.0198791461593189,-1.2443189256770757,3.7734995941417218,0.0
persona,TUR,Q288,10,0.2371954725370755,0.09977202451844058,-0.7197591054213643,-0.6594538201968076,0.4187317351562516,0.0
persona,TUR,Q43,3,0.4998899954882536,0.19548108297501204,-0.538237716043054,-0.3718791126444925,0.11443793032685057,0.0
persona,TUR,Q50,10,0.41733545003199873,0.23126452726130559,-1.3586544896630475,-1.1930677051828669,0.20100383856476345,0.0
persona,TUR,Q57,2,0.10528914641114483,0.025900523496230805,-0.3611503050814436,-0.16011928016710772,0.10528914641114495,1.0
persona,TUR,Q58,4,0.10162187128387629,0.02181455300445976,0.028310690915787973,-0.04813041913954913,0.04231492444356988,1.0
persona,TUR,Q59,4,0.1840901657224766,0.03942695849873921,-0.5631848995575063,-0.24765334785905824,-0.09508361594661996,1.0
persona,TUR,Q60,4,0.2527449670034647,0.10138129235455666,-0.8071702203803304,-0.37025293600631876,-0.3286006295156194,1.0
persona,TUR,Q61,4,0.29931919372001475,0.16133127992161322,-0.5165904525161344,-0.253568550231295,-0.5295867832831602,0.0
persona,TUR,Q62,4,0.5206338121431628,0.23761906083160844,-0.8248097356598008,-0.35545342603353625,-0.7384880006399657,0.0
persona,TUR,Q63,4,0.5102673071946111,0.22603742865397886,-0.7134293981230381,-0.31187763424524867,-0.7365410834408777,0.0
persona,TUR,Q64,4,0.26871517844734705,0.07837108936707707,0.2514737878330162,0.3376355380340018,0.3168249644698453,0.0
persona,TUR,Q69,4,0.3821303741094177,0.19282657670806208,-0.17108381177049603,-0.13981495545351763,0.6944030677525723,0.0
persona,TUR,Q70,4,0.4484820379798719,0.19287768983531067,-0.45241871009932955,-0.2548141292715813,0.6260382190910172,0.0
persona,TUR,Q71,4,0.5238633393283075,0.24958576558904988,-0.8163551936246956,-0.3950991230587582,0.6373809470388165,0.0
persona,TUR,Q73,4,0.41197303383868455,0.1370364092362038,-0.60390923939145,-0.28824587878138863,0.39218214999359535,0.0
persona,TUR,Q81,4,0.11230646479602296,0.029146160556996155,-0.3018364638477087,-0.1906756880087076,-0.18321944324195538,1.0
persona,TUR,Q99,3,0.2501269125267063,0.0845202480224142,0.7420455026330396,0.2958518488466117,0.28718354838348087,1.0
persona,USA,Q101,3,0.593162215072768,0.27699412894351205,-0.21129522052743055,-0.29252982495599567,0.36431964694658603,0.0
persona,USA,Q103,3,0.12095451100827588,0.02080531866987463,0.29833740509985884,0.05215251813305399,0.12374623295544737,1.0
persona,USA,Q106,10,0.5167263387181438,0.33185939776344264,-1.3246629215886678,-2.052885698367303,0.60185035070932,0.0
persona,USA,Q107,10,0.18420091003735467,0.05656845431971813,-0.34346017204129176,-0.21041087687562987,-0.3157568828145254,1.0
persona,USA,Q109,10,0.5665543882843346,0.3332602008942286,-0.719663940392504,-1.2008730341580853,1.6219123916421432,0.0
persona,USA,Q174,2,0.19259345300123554,0.07738227523890011,-0.6167927046339643,-0.2780050500112743,0.19259345300123565,1.0
persona,USA,Q176,10,0.5506330144936764,0.34541765234604027,-1.2945471817130163,-1.864944040003559,0.02554203551725731,1.0
persona,USA,Q177,10,0.22740449849357802,0.07929875762158406,-0.48286779255780954,-0.08925516471002926,-0.20998212647184245,1.0
persona,USA,Q178,10,0.583729961002894,0.3544106125057941,0.23753212920546485,-0.5524022655458587,2.801180705533122,0.0
persona,USA,Q179,10,0.2769980779107705,0.12671253541676122,-1.4063691323860312,-0.9412564550032055,-0.7665158410662403,1.0
persona,USA,Q195,10,0.5043278269824487,0.2862634802754487,-0.9076373658044803,-1.7259872418680626,-0.04961203763206612,1.0
persona,USA,Q260,2,0.10638194599929707,0.008340671757544757,-0.04296750973696195,-0.014969636267271769,0.10638194599929696,1.0
persona,USA,Q275,9,0.7486739083938704,0.5366141370980704,-2.107394847002767,-1.3170339876985002,1.47030146463411,0.0
persona,USA,Q288,10,0.47560453810802555,0.25301587519202695,-1.2801483474069577,-1.1370719432603387,1.1355832921897022,0.0
persona,USA,Q43,3,0.49937244146487925,0.22012056084436332,-1.0195631884437537,-0.4619089153766896,-0.05294502909115395,1.0
persona,USA,Q50,10,0.5898927701122838,0.4523826888397264,-2.016039673576741,-1.889825237582099,-0.21319383999640973,0.0
persona,USA,Q57,2,0.26513030926269177,0.07284424852900555,-0.4622076042439426,-0.1745714560690394,0.26513030926269177,1.0
persona,USA,Q58,4,0.2420090234465363,0.05921857458452837,-0.2570060351042113,-0.13951467304429704,0.12301490214378763,0.0
persona,USA,Q59,4,0.2961654665286418,0.1008914178877562,-0.9840786073698895,-0.40214957171238075,-0.16937894815655596,1.0
persona,USA,Q60,4,0.24968829708705786,0.07492574756512008,-0.7135325836923119,-0.27727112458245073,0.04795396666398366,1.0
persona,USA,Q61,4,0.47687749698905485,0.21294274459117374,-0.9587102443865444,-0.3951048181018972,-0.6406742316993865,0.0
persona,USA,Q62,4,0.29064745110657586,0.11351426862173414,-1.0562800071582095,-0.4353763261670971,-0.20086991443430735,1.0
persona,USA,Q63,4,0.272313526424715,0.09737691502525467,-0.9356229288722866,-0.3874002465551471,-0.2254328985468239,1.0
persona,USA,Q64,4,0.13846397420316725,0.020558605835713038,-0.19107488829684227,-0.11290109357466971,-0.22757342487899423,1.0
persona,USA,Q69,4,0.2083925633395176,0.06347333155128793,-0.4398174677766946,-0.23372769099223345,0.16871341929661687,1.0
persona,USA,Q70,4,0.15294403854796693,0.041520249464790666,-0.46286710995679026,-0.2150499585016643,-0.0797210686341967,1.0
persona,USA,Q71,4,0.45730072928219967,0.23413900345580113,-1.1319919886276324,-0.5385507944405681,-0.033820910813214144,1.0
persona,USA,Q73,4,0.4858954984851599,0.26282531418908633,0.47602375553395015,0.597910226291004,-0.6102032873794472,0.0
persona,USA,Q81,4,0.2946588710460452,0.08200376490260693,-0.6816483195645786,-0.29247723752051136,-0.2538255499790343,1.0
persona,USA,Q99,3,0.3841373047882566,0.13117526736161098,0.17673144486980874,-0.02664143511371775,0.29433180388575164,0.0
noise,ARG,Q101,3,0.568000346680843,0.27387176542777314,1.034099915434253,0.40521387454414637,0.8724117077095163,1.0
noise,ARG,Q103,3,0.601795680945058,0.323444954207942,1.1920686933334854,0.504829848666386,0.9223648886830416,1.0
noise,ARG,Q106,10,0.132508998592272,0.016063266844974007,0.06238019656994975,0.07333938147780295,-0.030000295423342926,1.0
noise,ARG,Q107,10,0.21066880274510036,0.039688519579864946,0.15849149184514477,0.4481840526026324,-0.5305270723222177,0.0
noise,ARG,Q109,10,0.16560569594602997,0.03316680610547213,0.1267470412168854,0.23622451668201894,0.6695098740380496,0.0
noise,ARG,Q174,2,0.3578497155223528,0.11062549095105347,0.41015737131122476,0.15079578882755268,-0.3578497155223528,0.0
noise,ARG,Q176,10,0.2424440000583668,0.05238457820357946,0.20031271457186017,0.1726496434421172,-0.09511272148603922,0.0
noise,ARG,Q177,10,0.2810267282495819,0.08395119429795676,0.3889135555457348,-0.40050004237616843,1.102049509106,1.0
noise,ARG,Q178,10,0.40172707778270944,0.1766156227839783,0.8152275767864698,0.2987830532134099,2.4000748959618394,1.0
noise,ARG,Q179,10,0.6789090566569778,0.41793767921085667,1.9648696844951183,1.1923889774100394,3.736714140457595,1.0
noise,ARG,Q195,10,0.45184662436718376,0.2073856998524485,0.9853205543462993,0.007415783039254276,2.2948303339698684,1.0
noise,ARG,Q260,2,0.021294649209765898,0.0003272769404259199,0.0013088108340848503,0.0004536678995300525,-0.02129464920976587,0.0
noise,ARG,Q261,82,0.2906887761967939,0.13389210593166814,0.4652628137172945,5.298639518479419,-9.91764534698973,0.0
noise,ARG,Q262,80,0.2809587550409334,0.1194922901414138,0.4167811403339243,4.715649757919987,13.243352385470565,0.0
noise,ARG,Q275,9,0.48457089916396845,0.256993177159193,0.903831313203721,1.1213518919048842,1.6267739216966932,0.0
noise,ARG,Q288,10,0.37358611219565496,0.167614824929266,0.6168357600210275,1.2663273511064876,0.5320644586207077,0.0
noise,ARG,Q43,3,0.2906024545572835,0.0650711339236179,0.26348935384993943,0.072203990522831,-0.4715452205891424,0.0
noise,ARG,Q50,10,0.20910455498565372,0.038985699736042836,0.15564118031239627,0.403705945080195,-0.30236873669248077,0.0
noise,ARG,Q57,2,0.2989568934794927,0.07252827994617655,0.27599059117765723,0.09921979110603374,-0.29895689347949284,0.0
noise,ARG,Q58,4,0.62058288233882,0.3543869545649865,1.3517231433119359,0.693970921855655,1.3476131314223727,1.0
noise,ARG,Q59,4,0.2798887491575559,0.09352980594816078,0.3507275607705882,0.3251212766105681,0.5034093668558759,0.0
noise,ARG,Q60,4,0.2914334230025417,0.09317963209930558,0.3520105961139275,0.31784126578625993,0.5223799697530775,0.0
noise,ARG,Q61,4,0.22440749056691364,0.07943482922807377,0.2824656081596686,0.3022415666538648,-0.36833102356014713,0.0
noise,ARG,Q62,4,0.22879033864299142,0.04905283262319965,0.1979708745472437,0.23932421940921877,0.14243757923832145,0.0
noise,ARG,Q63,4,0.2492774278611631,0.055514192640504945,0.22192594129163368,0.25408316647313034,0.07095153955324918,0.0
noise,ARG,Q64,4,0.15165896376605514,0.023095991992543974,0.09061741150810132,0.15921648936016042,0.16538160517997813,0.0
noise,ARG,Q69,4,0.1985723747045376,0.06489706636164318,0.23511851704322817,0.2625083044097042,-0.408261398535549,0.0
noise,ARG,Q70,4,0.3040110721795133,0.11801974597186543,0.40081505492987723,0.347100052474691,-0.6574597252023002,0.0
noise,ARG,Q71,4,0.20227623482620244,0.06769390200324404,0.2351503466696072,0.24897247313495585,-0.4682118888301936,0.0
noise,ARG,Q73,4,0.2861441814960704,0.1192072580851204,0.3979901885798336,0.35009319343664447,-0.6209268747297898,0.0
noise,ARG,Q81,4,0.2332891766936419,0.061329972654230534,0.24121730713438594,0.2664419488799866,0.3044760432059328,0.0
noise,ARG,Q99,3,0.6018972337516473,0.31999476471727806,1.184728734341581,0.4851967768383207,0.9179920923546376,1.0
noise,BRA,Q101,3,0.5678057772529571,0.27151749950568566,1.0284735921543742,0.2982881235406323,0.8355666272653977,1.0
noise,BRA,Q103,3,0.5944174204985226,0.3059999580787709,1.1429307593687357,0.3714897605487431,0.8811120293009903,1.0
noise,BRA,Q106,10,0.3621462240150628,0.11021657571008465,0.46453854644555914,-0.6035206864193654,0.43501222121004,1.0
noise,BRA,Q107,10,0.411896174204586,0.13228835537310968,0.5463374463263797,-0.46036068994376267,0.5776519165930889,1.0
noise,BRA,Q109,10,0.44053426486804054,0.17881474688688412,0.7984421582222323,-0.2857760888417391,1.7374281759449182,1.0
noise,BRA,Q174,2,0.3989568117674262,0.1457806943903181,0.5277062733601368,0.1986140973031909,-0.39895681176742626,0.0
noise,BRA,Q176,10,0.3527265126287819,0.11806521095023871,0.49748650792435,0.02025099755869819,1.2681965008621159,1.0
noise,BRA,Q177,10,0.5859689315993519,0.3173785761419338,1.5201281637221518,0.291079136135699,3.0531526032175607,1.0
noise,BRA,Q178,10,0.4698285368493491,0.21540397028796993,0.9876928558917077,-0.3502281436795953,1.948546370149285,1.0
noise,BRA,Q179,10,0.7724628818833668,0.5006317548612105,2.3918825429517274,1.2502871473404928,3.9677411024385156,1.0
noise,BRA,Q195,10,0.4622711340432434,0.19885844257737,0.8800720084133835,-0.6302705991468631,1.3462115742201117,1.0
noise,BRA,Q260,2,0.02573420745267746,0.0004780815120970436,0.0019116924801043655,0.0006626885893838974,-0.025734207452677627,0.0
noise,BRA,Q261,85,0.30636846015746455,0.1423486677953976,0.4718887900167035,7.571441857246906,-9.89033083530876,0.0
noise,BRA,Q262,81,0.28603416398610626,0.1240825766959793,0.42110598694109314,6.3390778087947695,13.437180225658338,0.0
noise,BRA,Q275,9,0.49892635661151463,0.2977182659811157,1.0624637741191103,0.905793966098051,1.1917149402594571,0.0
noise,BRA,Q288,10,0.301350132837599,0.11142213155031062,0.4027298387719669,0.7357883423725631,1.465390343991145,0.0
noise,BRA,Q43,3,0.09659843760124653,0.008917626050251374,0.03482934329191867,-0.0555185300162675,-0.05342986574237196,0.0
noise,BRA,Q50,10,0.20173973390670455,0.04488939848055867,0.17139721553391407,0.15946069630267035,-0.5555593897095283,0.0
noise,BRA,Q57,2,0.4335205642170462,0.18350464912938041,0.6473539261593032,0.25088171403741966,-0.4335205642170463,0.0
noise,BRA,Q58,4,0.4047616198136243,0.1684298535515519,0.6130958213212239,0.3909711444355417,0.954967054252452,1.0
noise,BRA,Q59,4,0.19269613169886354,0.03779252782529495,0.14924515373951586,0.18910345008343343,-0.04117998221357855,0.0
noise,BRA,Q60,4,0.27484060066886895,0.06876890656871243,0.2742094692400707,0.2896312073583377,0.11860704213913298,0.0
noise,BRA,Q61,4,0.2687286078447483,0.10324608411605697,0.3569056332147027,0.26751209795714537,-0.7012360521712755,0.0
noise,BRA,Q62,4,0.23706953923928198,0.061900503212282965,0.2431719963880199,0.2377314276963578,-0.030468385648397156,0.0
noise,BRA,Q63,4,0.20536018497553632,0.06890608630276845,0.23614499477982553,0.1861509919621298,-0.40543095477574065,0.0
noise,BRA,Q64,4,0.23697499354245305,0.04680778467035893,0.19634884035221645,0.19204155137387957,0.2491332527061907,0.0
noise,BRA,Q69,4,0.18293146622896722,0.03711330206315506,0.14822003159743602,0.16511991036225637,-0.04914629465296638,0.0
noise,BRA,Q70,4,0.14947261308341753,0.028720246092832538,0.11291392454532367,0.1350623233181334,-0.09524201962003831,0.0
noise,BRA,Q71,4,0.2967445352690117,0.11573306755958154,0.4275692575012613,0.23358515412761938,-0.7867752486748603,0.0
noise,BRA,Q73,4,0.37609219661474247,0.16478511259114542,0.6120482531621554,0.32863500538730517,-0.951361107992275,0.0
noise,BRA,Q81,4,0.20837227476987913,0.04078323093278848,0.1671924770667026,0.196031614996369,0.24940817799401405,0.0
noise,BRA,Q99,3,0.6295416586159821,0.36216780238147894,1.318973943822295,0.5221524880820676,0.9453759161219953,1.0
noise,CHN,Q101,3,0.6392336173318174,0.38409582129386166,1.3814027589748565,0.6002890926334631,0.9657381155362603,1.0
noise,CHN,Q103,3,0.5926084106989835,0.3098950249257174,1.1488616829851794,0.48015122218504847,0.9102323523862631,1.0
noise,CHN,Q106,10,0.12752910391593922,0.016694772140409205,0.06675164727170335,0.20775662273704176,-0.02981727689497049,0.0
noise,CHN,Q107,10,0.1489598763962932,0.02297107251231014,0.09706416345087199,0.3049856011475489,-0.13534836145637996,0.0
noise,CHN,Q109,10,0.35174696304631853,0.12339808742965959,0.46163889223551635,0.6587479248894947,2.0705167542402125,1.0
noise,CHN,Q174,2,0.2450212557011351,0.046712378092578985,0.18092569899861566,0.0641507321852669,-0.2450212557011351,0.0
noise,CHN,Q176,10,0.14138436390078066,0.027257661226876412,0.11159267530581163,0.30941183346999823,0.3496951701587907,0.0
noise,CHN,Q177,10,0.32768439238236324,0.12178161095959057,0.5162601332708578,0.33166825703929703,2.1257519840145545,1.0
noise,CHN,Q178,10,0.6669215571869413,0.4254887753075077,1.934391444585677,1.3291116115399002,3.871312589480097,1.0
noise,CHN,Q179,10,0.7653587674937449,0.5519406484637577,2.497715560981975,1.8113105577420126,4.209789568355537,1.0
noise,CHN,Q195,10,0.3163763275131716,0.09684286895855956,0.41094026981887444,-0.7040573668986907,0.1580521978117364,1.0
noise,CHN,Q260,2,0.0048431281916585245,1.6920311616856797e-05,6.768045268978895e-05,2.345644088541654e-05,-0.004843128191658552,0.0
noise,CHN,Q261,82,0.36360751120480567,0.21763411318742124,0.6959739004926009,9.456804434076696,-12.881404125636891,0.0
noise,CHN,Q262,80,0.3478960558740849,0.20700744543080665,0.660744456033358,8.899452643327296,14.898151247602414,0.0
noise,CHN,Q275,9,0.49105317790818076,0.29156824607602166,1.0260416456486552,0.8354844275164195,1.4406373460089763,0.0
noise,CHN,Q288,10,0.3187969284831028,0.14753476696920537,0.5126587284597375,1.0478306388994532,1.355961407826741,0.0
noise,CHN,Q43,3,0.2776083668036304,0.063963948535808,0.25513684955324134,-0.038625795822170406,-0.3606097379506785,0.0
noise,CHN,Q50,10,0.26713706132670995,0.06589257727288834,0.25192801682548893,0.5976488566557241,-0.9569904308969255,0.0
noise,CHN,Q57,2,0.1397954709647239,0.014430173369300046,0.05714716726505442,0.01994039297421507,0.139795470964724,1.0
noise,CHN,Q58,4,0.602186367773681,0.3660323615095072,1.3536428797509767,0.7331250135988805,1.344752409004352,1.0
noise,CHN,Q59,4,0.43216619886011953,0.19578870053024838,0.7369847313366402,0.5350629909747816,0.4890861759700824,0.0
noise,CHN,Q60,4,0.4921484174776523,0.23334880937975191,0.8924464812410233,0.5974427490317701,0.5170312967712507,0.0
noise,CHN,Q61,4,0.42249817375433774,0.1913757437996662,0.7195789765074059,0.5243124997440052,-0.5496794682927231,0.0
noise,CHN,Q62,4,0.3122418129862622,0.15368526802927304,0.5346625199704964,0.44271373796780455,-0.5283865424626946,0.0
noise,CHN,Q63,4,0.3316584868125577,0.1608311690822298,0.5612399443468334,0.4541856940020452,-0.5889589805234339,0.0
noise,CHN,Q64,4,0.3078856531758044,0.1250367767957522,0.46085425851337347,0.3988317284130255,-0.5144678217731324,0.0
noise,CHN,Q69,4,0.3481602835678681,0.14122652296126775,0.5144020221846302,0.4192057011544863,0.6159339299927753,0.0
noise,CHN,Q70,4,0.3629824736409146,0.15737940928803323,0.567896961777403,0.4498617800685215,0.6353068223802818,0.0
noise,CHN,Q71,4,0.44922401739785345,0.21402656773282208,0.7316591674405786,0.5070715965584249,0.9199757304249685,1.0
noise,CHN,Q73,4,0.42675298620395774,0.19384057340278824,0.6754251036798327,0.4908893649943419,0.8025729852935637,0.0
noise,CHN,Q81,4,0.3449973433019208,0.1267974428884722,0.4913359452328101,0.4156888525764785,0.34283502727756643,0.0
noise,CHN,Q99,3,0.628875581961406,0.36151159882473427,1.3164779395115858,0.5353616431387862,0.94754308307003,1.0
noise,DEU,Q101,3,0.5283060109289617,0.22396833632445048,0.8683112265339921,0.24585405325980825,0.7836065573770492,1.0
noise,DEU,Q103,3,0.5991256830601094,0.31354558924074827,1.1664814324517512,0.4610310962032287,0.9101639344262296,1.0
noise,DEU,Q106,10,0.2035856573705181,0.04051740142263224,0.16109479710102104,0.3769089013859235,-0.3100929614873831,0.0
noise,DEU,Q107,10,0.3035260930888577,0.11548262227760112,0.5265759419471872,0.8501396426511478,0.18053596614950607,0.0
noise,DEU,Q109,10,0.3642714570858286,0.1292326606936706,0.48308169830681,0.7059407856808617,2.037591483699269,1.0
noise,DEU,Q174,2,0.05830388692579505,0.002461891626509092,0.009830781177810888,0.0034109780015832425,0.05830388692579502,1.0
noise,DEU,Q176,10,0.14782608695652177,0.0240477564809564,0.09648364073669446,-0.03382756020909694,-0.4959866220735787,0.0
noise,DEU,Q177,10,0.6773087071240109,0.44776630285928176,2.00267957122918,1.5655146326166687,3.961741424802113,1.0
noise,DEU,Q178,10,0.5908196721311479,0.36577477721439133,1.6396419457823928,1.2768632669204723,3.6704918032786917,1.0
noise,DEU,Q179,10,0.8005235602094243,0.6033390930338438,2.703499214668819,2.2659509034938874,4.337696335078535,1.0
noise,DEU,Q195,10,0.5342592592592597,0.267257113468532,1.2908608303998461,0.3870080254549877,2.9742063492063506,1.0
noise,DEU,Q260,2,0.013743455497382207,0.00013628000731180298,0.0005450685393060262,0.00018891825911715454,-0.013743455497382318,0.0
noise,DEU,Q261,82,0.2193685353083905,0.09083316296370313,0.30436933046561965,5.610931536436443,-3.8727972161914295,0.0
noise,DEU,Q262,80,0.20981675392670257,0.07842516342874431,0.26553314104068804,5.05631071069482,6.727879581151846,0.0
noise,DEU,Q275,9,0.38338797814207665,0.19124156227147024,0.7917718231042259,0.8055386929309447,-0.07868852459016518,0.0
noise,DEU,Q288,10,0.37109905020352807,0.1573778690113941,0.5627994808317238,1.1832500469220304,0.3141112618724575,0.0
noise,DEU,Q43,3,0.19792371925073354,0.04105208670947659,0.15145227404755124,-0.11129349471493188,0.0616113744075828,1.0
noise,DEU,Q50,10,0.2860434496379198,0.0937352995893447,0.3552226154558773,0.688950143708634,-1.6119157340355503,0.0
noise,DEU,Q57,2,0.04048582995951422,0.001184630075928254,0.004734631523853894,0.0016417979279468864,-0.04048582995951433,0.0
noise,DEU,Q58,4,0.5983256730137887,0.34855140795011386,1.3084064954095393,0.6926167283134506,1.3312541037426135,1.0
noise,DEU,Q59,4,0.4113545816733068,0.16796716885251717,0.6492409560545171,0.4895501252992779,0.4415670650730408,0.0
noise,DEU,Q60,4,0.44715984147952453,0.24664888828628187,0.8847763236497999,0.5921976627597525,0.7093791281373847,0.0
noise,DEU,Q61,4,0.33513513513513515,0.1529585524131603,0.5087366140578831,0.4205691021219804,-0.3054054054054052,0.0
noise,DEU,Q62,4,0.3942307692307693,0.1538432041922862,0.577871585502377,0.4468356219123478,0.1050295857988166,0.0
noise,DEU,Q63,4,0.3944323933477947,0.15476887656678695,0.5854654125315157,0.451909449741155,0.1319595083152567,0.0
noise,DEU,Q64,4,0.23829201101928385,0.0635878075754867,0.23799981102508894,0.2788665140714649,-0.26308539944903586,0.0
noise,DEU,Q69,4,0.37566137566137575,0.1668595163738822,0.6233880382829309,0.4736385384659201,0.5932539682539681,0.0
noise,DEU,Q70,4,0.29336043360433606,0.10888595429929515,0.4069769626480406,0.3738579440715678,0.41937669376693787,0.0
noise,DEU,Q71,4,0.335579514824798,0.10543772345650515,0.38326660964985604,0.36727817533170914,-0.12331536388140218,0.0
noise,DEU,Q73,4,0.3416723783413297,0.1079340642223363,0.3941573725401888,0.37608373019052066,-0.1271418779986293,0.0
noise,DEU,Q81,4,0.35326842837274,0.12623458209432575,0.477804889057988,0.4163336458117871,0.22600834492350463,0.0
noise,DEU,Q99,3,0.550601092896175,0.24948877102436057,0.9554855698680395,0.27306288419318114,0.8124590163934428,1.0
noise,EGY,Q101,3,0.613288851820962,0.3350382972369792,1.2348325857798879,0.4951260713956465,0.9282735613010843,1.0
noise,EGY,Q103,3,0.6633305532388101,0.4449936418071108,1.5500027678403407,0.7125336833208253,0.9941618015012511,1.0
noise,EGY,Q106,10,0.23003355704697998,0.06191672008067673,0.2692119533907458,-0.1255464415631744,-1.2449664429530198,0.0
noise,EGY,Q107,10,0.17368421052631594,0.043018817397574245,0.1889808903276502,-0.19116732252497926,-0.9043859649122812,0.0
noise,EGY,Q109,10,0.4365553602811954,0.22043366485263538,0.8926730415792261,0.8735032766777469,2.905975395430582,1.0
noise,EGY,Q174,2,0.006482281763180692,3.031249217135771e-05,0.0001212474211362835,4.202174268413961e-05,0.006482281763180886,1.0
noise,EGY,Q176,10,0.16014234875444852,0.03398443509710609,0.13162408428429018,0.14429234580839445,0.9252669039145918,1.0
noise,EGY,Q177,10,0.604286964129484,0.37450573177901336,1.708499341922287,1.2744411699467184,3.710848643919512,1.0
noise,EGY,Q178,10,0.6459595959595963,0.43067686524877563,1.9272464178661166,1.6033788524369033,3.90740740740741,1.0
noise,EGY,Q179,10,0.8548117154811717,0.6715393971266772,3.0011983918860974,2.5020756743722212,4.433891213389122,1.0
noise,EGY,Q195,10,0.29070567986230655,0.11557848063678137,0.4280871884797248,-0.14462353921804372,-1.1385542168674707,0.0
noise,EGY,Q260,2,0.017499999999999988,0.00022099165124346652,0.0008838312130248216,0.00030634384655231495,0.01750000000000007,1.0
noise,EGY,Q261,85,0.453774509803922,0.26044360901964797,0.905872510457157,11.240429194325884,-13.383186274509853,0.0
noise,EGY,Q262,81,0.43169753086419804,0.24085531728343687,0.8363315772040778,10.025360218794892,16.350216049382723,0.0
noise,EGY,Q275,9,0.4500000000000001,0.22190647244083278,0.824674474213392,0.5247673691313439,1.4024999999999999,0.0
noise,EGY,Q288,10,0.44685816876122103,0.2317717116232242,0.8528392005181984,1.4762985998954998,0.5080789946140039,0.0
noise,EGY,Q43,3,0.5718758895530887,0.27706262032923257,1.046533779209446,0.3049259176284044,-0.8411614005123829,0.0
noise,EGY,Q50,10,0.20984153461217692,0.05100150778026684,0.19268049490125128,0.48475019615747783,0.8060884070058378,0.0
noise,EGY,Q57,2,0.426482873851295,0.17504023759369486,0.621086122345904,0.23901655548380007,-0.42648287385129513,0.0
noise,EGY,Q58,4,0.6841666666666666,0.42728096733689436,1.6163595107400923,0.8242842842583191,1.4266666666666674,1.0
noise,EGY,Q59,4,0.3573811509591327,0.1313008828120031,0.4707624006126516,0.38138248513746165,0.6901584653878234,0.0
noise,EGY,Q60,4,0.38573811509591327,0.15578369576437107,0.5419866204468955,0.4040813572992987,0.8402835696413677,1.0
noise,EGY,Q61,4,0.3053691275167786,0.13018261790094154,0.4479723811778178,0.3899393429746274,-0.5964765100671143,0.0
noise,EGY,Q62,4,0.2966101694915255,0.07648386712724314,0.2895064320523435,0.30839654909999237,-0.035593220338983045,0.0
noise,EGY,Q63,4,0.3109540636042404,0.12726858591695395,0.43069469018356177,0.3709729422018818,-0.6492932862190814,0.0
noise,EGY,Q64,4,0.22804774083546467,0.052412169931156,0.19567293359124993,0.20298004051156504,0.4735720375106567,0.0
noise,EGY,Q73,4,0.40688259109311753,0.18808230870454035,0.6528548768774609,0.4436167363267297,-0.9595141700404861,0.0
noise,EGY,Q81,4,0.19360902255639098,0.037814914555052224,0.15344241800696556,0.17230494887702663,-0.00805585392051622,0.0
noise,EGY,Q99,3,0.661662496524882,0.43910937448646403,1.5349206565066058,0.7166776364714996,0.9933277731442871,1.0
noise,GBR,Q101,3,0.3949554194516471,0.11795777366997483,0.4744045827250929,0.06796767212442734,0.5706455894719336,1.0
noise,GBR,Q103,3,0.5503937609858749,0.2474605291711038,0.9504732447849841,0.2968882691054415,0.8219158032657041,1.0
noise,GBR,Q106,10,0.17375698714900262,0.033468081675542535,0.12662101003039883,0.13136534863524574,-0.3964708577802867,0.0
noise,GBR,Q107,10,0.21834218362342225,0.06989467209058778,0.29433135146850287,0.5916229927518035,0.19138498172575336,0.0
noise,GBR,Q109,10,0.35404550205504615,0.13605183456577052,0.49432864194892545,0.9096244477853213,1.7134249783003845,0.0
noise,GBR,Q176,10,0.20836491091734913,0.050491766278135994,0.21068919087477367,0.29948439849395525,-0.34218720013775883,0.0
noise,GBR,Q177,10,0.5754967106460138,0.34400199239089857,1.5531274787943619,1.1500128932941205,3.566629526965813,1.0
noise,GBR,Q178,10,0.4610007812231726,0.23694795679541517,1.0148182071913099,0.8356312571171904,3.00408254664729,1.0
noise,GBR,Q179,10,0.6914458625286921,0.47011650187141285,2.128323466347244,1.6561670647608686,4.015653369137146,1.0
noise,GBR,Q195,10,0.24624394739182373,0.06260993405194429,0.27075089709119515,-0.1754567855674809,0.9604718110175323,1.0
noise,GBR,Q260,2,0.017746737114955585,0.0002272695287398969,0.0009089349218005527,0.0003150459321667465,-0.017746737114955558,0.0
noise,GBR,Q261,82,0.21928378287992317,0.08707620869947137,0.2885759448440579,5.084542712095594,-9.68073597387479,0.0
noise,GBR,Q262,80,0.20363368175646762,0.07178937803067259,0.24037949934433556,4.530797825008182,8.25570731841104,0.0
noise,GBR,Q275,9,0.41163932671819425,0.19626631510091025,0.7351233795488961,0.7728676536612524,-0.08710383148379153,0.0
noise,GBR,Q288,10,0.2348599325852484,0.08141514277066678,0.2869453466546834,0.6693322061502678,-0.3693079561340129,0.0
noise,GBR,Q43,3,0.14469276580458884,0.020519502236943404,0.07828420330336949,0.06581785805345175,0.24748744569559022,1.0
noise,GBR,Q50,10,0.24602337507817254,0.07508704883850176,0.281120411563784,0.6869898259021432,-1.2307231869242505,0.0
noise,GBR,Q57,2,0.03874634612340952,0.0010848459574499085,0.00433612243027981,0.0015035399703575147,-0.03874634612340966,0.0
noise,GBR,Q58,4,0.5529728329973191,0.31559638252192845,1.17515542554696,0.6349148247292384,1.2779671813326057,1.0
noise,GBR,Q59,4,0.38700298719187765,0.156779174903115,0.6027090176955681,0.45900255804329493,0.5347507402478342,0.0
noise,GBR,Q60,4,0.4765328666125579,0.2544998672804628,0.851021748494456,0.563527805508754,0.9740630740976803,1.0
noise,GBR,Q61,4,0.3835916451622535,0.14998977418746332,0.534399095668443,0.4245128464007891,-0.04295503218814378,0.0
noise,GBR,Q62,4,0.46596821648420705,0.19486439986693743,0.7707790919968478,0.5324993930425951,0.46545330428453013,0.0
noise,GBR,Q63,4,0.4936267032809364,0.21173081397895133,0.8435103600334446,0.5561778746853635,0.48584154055434237,0.0
noise,GBR,Q64,4,0.2429171827992436,0.0511580444059002,0.19768431537083364,0.2550628011967828,-0.13945021998793727,0.0
noise,GBR,Q69,4,0.29610690668270756,0.0961664411251466,0.36431685118849133,0.35596011735794264,0.27754207100233863,0.0
noise,GBR,Q70,4,0.2997570705515564,0.09560429775550619,0.36916221484442335,0.35525228530605635,0.2620113199619496,0.0
noise,GBR,Q71,4,0.256249791802229,0.09122801891252152,0.3241207902692511,0.3159054552294617,-0.5133258156131841,0.0
noise,GBR,Q73,4,0.2687029913792012,0.11307802074873141,0.404335682100327,0.37116636325333585,-0.4969093094318078,0.0
noise,GBR,Q81,4,0.3113744221767384,0.12259089881495064,0.4558483220188292,0.4038595839019008,0.3929931629792862,0.0
noise,GBR,Q99,3,0.5325319999999178,0.23090687213081978,0.8898381630434836,0.32076628223935966,0.8175667488324245,1.0
noise,GRC,Q101,3,0.6257223949676375,0.3552595111677096,1.298026826900751,0.5163219937068992,0.9415292830146559,1.0
noise,GRC,Q103,3,0.6303095246236343,0.3650038813627897,1.3262372356372496,0.5512024889584575,0.9515180883062176,1.0
noise,GRC,Q106,10,0.18919278656795577,0.034964009397682516,0.13367370275271284,0.37734043382731874,0.18266570216483125,0.0
noise,GRC,Q107,10,0.2112177381287472,0.05908019026431059,0.2269024457255573,0.6008843268582398,0.7955547875168136,0.0
noise,GRC,Q109,10,0.2739220695672997,0.06848188215906316,0.2590033488134833,0.5430142840190983,1.3148032123272797,0.0
noise,GRC,Q174,2,0.3498101732022908,0.10467860286142465,0.38968485745507353,0.1427426099796068,-0.3498101732022909,0.0
noise,GRC,Q176,10,0.2448783871868415,0.057703366633215084,0.21944269444141584,0.6510132333278755,-0.2262983733031998,0.0
noise,GRC,Q177,10,0.660802040762027,0.4193463211640365,1.869204614591421,1.5400896775013695,3.8823615833067135,1.0
noise,GRC,Q178,10,0.48503338532007995,0.23757031874602008,1.0772204928996838,0.7187441870673377,3.0588426121401575,1.0
noise,GRC,Q179,10,0.837372530536075,0.6269010130250628,2.853508921621193,2.119816678895357,4.353313927196458,1.0
noise,GRC,Q195,10,0.47222830892769396,0.2422438584263241,1.0681984763132228,0.7752406947323269,3.0720995763956744,1.0
noise,GRC,Q260,2,0.0345725556010498,0.0008634038566276616,0.0034515493794019525,0.0011966936765431813,-0.03457255560104966,0.0
noise,GRC,Q261,85,0.25904670723139656,0.11078486609182436,0.36804571555641985,6.373737802335768,-3.0310414813452553,0.0
noise,GRC,Q262,81,0.23363683204732286,0.0884386940015538,0.29850478230333977,5.1586688268047745,6.998071256218196,0.0
noise,GRC,Q275,9,0.4560644287488955,0.2194608669802188,0.8025269803645751,0.6683799679114661,1.042715344934504,0.0
noise,GRC,Q288,10,0.3171026951522703,0.14205601921435929,0.4882493653926021,1.0962708494120799,1.0460242372489477,0.0
noise,GRC,Q43,3,0.2564299460304441,0.0566632873593942,0.22500242963330708,-0.0505369178069931,-0.3232736305745414,0.0
noise,GRC,Q50,10,0.21650738071237605,0.066899472402946,0.23866734490021058,0.6894636342723461,0.5164941517901989,0.0
noise,GRC,Q57,2,0.414731736718406,0.1618619131078347,0.5795245004812921,0.22071951991137156,-0.414731736718406,0.0
noise,GRC,Q58,4,0.6661899462862115,0.4149905244240929,1.558669122208171,0.8150976348149261,1.4114443759164472,1.0
noise,GRC,Q59,4,0.2707618568157413,0.06993613536191537,0.2668846668966147,0.30025395564399837,0.19927895980719113,0.0
noise,GRC,Q60,4,0.32940136500091205,0.13792125718263992,0.5112495504319381,0.4209186618601768,0.5575836647533248,0.0
noise,GRC,Q61,4,0.4019850990388985,0.1848875768599194,0.6254854794609761,0.4725401651495045,-0.7983634406719853,0.0
noise,GRC,Q62,4,0.2835917039882268,0.11893481594735467,0.40717560912839246,0.3664242683275213,-0.5707143348989625,0.0
noise,GRC,Q63,4,0.2906834420838676,0.11859559368998777,0.40957434509565904,0.3673762125815154,-0.5784262771747044,0.0
noise,GRC,Q64,4,0.1567671791831905,0.032593737511286865,0.12232517913228702,0.16547012189507826,0.336220105820797,0.0
noise,GRC,Q69,4,0.26072294353616055,0.07892514935803008,0.3055639907432528,0.30985124621450555,0.34925620148510683,0.0
noise,GRC,Q70,4,0.2895842397372175,0.07427283539495416,0.29209417944084604,0.30645199978904925,0.11030047923705011,0.0
noise,GRC,Q71,4,0.3682794133777939,0.1504195211538635,0.5203829479125379,0.3847490943356815,-0.8434112600592671,0.0
noise,GRC,Q73,4,0.35507488984544266,0.1545992239746173,0.5158539803189095,0.3988470806711426,-0.7908802181125827,0.0
noise,GRC,Q81,4,0.29206671742429924,0.0701023755950887,0.2669745213392938,0.30225891680009576,-0.019431858807164915,0.0
noise,GRC,Q99,3,0.6317726565285171,0.36892404602580225,1.3369378017102895,0.5679077751804218,0.9554777859455053,1.0
noise,IDN,Q101,3,0.28645592079538296,0.06768385952664621,0.2699893570626739,-0.034850515377726876,0.3745208001355408,1.0
noise,IDN,Q103,3,0.4861400062106009,0.1837548787216144,0.7242909869583601,0.1855099341573787,0.7209842466982862,1.0
noise,IDN,Q106,10,0.2303336916230238,0.06358485659710834,0.25635925107604995,-0.09742571648334142,-1.31502888416827,0.0
noise,IDN,Q107,10,0.22936828778445034,0.054637873729074055,0.22085523677557095,-0.1409728769052374,-1.144193161308321,0.0
noise,IDN,Q109,10,0.22851177745973494,0.05597381568960891,0.2341999054928281,-0.2209228607055036,1.006464745951587,1.0
noise,IDN,Q174,2,0.07149820478285476,0.003709717460461358,0.014800778701333783,0.005138396404783752,-0.07149820478285474,0.0
noise,IDN,Q176,10,0.15011213605674623,0.024970193131250124,0.10134844071177174,-0.05596154131976672,0.5097567753284364,1.0
noise,IDN,Q177,10,0.3384995544505593,0.1319698474603898,0.5794316218221596,0.08594426321661608,2.156707909701489,1.0
noise,IDN,Q178,10,0.4491018446777955,0.20477876182212693,0.9296118221921126,0.2045951792030447,2.6979817136927755,1.0
noise,IDN,Q179,10,0.6659598339039282,0.43639321418760213,1.9901580103262453,1.4624418776098336,3.91711623442427,1.0
noise,IDN,Q195,10,0.3797418125982628,0.14998878199240323,0.6975757286911413,-0.06329617512712371,2.0920799203500087,1.0
noise,IDN,Q260,2,0.003474384070803027,8.707757181550908e-06,3.483081849509073e-05,1.2071490392340234e-05,-0.003474384070802916,0.0
noise,IDN,Q261,85,0.4003166386915795,0.20946027420483943,0.7123646313287608,10.204778559120562,-12.88647234476548,0.0
noise,IDN,Q262,81,0.37390661411563364,0.189332686729298,0.6394493862477866,8.947875993000306,16.085135912135314,0.0
noise,IDN,Q275,9,0.44432527104213804,0.22933028734185118,0.7838542872930714,0.9391248863497568,1.9783933698503797,0.0
noise,IDN,Q288,10,0.21784641675286565,0.06998837667536276,0.2650125710214759,0.4700128606823055,1.145085653536798,0.0
noise,IDN,Q43,3,0.24314485185175294,0.0671839485021663,0.23826982874205926,-0.13720003568581418,-0.016561460633214065,0.0
noise,IDN,Q50,10,0.21929696184407982,0.04483029400700028,0.1755373435748364,0.17573323978458877,-0.9882682267175671,0.0
noise,IDN,Q57,2,0.45361943754516176,0.21059623998210492,0.7291818166769556,0.2896921164549197,-0.45361943754516165,0.0
noise,IDN,Q58,4,0.45596621440072427,0.2570248611330587,0.9308665456853604,0.5493963999099799,1.1580149285291954,1.0
noise,IDN,Q59,4,0.3228569353702096,0.09768796429397722,0.3655487508489075,0.36128859456449947,0.1778272691090188,0.0
noise,IDN,Q60,4,0.255878993189144,0.051523871828953335,0.19914217598397532,0.25890145421862887,0.011545636907293044,0.0
noise,IDN,Q61,4,0.40659681340533266,0.16539347183197292,0.588336992121254,0.4043861815521077,-0.9042913508986348,0.0
noise,IDN,Q62,4,0.204566760222999,0.07230116885882976,0.2536619772462112,0.2778631551270404,-0.39135278651707583,0.0
noise,IDN,Q63,4,0.28878685772164575,0.0979211034533789,0.3410797862928503,0.30219327697608056,-0.63841130851117,0.0
noise,IDN,Q64,4,0.6004360313389965,0.3499577642036926,1.3133064002370027,0.7011324825614149,1.3336268711166508,1.0
noise,IDN,Q69,4,0.1961267627685126,0.06642163308067585,0.23802009290121617,0.26950001817863733,0.372923796620269,0.0
noise,IDN,Q70,4,0.22990675140531014,0.07928185880156077,0.2770136198083304,0.28176019287449205,0.49792344556714774,0.0
noise,IDN,Q71,4,0.29114580405932283,0.10093248498818003,0.3506079384304448,0.3121497810489705,0.6344868038851159,0.0
noise,IDN,Q73,4,0.23358775723226347,0.04343889579524887,0.16773345614445012,0.23483078277949998,0.05269328704009002,0.0
noise,IDN,Q81,4,0.358070328648589,0.1376344973219964,0.47757978867059725,0.37814330307863,0.7664720231362763,0.0
noise,IDN,Q99,3,0.3399528619968507,0.088589756012288,0.3572188446103617,0.013481451244617415,0.4755711620176092,1.0
noise,IND,Q101,3,0.35345990925691984,0.09831540762695626,0.3929674497630682,0.1311001915468648,0.5741593338998573,1.0
noise,IND,Q103,3,0.2483541829890881,0.04702715900659852,0.19158081148735961,-0.02067689915858717,0.3441063895534817,1.0
noise,IND,Q106,10,0.27078604251560945,0.08319697151796249,0.35839229959051533,-0.08458773415615584,-1.6436723429750018,0.0
noise,IND,Q107,10,0.2064981627195373,0.046854920454427414,0.19426928539878396,-0.16387080513061303,-0.9323510601923939,0.0
noise,IND,Q109,10,0.1497899963711602,0.02516195072607246,0.10326152902703845,-0.14652265511209572,0.3934979835617378,1.0
noise,IND,Q174,2,0.20054164613006398,0.030478059153183953,0.11937221299938539,0.04197920552943868,-0.20054164613006398,0.0
noise,IND,Q176,10,0.25624053711929756,0.07356067594307608,0.29019081759876064,0.22765156364312356,-1.4897019813185146,0.0
noise,IND,Q177,10,0.46484103189928627,0.20970624399507753,0.9887676928585063,0.37199815089257937,2.84574195299677,1.0
noise,IND,Q178,10,0.5191153666263765,0.2676209632578433,1.2360952861690784,0.7639137009585601,3.229776407695281,1.0
noise,IND,Q179,10,0.6244284344328475,0.3666976889071667,1.7281395390005165,0.9921155782580131,3.6436880840924575,1.0
noise,IND,Q195,10,0.32483991392114714,0.10828655249433305,0.5089017680576209,-0.1184249953001002,1.6649134588165375,1.0
noise,IND,Q260,2,0.010972152578816424,8.68538804235288e-05,0.00034739460724286797,0.00012040262900592236,0.010972152578816452,1.0
noise,IND,Q261,85,0.37406846738573085,0.19266512804987967,0.6757716587667311,8.640351211388278,-20.247570445964584,0.0
noise,IND,Q262,81,0.3529734399472133,0.17194668293234514,0.6062582968897088,7.425104369504545,18.214733980444137,0.0
noise,IND,Q275,9,0.32020186192424716,0.151295204636142,0.5623596191892606,0.38183524250094614,0.7175062996727877,0.0
noise,IND,Q288,10,0.11807901972149501,0.014165596564463418,0.056204646041973394,0.3050069139876701,0.03728656033020705,0.0
noise,IND,Q43,3,0.24651584435628052,0.06104268186614063,0.23591256693879403,-0.07557011948534131,-0.28352750902145774,0.0
noise,IND,Q50,10,0.18160800578535308,0.0337223645543239,0.12925071126998633,0.3106888881520078,-0.9331630419378723,0.0
noise,IND,Q57,2,0.3286022176550596,0.09019707564623779,0.3391076538267479,0.12314381715012707,-0.3286022176550596,0.0
noise,IND,Q58,4,0.6286906914476531,0.33844724776605656,1.3270643924514736,0.6127193351847277,1.3310628346950935,1.0
noise,IND,Q59,4,0.2964295230286599,0.0812948370816774,0.3139619223964951,0.26370283929839,0.5270081194504541,0.0
noise,IND,Q60,4,0.26369613832028566,0.07900837132955565,0.28910055448669136,0.28193525714404044,0.5223354218675487,0.0
noise,IND,Q61,4,0.16153946260229093,0.033585731653954384,0.12338058829631837,0.14936436325437308,-0.3875404383044554,0.0
noise,IND,Q62,4,0.17538229860603116,0.030674865895667834,0.12554696499561824,0.17070725020904431,0.045823911757416624,0.0
noise,IND,Q63,4,0.14868959632773782,0.02913104624786585,0.10621207130338517,0.1382885069162889,-0.34133877695854853,0.0
noise,IND,Q64,4,0.47270779570750854,0.1953450959673521,0.7845179684833068,0.33571385758515715,1.079053581368752,1.0
noise,IND,Q69,4,0.16818470239782124,0.024629970823715458,0.0951015873090637,0.08995053112849094,0.3852674709633299,1.0
noise,IND,Q70,4,0.24559764209080595,0.05243490083924397,0.19985714996518045,0.15232329773082098,0.5582532325316891,1.0
noise,IND,Q71,4,0.15144875937121327,0.021869885389117646,0.08657102059826904,0.11500126820318424,0.28489712404586554,0.0
noise,IND,Q73,4,0.23807121365905065,0.04599841376822449,0.1767970783487498,0.14532862573762506,0.49380414954213103,0.0
noise,IND,Q81,4,0.24185809733101288,0.047182834489059876,0.18215365492808444,0.15061595977882014,0.48092254514902955,0.0
noise,IND,Q99,3,0.34760436366115544,0.09380480242894715,0.3766120736833731,0.1187155880405647,0.5606493671116695,1.0
noise,JPN,Q101,3,0.6337325349301398,0.3711452708220861,1.344918594536149,0.5579519015902079,0.9550898203592815,1.0
noise,JPN,Q103,3,0.626936531734133,0.35726079640788794,1.3042707418601323,0.5018352137866599,0.9392803598200901,1.0
noise,JPN,Q106,10,0.2912294440093971,0.09885534007093263,0.38744768446186706,0.8325656809751374,0.14369616288175457,0.0
noise,JPN,Q107,10,0.42222222222222233,0.19307130567735553,0.7389092025856625,1.18434075528443,1.492063492063493,0.0
noise,JPN,Q109,10,0.3637795275590553,0.12093254371190024,0.4740748233451133,0.5910463270298689,0.9291338582677175,0.0
noise,JPN,Q174,2,0.2808041504539559,0.06300071685046914,0.24130357283597714,0.08629838157455544,-0.2808041504539558,0.0
noise,JPN,Q176,10,0.36981132075471695,0.12595298024723675,0.5060708006360986,0.958138981582696,1.0339622641509445,0.0
noise,JPN,Q177,10,0.6356481481481485,0.3865963061278985,1.758291052893253,1.1921787658254477,3.736882716049385,1.0
noise,JPN,Q178,10,0.7621987951807234,0.5392387287257566,2.458120162600276,1.7459373896305235,4.17620481927711,1.0
noise,JPN,Q179,10,0.8646616541353387,0.6717331021464819,3.030333861928134,2.0819073289248164,4.393233082706768,1.0
noise,JPN,Q195,10,0.30905349794238707,0.09124826682954504,0.38043295278605527,-0.005932101187795524,-1.3016460905349803,0.0
noise,JPN,Q260,2,0.0639320029563932,0.0029625264887602545,0.011825805396542766,0.004104145008265114,-0.06393200295639323,0.0
noise,JPN,Q261,82,0.2594235033259427,0.10623392201229684,0.3568214562474852,5.740652060064104,-1.520325203251332,0.0
noise,JPN,Q262,80,0.2452050997782711,0.09544960411156289,0.32331427882806096,5.189707210567946,2.744512195121956,0.0
noise,JPN,Q275,9,0.5522313637496886,0.2773358503683899,1.0328138172799939,1.112981697551824,-0.3807030665669413,0.0
noise,JPN,Q288,10,0.20456431535269717,0.041913337317458686,0.16415779330760127,0.1985486121014004,1.314107883817428,1.0
noise,JPN,Q43,3,0.23703152146934728,0.06782206601158977,0.2546308636730785,0.13916443033627124,-0.4653760238272522,0.0
noise,JPN,Q50,10,0.2432391138273492,0.05330218982970295,0.2072642577894599,0.6375384292393114,-0.5863254392666164,0.0
noise,JPN,Q57,2,0.1440281030444965,0.015339791050946627,0.06071132201119833,0.02119324823745028,-0.14402810304449654,0.0
noise,JPN,Q58,4,0.4880059970014995,0.3008631042695976,1.0548115199397436,0.6245550958862356,1.1986506746626688,1.0
noise,JPN,Q59,4,0.41314741035856584,0.17277653159890777,0.6440373974271858,0.4837420115968196,0.14621513944223086,0.0
noise,JPN,Q60,4,0.4849121466768527,0.21124901406805152,0.8318526999523321,0.5608096891768122,0.4793735676088615,0.0
noise,JPN,Q61,4,0.370201096892139,0.18777820367398612,0.6585908012199093,0.5000660268999799,-0.6325411334552102,0.0
noise,JPN,Q62,4,0.28450363196125905,0.14820815405869628,0.4929658275402413,0.4153373438213892,-0.5508474576271185,0.0
noise,JPN,Q63,4,0.3327228327228328,0.1668042457706564,0.5785598947160775,0.464888490423789,-0.39743589743589736,0.0
noise,JPN,Q64,4,0.4108333333333334,0.17189797768443366,0.5992580553525928,0.4387042537250776,-0.8466666666666667,0.0
noise,JPN,Q69,4,0.3938986953184958,0.1566002859839386,0.6047621294103807,0.46685629774051496,0.4662317728319261,0.0
noise,JPN,Q70,4,0.40178571428571436,0.1664673832613184,0.6399557947784273,0.477666437205466,0.5381493506493509,0.0
noise,JPN,Q71,4,0.35599356395816595,0.12133959682721468,0.4376557622240931,0.39825758775651177,-0.14119066773934064,0.0
noise,JPN,Q73,4,0.3472336911643271,0.1338913611073851,0.47920505394426205,0.42032756294359974,-0.26218001651527656,0.0
noise,JPN,Q81,4,0.34084372003835095,0.11917891761525602,0.4246365010294122,0.38985506375446,-0.19511025886864797,0.0
noise,JPN,Q99,3,0.6524451097804393,0.4134539091832665,1.4655065633601834,0.6579835091678583,0.9820359281437128,1.0
noise,MEX,Q101,3,0.47959011772073656,0.1827716900197201,0.7154830860574072,0.25246920788400506,0.7480865453026642,1.0
noise,MEX,Q103,3,0.47407212479952027,0.17763807866365383,0.6971977306748006,0.241992547641813,0.738852707953583,1.0
noise,MEX,Q106,10,0.22571259932904678,0.04440751132081592,0.1811310240858277,-0.3578913091997289,-0.2433373320610297,0.0
noise,MEX,Q107,10,0.18678027287246823,0.03802122019936367,0.1520065187995967,-0.011946864805435276,-0.33029188772762197,0.0
noise,MEX,Q109,10,0.25206773170816055,0.062481391478772956,0.27703926119434374,-0.1385809435933152,1.087759301561099,1.0
noise,MEX,Q174,2,0.35547209778331224,0.10883883170072006,0.4040247623909692,0.14837578624683528,-0.3554720977833121,0.0
noise,MEX,Q176,10,0.18244587275273233,0.03270666358009368,0.12722388654200234,0.024854072196044186,-0.43033338876408767,0.0
noise,MEX,Q177,10,0.21205950401176024,0.05127148279704763,0.22173780859959358,-0.3135534217041429,0.8213521880378014,1.0
noise,MEX,Q178,10,0.23046989779120283,0.059667457417943756,0.2663899953241957,-0.22309149293238528,1.216665944939109,1.0
noise,MEX,Q179,10,0.5339965494958493,0.2718342409481486,1.3050726611355867,0.5588889983820096,3.156109983341562,1.0
noise,MEX,Q195,10,0.3656765190284659,0.1453227438571136,0.6889543173614308,-0.31233027682044767,1.845774886502637,1.0
noise,MEX,Q260,2,0.0221362041414207,0.0003536708514550301,0.0014143366585720463,0.000490251880697179,-0.022136204141420812,0.0
noise,MEX,Q261,82,0.31905748229476405,0.14433088443943454,0.49020979410237775,7.2622273671848845,-13.084194301664638,0.0
noise,MEX,Q262,80,0.3233280597200262,0.1380684081574499,0.47074045610851556,6.671357232773197,15.683113380492394,0.0
noise,MEX,Q275,9,0.3910171966190611,0.16398262754328236,0.6019988862651156,0.855764115756176,0.8761069034583353,0.0
noise,MEX,Q288,10,0.1990235974495113,0.05745795943783486,0.203302499194141,0.45721677940503724,1.2322085379505232,1.0
noise,MEX,Q43,3,0.10003655418921363,0.009600585935463937,0.03745426932644236,-0.05735341533362026,-0.05558241529409669,0.0
noise,MEX,Q50,10,0.22402187502356036,0.06098362549307841,0.2316827580020644,0.4403980552104412,-1.3274441704936368,0.0
noise,MEX,Q57,2,0.39494721922442183,0.14195180532941937,0.5151891099682884,0.1933785819175436,-0.3949472192244219,0.0
noise,MEX,Q58,4,0.48041665473339973,0.23053059791992497,0.8803363474005743,0.4632746573241927,1.140320707097211,1.0
noise,MEX,Q59,4,0.2089711217820701,0.033336637654076615,0.1302584534386917,0.20596233660569363,-0.013529885099551109,0.0
noise,MEX,Q60,4,0.2271120693025126,0.04453544580584003,0.17139956618133323,0.23633692468310596,-0.1355955331527534,0.0
noise,MEX,Q61,4,0.36903631212982724,0.14937351351788405,0.5447561051877812,0.3514121295234347,-0.9124009507717776,0.0
noise,MEX,Q62,4,0.19439563556536607,0.05604766486540915,0.19764721210700253,0.20917112886296307,-0.4718917153845883,0.0
noise,MEX,Q63,4,0.26474178089231803,0.0804320434147373,0.29480093698121346,0.21483806392268434,-0.674268123384989,0.0
noise,MEX,Q64,4,0.12798510735157742,0.021396502425901,0.08007535423848244,0.09267377402839871,0.3294306281174717,1.0
noise,MEX,Q69,4,0.2868094752745478,0.08155438703644101,0.3040642704942862,0.21707190843809843,-0.6921037926680356,0.0
noise,MEX,Q70,4,0.27535899428003296,0.0756232603009099,0.28229969462104876,0.2045607480698961,-0.6676611904659069,0.0
noise,MEX,Q71,4,0.3256690137786884,0.11122216791974397,0.42106060739728446,0.25621820053101385,-0.8205096117883377,0.0
noise,MEX,Q73,4,0.3544696132693095,0.13499418859384893,0.49520927727453756,0.3224534495855974,-0.8741660926637889,0.0
noise,MEX,Q81,4,0.10260654204861788,0.010396503616394218,0.04038477386386963,0.10038486685330428,-0.0957976022970417,0.0
noise,MEX,Q99,3,0.5059122502162708,0.20773297973529117,0.8042151375620825,0.29851606979147294,0.7884825793087908,1.0
noise,NGA,Q101,3,0.4305042661531188,0.14071569357704367,0.5628669447677364,0.1600754420263849,0.6605113042863351,1.0
noise,NGA,Q103,3,0.3859095680761529,0.1110108224485196,0.44884402249768196,0.07694717363864645,0.5684345918198941,1.0
noise,NGA,Q106,10,0.33806172157056735,0.12252815086174157,0.5696021110744787,-0.06654752008342424,-1.9946526183540145,0.0
noise,NGA,Q107,10,0.2680047530563827,0.08100749448792512,0.36298623249032946,-0.4091526482243677,-1.1541150280961814,0.0
noise,NGA,Q109,10,0.30080833477980706,0.11174846269774877,0.48693930036911626,0.011223473092810465,1.907444923062311,1.0
noise,NGA,Q174,2,0.1179624486385753,0.010204749646453175,0.040531621272016594,0.014114354285711117,-0.1179624486385753,0.0
noise,NGA,Q176,10,0.14507089939635023,0.027263585067544366,0.10949485459433461,-0.07065005487769715,0.4919767289917658,1.0
noise,NGA,Q177,10,0.6022934606739955,0.34698423904455883,1.5756189274494379,0.7759692594158096,3.4875332352470245,1.0
noise,NGA,Q178,10,0.5812436583184853,0.34577595517306076,1.5543323839644476,0.8322377800875715,3.4848024486377374,1.0
noise,NGA,Q179,10,0.6485874028467524,0.41974916107278115,1.9120061380973958,1.2125831258900983,3.812600764161913,1.0
noise,NGA,Q195,10,0.4751468995828891,0.23556385910467656,1.0774538829062292,0.4003298764619436,2.907519703332203,1.0
noise,NGA,Q260,2,0.006350247051946867,2.909016733434024e-05,0.00011635832309908611,4.032726390895691e-05,0.006350247051946756,1.0
noise,NGA,Q261,85,0.5847524548615527,0.3558553108171856,1.3674019398466717,13.858901087281835,-20.519971224099436,0.0
noise,NGA,Q262,81,0.5700927286073207,0.33870974035696927,1.2978610065935925,12.643832111750843,24.487000998972427,0.0
noise,NGA,Q275,9,0.3595271188319301,0.2355329039716737,0.833491512099692,0.6937353551842547,1.3311976483522008,0.0
noise,NGA,Q288,10,0.2864830903343381,0.09330832974133249,0.3429632661522426,0.8520979713724302,1.0889970501643278,0.0
noise,NGA,Q43,3,0.16669319644686642,0.02806101017551879,0.1058327450284815,-0.09373624133594938,-0.069541875064147,0.0
noise,NGA,Q50,10,0.13315636413736753,0.024069677364587268,0.08932360248255966,0.2219371186597634,0.7069658319344505,0.0
noise,NGA,Q57,2,0.36917067724514757,0.11947108143949087,0.44029177288639143,0.16278640142728656,-0.36917067724514774,0.0
noise,NGA,Q58,4,0.38604495415939755,0.1668776694692954,0.6146274686255544,0.37717735371474104,0.9699643280329633,1.0
noise,NGA,Q59,4,0.17919328496721837,0.03396648941511613,0.13421232105275172,0.1949869745588727,0.19899155675204394,0.0
noise,NGA,Q60,4,0.199029323281856,0.036425788832844974,0.14319280667360967,0.2087066710601041,0.15831987474533493,0.0
noise,NGA,Q61,4,0.23329026957954543,0.06503491732365407,0.23235371228391477,0.23197421596243295,-0.5260816772630506,0.0
noise,NGA,Q62,4,0.1772935257916542,0.03662161914150434,0.13506533622183214,0.19547353663820755,-0.21046415518128203,0.0
noise,NGA,Q63,4,0.19678954761817882,0.06100246635699783,0.21197050684692087,0.2343438562081983,-0.42645648586523066,0.0
noise,NGA,Q64,4,0.44050912311615076,0.19108782488800116,0.7395217589464198,0.37536016917751247,1.0561035064894886,1.0
noise,NGA,Q69,4,0.22975882026488245,0.05158299885238367,0.19515706220482198,0.14986668490313126,-0.5591351102035569,0.0
noise,NGA,Q70,4,0.1569774915366608,0.021682766332041834,0.08511198871390668,0.15850866711109268,-0.1239200309095807,0.0
noise,NGA,Q71,4,0.11415311927253852,0.01729527193951503,0.06741656234534887,0.1266612118384175,-0.197164344275909,0.0
noise,NGA,Q73,4,0.1651627504125067,0.044685538221741344,0.16831851805422193,0.21553291185940626,-0.3242935481727862,0.0
noise,NGA,Q81,4,0.16905691357076152,0.03914970602313761,0.1432377990776741,0.17752493872938635,0.38565356958298036,0.0
noise,NGA,Q99,3,0.4502975700476244,0.15498378931193726,0.6171334978049465,0.17890783123097398,0.6877467714214371,1.0
noise,NLD,Q101,3,0.5199600798403194,0.2261012571595667,0.8640120392346518,0.3434595329612801,0.8163672654690619,1.0
noise,NLD,Q103,3,0.6291291291291292,0.36304176599624327,1.3201285761181656,0.5498162184842004,0.9504504504504505,1.0
noise,NLD,Q106,10,0.19109762266059688,0.047958254520273275,0.176821130492943,0.44654813693181516,0.2728882144663629,0.0
noise,NLD,Q107,10,0.34304322084073435,0.12458411423788032,0.5026378125489854,1.0086059139967696,0.15364120781527557,0.0
noise,NLD,Q109,10,0.3549530761209595,0.13002653425975896,0.502841679315603,1.0441383679053255,0.8211678832116798,0.0
noise,NLD,Q174,2,0.09896729776247848,0.007147423015807751,0.028448517954859698,0.009892385313599816,-0.09896729776247848,0.0
noise,NLD,Q176,10,0.2502468458584752,0.0602886136451701,0.22456304525666004,0.6837436108769706,-0.008502468458583934,0.0
noise,NLD,Q177,10,0.6744897959183678,0.4358135207321202,1.9629049113132788,1.5316746860452481,3.9306122448979615,1.0
noise,NLD,Q178,10,0.5214104515474381,0.30873493972632415,1.299833743680995,1.2176722776765316,3.404616945712838,1.0
noise,NLD,Q179,10,0.7332996462860033,0.5169798814074777,2.325876594874768,1.8578549714157935,4.152854977261246,1.0
noise,NLD,Q195,10,0.3561357702349871,0.13343474455686113,0.6039728124130255,0.1848970747193115,2.0984334203655366,1.0
noise,NLD,Q260,2,0.03706293706293709,0.0009924790518140957,0.003967186418322388,0.0013755534510278555,-0.03706293706293695,0.0
noise,NLD,Q261,85,0.29005896064719694,0.1295317905787627,0.4365736370001718,8.31304166639282,-3.722446181269788,0.0
noise,NLD,Q262,81,0.26378313044979806,0.1075650535222436,0.3670327037470926,7.097972690861827,2.68947595614263,0.0
noise,NLD,Q275,9,0.3861761048943146,0.16261949580447252,0.5756236316579106,0.7162963888902718,-0.7324516785350972,0.0
noise,NLD,Q288,10,0.12685680332739155,0.022702244865543446,0.0840639260455549,0.22041350035686813,-0.2813428401663698,0.0
noise,NLD,Q43,3,0.08820160366552118,0.007205087384274427,0.028160396174789826,0.029475804622245638,0.1523482245131733,1.0
noise,NLD,Q50,10,0.4039883268482493,0.17216206648700888,0.665739735336198,1.1813781405044548,-1.7777237354085607,0.0
noise,NLD,Q57,2,0.11205564142194749,0.009193297826495604,0.036539850083488146,0.01271821989169769,0.11205564142194757,1.0
noise,NLD,Q58,4,0.578669612174767,0.31247784806561296,1.198278083218971,0.5920602926978119,1.2869415807560138,1.0
noise,NLD,Q59,4,0.3880903490759755,0.14681984585802357,0.5264903424021441,0.39718307718218304,0.7530800821355239,0.0
noise,NLD,Q60,4,0.47233201581027684,0.25293574987423806,0.8699599242306648,0.5526965474510451,1.0741106719367592,1.0
noise,NLD,Q61,4,0.38182773109243706,0.15239538871169706,0.5944082791322434,0.4417297918744133,0.17016806722689015,0.0
noise,NLD,Q62,4,0.3628841607565013,0.13361128515485104,0.5211769678097697,0.41567080778838694,0.4864066193853427,0.0
noise,NLD,Q63,4,0.38562753036437253,0.1429170577775668,0.5625542881147294,0.4375367134175644,0.45604395604395576,0.0
noise,NLD,Q64,4,0.258639910813824,0.08801346369497262,0.3165960640553078,0.30949580933958043,-0.5105908584169456,0.0
noise,NLD,Q69,4,0.3872303060712495,0.15168728332440298,0.5956576263091193,0.4569885938781467,0.2681886603110888,0.0
noise,NLD,Q70,4,0.3183190739808757,0.10516088591420192,0.40918867912477674,0.3746142572158605,0.24635128334172096,0.0
noise,NLD,Q71,4,0.2910821643286574,0.12297614337251286,0.4278278765273873,0.38975765098317405,-0.3707414829659319,0.0
noise,NLD,Q73,4,0.34830866807610994,0.1508406477975535,0.5390790022265421,0.44942724849461224,-0.32610993657505283,0.0
noise,NLD,Q81,4,0.38683351468988036,0.13817013371637982,0.4997101700470772,0.4294902664623489,-0.04733405875952146,0.0
noise,NLD,Q99,3,0.5530076437354603,0.2696811274636241,1.0050436751569047,0.4325070171922158,0.8693918245264209,1.0
noise,RUS,Q101,3,0.6339553118688694,0.3736331464460654,1.3505045941898377,0.5803344214882007,0.9590423999504832,1.0
noise,RUS,Q103,3,0.6462112710224632,0.39881666780308067,1.4241690850087652,0.6279831556072971,0.974297085795652,1.0
noise,RUS,Q106,10,0.2157831047961989,0.05553610851744989,0.22221591031759358,0.09173333655118521,-1.2023283211529519,0.0
noise,RUS,Q107,10,0.25248007251103116,0.06392990558495772,0.2473109125292554,0.3716831022033249,-0.9375310289983876,0.0
noise,RUS,Q109,10,0.20639498948190751,0.05344813203947092,0.20734896140815717,0.3261242025784883,1.113714430844417,0.0
noise,RUS,Q174,2,0.28956353393009326,0.06748413554648827,0.25768379908436034,0.09238135491869887,-0.28956353393009326,0.0
noise,RUS,Q176,10,0.17870482081406505,0.039701826390580536,0.1565601215422019,0.2755397525854324,-0.24516240233073194,0.0
noise,RUS,Q177,10,0.2675360410564358,0.09143061390940821,0.3983279730124689,0.0037879650119596597,1.6280080316127385,1.0
noise,RUS,Q178,10,0.17986173936162828,0.040700988435629616,0.16421979328408076,-0.16388785138260653,0.6004589915023386,1.0
noise,RUS,Q179,10,0.5230910482836884,0.27615967067617103,1.283936320435994,0.7975288575748096,3.2388283290556883,1.0
noise,RUS,Q195,10,0.25284003622877377,0.0651617397299783,0.2815083096481614,-0.20651367548769173,0.9248162224050205,1.0
noise,RUS,Q260,2,0.049042174971630575,0.0017398271867846045,0.006950922863855347,0.0024109475942502567,-0.04904217497163055,0.0
noise,RUS,Q261,82,0.2756490733911695,0.11718905512103647,0.3894509992260806,6.3605719684801905,-9.135338858471414,0.0
noise,RUS,Q262,80,0.26183934900228345,0.10614463298852472,0.35451835445609703,5.801680070253276,12.187819449323555,0.0
noise,RUS,Q275,9,0.4423091739351309,0.22079195688666486,0.8099730970341592,0.776353566106122,-0.8528881393494276,0.0
noise,RUS,Q288,10,0.2934069487725729,0.09995337511191152,0.36132253356786714,0.9453882330583188,0.7177342935831748,0.0
noise,RUS,Q43,3,0.18269714489855637,0.029267195944096276,0.1171142215748655,-0.05453231738626396,-0.223442889774788,0.0
noise,RUS,Q50,10,0.23894474128797016,0.057050288314336686,0.22484287279713433,0.6341663740867074,-0.025807622235564764,0.0
noise,RUS,Q57,2,0.26442877788567054,0.0551579001927638,0.21240252211364397,0.07564469907176763,-0.26442877788567043,0.0
noise,RUS,Q58,4,0.6037147936879129,0.33340495565314604,1.2794805759470536,0.6481553536666946,1.3215367532113027,1.0
noise,RUS,Q59,4,0.2680669726880792,0.08413193365795035,0.32446808261935467,0.32325349901625355,0.34840178066707095,0.0
noise,RUS,Q60,4,0.30297569056641593,0.10613909152933174,0.4054298530463587,0.36379755906801325,0.4505984578291846,0.0
noise,RUS,Q61,4,0.2681127424487464,0.10148187696565779,0.35215490426229445,0.3311591900886811,-0.5520718597163783,0.0
noise,RUS,Q62,4,0.2218106206696638,0.0668720542802145,0.2351809856601763,0.2661785535279436,-0.2841145475745517,0.0
noise,RUS,Q63,4,0.22553230534377525,0.06379671990987762,0.22676987498305468,0.2622613979759918,-0.25804779052061466,0.0
noise,RUS,Q64,4,0.14486859504828198,0.023865928865762116,0.09577071896359945,0.13418478429878533,0.25275284025542133,0.0
noise,RUS,Q69,4,0.19823315381145606,0.034365211725454425,0.13432975071281894,0.1951871834933776,-0.04344498135489783,0.0
noise,RUS,Q70,4,0.20072676347812243,0.03630124015521889,0.13853592727214004,0.20276325731886402,-0.10404787950487471,0.0
noise,RUS,Q71,4,0.19623250360439123,0.03309338046123557,0.13223962926127464,0.19226430885545975,0.022033896145996934,0.0
noise,RUS,Q73,4,0.1942908782966201,0.04636538110708022,0.16810408741787097,0.21912413460842206,-0.23103964494024876,0.0
noise,RUS,Q81,4,0.19587710697818259,0.03095000126074744,0.12094347974449615,0.19233666620665635,-0.036472634671959714,0.0
noise,RUS,Q99,3,0.646089322355887,0.3982229893012062,1.4227288792317248,0.6239248151616017,0.9736897320698674,1.0
noise,TUR,Q101,3,0.6042720629567173,0.3270106500521826,1.2035504744843544,0.5107118810495217,0.9253794266441823,1.0
noise,TUR,Q103,3,0.6346126810066077,0.3813171733926929,1.3676001416371495,0.6204108163371176,0.9654154365246732,1.0
noise,TUR,Q106,10,0.1341236240474175,0.020564837681124614,0.07745700381914444,0.19657941328279405,0.28662150719728974,0.0
noise,TUR,Q107,10,0.20932055749128925,0.04795169198223058,0.17886399616835513,0.4839607056146269,-0.5988675958188159,0.0
noise,TUR,Q109,10,0.20000000000000004,0.0446928446372564,0.16806020408262246,0.3341409488486695,0.8471698113207538,1.0
noise,TUR,Q174,2,0.04866494401378127,0.0017130906405225764,0.006844232335886824,0.002373912235164699,0.048664944013781186,1.0
noise,TUR,Q176,10,0.20138288677614544,0.03875545320904983,0.15153981000568173,0.5125556909543532,-0.20095073465859947,0.0
noise,TUR,Q177,10,0.6413433458489781,0.366296468086219,1.7554869285022265,1.0205590137104632,3.608051731330832,1.0
noise,TUR,Q178,10,0.5892797319933002,0.32037007862346756,1.5317340155215053,0.8437314824453708,3.403266331658293,1.0
noise,TUR,Q179,10,0.7202995008319473,0.44754981527894294,2.134802119615742,1.2817562124990949,3.8893510815307843,1.0
noise,TUR,Q195,10,0.4131690739167378,0.1644793555350294,0.8072318207913338,-0.051602566612131806,2.2060322854715384,1.0
noise,TUR,Q260,2,0.00020703933747412417,3.0920770185667665e-08,1.2368307833465764e-07,4.2865289096027936e-08,-0.0002070393374742352,0.0
noise,TUR,Q261,85,0.5134217067108542,0.3294293681261343,1.281128240053211,12.01297453394583,-14.250538525268894,0.0
noise,TUR,Q262,81,0.4972383319525002,0.311651027156596,1.2115873068001317,10.797905558414834,17.217568300142176,0.0
noise,TUR,Q275,9,0.44915489055139934,0.2962990063558094,1.0042329013115965,0.6594447358578621,1.6662510390689937,0.0
noise,TUR,Q288,10,0.34843280377844565,0.14053062098978758,0.5003093007196022,1.151147071385402,0.15650493774152086,0.0
noise,TUR,Q43,3,0.07354385964912283,0.00539914994250253,0.021336591162708585,-0.04206122546926194,0.05557894736842095,1.0
noise,TUR,Q50,10,0.334373699542239,0.11005813928162561,0.41477025798310674,0.9657298366307185,-0.38597586350395474,0.0
noise,TUR,Q57,2,0.3573839662447258,0.1102736208810836,0.4089508220305893,0.15031914454578915,-0.3573839662447258,0.0
noise,TUR,Q58,4,0.5767716535433072,0.3167774337900907,1.204123496110534,0.6303877916481793,1.2932034811438047,1.0
noise,TUR,Q59,4,0.3708471760797343,0.13751684904981673,0.5375530378686733,0.423513451693433,0.4858803986710969,0.0
noise,TUR,Q60,4,0.3174553756745538,0.0914190931751864,0.3729975897649065,0.332236123438016,0.275425487754255,0.0
noise,TUR,Q61,4,0.24792358803986717,0.0933493776408977,0.3283756850742763,0.3211869361272154,-0.5012458471760799,0.0
noise,TUR,Q62,4,0.24599046380580847,0.08904472528799952,0.30954543372085164,0.31839850419901194,-0.34438664932813134,0.0
noise,TUR,Q63,4,0.2457992244722103,0.09380245140500318,0.32669763822219045,0.3296257054932019,-0.3698836708315385,0.0
noise,TUR,Q64,4,0.24390500210172342,0.07269723596816806,0.27954900689849516,0.2911423821881606,0.37137452711223196,0.0
noise,TUR,Q69,4,0.34272006675010447,0.11056182373273965,0.40308995115485,0.3229911382829762,0.6848143512724238,0.0
noise,TUR,Q70,4,0.2453936348408711,0.07047353967618586,0.2735927405078331,0.2707141137000405,0.4275544388609718,0.0
noise,TUR,Q71,4,0.20496632996633,0.055854758202881154,0.21436922175620077,0.2433483353019149,0.3636363636363633,0.0
noise,TUR,Q73,4,0.27257240204429306,0.06651782062402496,0.26309514776458,0.28905970986878915,0.13287904599659273,0.0
noise,TUR,Q81,4,0.24418604651162798,0.055690059087295685,0.22533274466986253,0.25091137215099757,0.09862187769164521,0.0
noise,TUR,Q99,3,0.6152115844228878,0.3460158776864577,1.2613553456334738,0.5505195967014407,0.9409531843104177,1.0
noise,USA,Q101,3,0.33327313125820407,0.08249379169421825,0.33567039705396606,0.0311432907372744,0.4830733130189767,1.0
noise,USA,Q103,3,0.512511369567946,0.208680248370106,0.8135764354166042,0.2686029451433736,0.7812111339157032,1.0
noise,USA,Q106,10,0.2137514692457589,0.054585252869547435,0.21747405774298034,-0.014543817072911303,0.5702214161533119,1.0
noise,USA,Q107,10,0.3310143993942732,0.11548511579341304,0.4469815614736521,0.5328930194277945,1.7833010173794932,1.0
noise,USA,Q109,10,0.36516805670946584,0.14270546650820226,0.5485781486440837,0.6465359929949646,2.199140711427033,1.0
noise,USA,Q174,2,0.290491633732038,0.06797145160813903,0.25945805146860645,0.09304224945125877,-0.290491633732038,0.0
noise,USA,Q176,10,0.14307851696742702,0.022955241093856722,0.09327414595783878,0.05863918033785209,0.049982258130178536,0.0
noise,USA,Q177,10,0.46459172852654074,0.2247057838857079,1.0181047693401766,0.5048663236510484,2.8770704111500986,1.0
noise,USA,Q178,10,0.40883508002995567,0.18448494275591898,0.7729353935686136,0.571596207429431,2.5459731488424246,1.0
noise,USA,Q179,10,0.608679126188618,0.3589731658119638,1.6624003734258275,1.0279593156181095,3.5983575926968574,1.0
noise,USA,Q195,10,0.20467146150616078,0.03881028907371617,0.15514015189977926,-0.02082243619196955,-0.04238486725401103,0.0
noise,USA,Q260,2,0.016077385202557526,0.0001865118307767576,0.0007459508823091099,0.00025854916262096905,-0.016077385202557526,0.0
noise,USA,Q261,82,0.2725845967736509,0.12410614165432196,0.4037261183650296,6.361511634638564,-7.777667052734614,0.0
noise,USA,Q262,80,0.257035816285846,0.11279133642483744,0.36810220863430576,5.806796677505481,10.790471930784065,0.0
noise,USA,Q275,9,0.38704190126082877,0.18679920610186357,0.6618365333459026,0.9838291202497833,-0.5827238358889972,0.0
noise,USA,Q288,10,0.3107232856725146,0.10801843469649666,0.4008205535903935,0.957233882282635,0.4669949212370792,0.0
noise,USA,Q43,3,0.06879883588706384,0.0037242779933683023,0.015096240063533717,0.04337699750209367,-0.012407276227258457,0.0
noise,USA,Q50,10,0.1950265685775867,0.03768081241248883,0.14673197454895792,0.4449189694902609,-0.7121311551007814,0.0
noise,USA,Q57,2,0.12817909679165715,0.012085689077065614,0.047940023231383355,0.016709074008548153,-0.12817909679165718,0.0
noise,USA,Q58,4,0.4440766865339605,0.21315358630420916,0.7526239282270129,0.48391610825728404,1.0281046824281437,1.0
noise,USA,Q59,4,0.36389508336198934,0.1281204162285959,0.5114031122601168,0.4120421350362724,0.26438842027512033,0.0
noise,USA,Q60,4,0.4028553323335985,0.17853723724221654,0.6488175457001646,0.4792152379329754,0.6917932161512947,0.0
noise,USA,Q61,4,0.31058880292495605,0.12847512292365276,0.42868902963714506,0.3723619210701864,-0.26980652629681945,0.0
noise,USA,Q62,4,0.4170791000376731,0.16126223841492826,0.6436590253984253,0.46835139286933725,0.28654635971633446,0.0
noise,USA,Q63,4,0.40850860443043696,0.1567674183652719,0.6248389165398223,0.46067129523942374,0.27633801723263085,0.0
noise,USA,Q64,4,0.25429304707348055,0.0515702478805671,0.19960995079115484,0.258772902505487,0.055536398146793786,0.0
noise,USA,Q69,4,0.22860206157092494,0.06905766753033016,0.26310141446576885,0.2875280084532419,0.33089687907426235,0.0
noise,USA,Q70,4,0.32013975222126206,0.08997917443285222,0.3393895882171507,0.3469741916868404,0.12323670277379639,0.0
noise,USA,Q71,4,0.16640322325736948,0.04108383955282613,0.1496102169420419,0.18875872802243887,-0.37239856328998133,0.0
noise,USA,Q73,4,0.3595769777344734,0.15486567799218587,0.5778910170861273,0.45372590420769077,-0.5700858841891039,0.0
noise,USA,Q81,4,0.33058172550714304,0.10475105749736563,0.3932006842743614,0.3755758844040431,0.19388788584354133,0.0
noise,USA,Q99,3,0.471166396257105,0.18299932444041167,0.7081410259271559,0.27677120942975764,0.7520766679969149,1.0
