country,question_id,gps_dimension,response_type,option_code,option_label,count,n_valid,n_country,prob,polarity,question_text
ARG,Q12,posrecip,multiple_response_max_5,1,Yes,673,1003,1003,0.67098703888335,1,Is tolerance and respect for other people one of the qualities children should be encouraged to learn at home?
ARG,Q12,posrecip,multiple_response_max_5,2,No,330,1003,1003,0.32901296111665007,1,Is tolerance and respect for other people one of the qualities children should be encouraged to learn at home?
ARG,Q13,patience,multiple_response_max_5,1,Yes,218,1003,1003,0.21734795613160518,1,"Is thrift, saving money and things one of the qualities children should be encouraged to learn at home?"
ARG,Q13,patience,multiple_response_max_5,2,No,785,1003,1003,0.7826520438683948,1,"Is thrift, saving money and things one of the qualities children should be encouraged to learn at home?"
ARG,Q14,patience,multiple_response_max_5,1,Yes,316,1003,1003,0.3150548354935194,1,"Is determination, perseverance one of the qualities children should be encouraged to learn at home?"
ARG,Q14,patience,multiple_response_max_5,2,No,687,1003,1003,0.6849451645064806,1,"Is determination, perseverance one of the qualities children should be encouraged to learn at home?"
ARG,Q43,patience,single_choice_3,1,Good thing,164,962,1003,0.1704781704781705,-1,"If this change were to happen, would it be a good thing, a bad thing, or would you not mind: less importance placed on work in our lives?"
ARG,Q43,patience,single_choice_3,2,Don't mind,207,962,1003,0.2151767151767152,-1,"If this change were to happen, would it be a good thing, a bad thing, or would you not mind: less importance placed on work in our lives?"
ARG,Q43,patience,single_choice_3,3,Bad thing,591,962,1003,0.6143451143451143,-1,"If this change were to happen, would it be a good thing, a bad thing, or would you not mind: less importance placed on work in our lives?"
ARG,Q50,patience,scale_1_10,1,Completely dissatisfied,67,999,1003,0.06706706706706707,1,How satisfied are you with the financial situation of your household on a scale from 1 to 10?
ARG,Q50,patience,scale_1_10,2,2,44,999,1003,0.044044044044044044,1,How satisfied are you with the financial situation of your household on a scale from 1 to 10?
ARG,Q50,patience,scale_1_10,3,3,56,999,1003,0.056056056056056056,1,How satisfied are you with the financial situation of your household on a scale from 1 to 10?
ARG,Q50,patience,scale_1_10,4,4,83,999,1003,0.08308308308308308,1,How satisfied are you with the financial situation of your household on a scale from 1 to 10?
ARG,Q50,patience,scale_1_10,5,5,125,999,1003,0.12512512512512514,1,How satisfied are you with the financial situation of your household on a scale from 1 to 10?
ARG,Q50,patience,scale_1_10,6,6,143,999,1003,0.14314314314314314,1,How satisfied are you with the financial situation of your household on a scale from 1 to 10?
ARG,Q50,patience,scale_1_10,7,7,182,999,1003,0.18218218218218218,1,How satisfied are you with the financial situation of your household on a scale from 1 to 10?
ARG,Q50,patience,scale_1_10,8,8,181,999,1003,0.18118118118118118,1,How satisfied are you with the financial situation of your household on a scale from 1 to 10?
ARG,Q50,patience,scale_1_10,9,9,60,999,1003,0.06006006006006006,1,How satisfied are you with the financial situation of your household on a scale from 1 to 10?
ARG,Q50,patience,scale_1_10,10,Completely satisfied,58,999,1003,0.05805805805805806,1,How satisfied are you with the financial situation of your household on a scale from 1 to 10?
ARG,Q57,trust,single_choice_2,1,Most people can be trusted,197,952,1003,0.20693277310924368,-1,"Generally speaking, would you say that most people can be trusted or that you need to be very careful in dealing with people?"
ARG,Q57,trust,single_choice_2,2,Need to be very careful,755,952,1003,0.7930672268907563,-1,"Generally speaking, would you say that most people can be trusted or that you need to be very careful in dealing with people?"
ARG,Q58,trust,single_choice_4,1,Trust completely,883,1001,1003,0.8821178821178821,-1,"How much do you trust your family: completely, somewhat, not very much or not at all?"
ARG,Q58,trust,single_choice_4,2,Trust somewhat,98,1001,1003,0.0979020979020979,-1,"How much do you trust your family: completely, somewhat, not very much or not at all?"
ARG,Q58,trust,single_choice_4,3,Do not trust very much,17,1001,1003,0.016983016983016984,-1,"How much do you trust your family: completely, somewhat, not very much or not at all?"
ARG,Q58,trust,single_choice_4,4,Do not trust at all,3,1001,1003,0.002997002997002997,-1,"How much do you trust your family: completely, somewhat, not very much or not at all?"
ARG,Q59,trust,single_choice_4,1,Trust completely,246,990,1003,0.24848484848484848,-1,"How much do you trust your neighborhood: completely, somewhat, not very much or not at all?"
ARG,Q59,trust,single_choice_4,2,Trust somewhat,527,990,1003,0.5323232323232323,-1,"How much do you trust your neighborhood: completely, somewhat, not very much or not at all?"
ARG,Q59,trust,single_choice_4,3,Do not trust very much,172,990,1003,0.17373737373737375,-1,"How much do you trust your neighborhood: completely, somewhat, not very much or not at all?"
ARG,Q59,trust,single_choice_4,4,Do not trust at all,45,990,1003,0.045454545454545456,-1,"How much do you trust your neighborhood: completely, somewhat, not very much or not at all?"
ARG,Q60,trust,single_choice_4,1,Trust completely,292,993,1003,0.2940584088620342,-1,"How much do you trust people you know personally: completely, somewhat, not very much or not at all?"
ARG,Q60,trust,single_choice_4,2,Trust somewhat,509,993,1003,0.5125881168177241,-1,"How much do you trust people you know personally: completely, somewhat, not very much or not at all?"
ARG,Q60,trust,single_choice_4,3,Do not trust very much,148,993,1003,0.14904330312185296,-1,"How much do you trust people you know personally: completely, somewhat, not very much or not at all?"
ARG,Q60,trust,single_choice_4,4,Do not trust at all,44,993,1003,0.044310171198388724,-1,"How much do you trust people you know personally: completely, somewhat, not very much or not at all?"
ARG,Q61,trust,single_choice_4,1,Trust completely,36,978,1003,0.03680981595092025,-1,"How much do you trust people you meet for the first time: completely, somewhat, not very much or not at all?"
ARG,Q61,trust,single_choice_4,2,Trust somewhat,273,978,1003,0.2791411042944785,-1,"How much do you trust people you meet for the first time: completely, somewhat, not very much or not at all?"
ARG,Q61,trust,single_choice_4,3,Do not trust very much,448,978,1003,0.45807770961145194,-1,"How much do you trust people you meet for the first time: completely, somewhat, not very much or not at all?"
ARG,Q61,trust,single_choice_4,4,Do not trust at all,221,978,1003,0.22597137014314927,-1,"How much do you trust people you meet for the first time: completely, somewhat, not very much or not at all?"
ARG,Q62,trust,single_choice_4,1,Trust completely,129,871,1003,0.14810562571756603,-1,"How much do you trust people of another religion: completely, somewhat, not very much or not at all?"
ARG,Q62,trust,single_choice_4,2,Trust somewhat,412,871,1003,0.4730195177956372,-1,"How much do you trust people of another religion: completely, somewhat, not very much or not at all?"
ARG,Q62,trust,single_choice_4,3,Do not trust very much,232,871,1003,0.2663605051664753,-1,"How much do you trust people of another religion: completely, somewhat, not very much or not at all?"
ARG,Q62,trust,single_choice_4,4,Do not trust at all,98,871,1003,0.11251435132032148,-1,"How much do you trust people of another religion: completely, somewhat, not very much or not at all?"
ARG,Q63,trust,single_choice_4,1,Trust completely,110,893,1003,0.12318029115341546,-1,"How much do you trust people of another nationality:  completely, somewhat, not very much or not at all?"
ARG,Q63,trust,single_choice_4,2,Trust somewhat,435,893,1003,0.48712206047032475,-1,"How much do you trust people of another nationality:  completely, somewhat, not very much or not at all?"
ARG,Q63,trust,single_choice_4,3,Do not trust very much,244,893,1003,0.2732362821948488,-1,"How much do you trust people of another nationality:  completely, somewhat, not very much or not at all?"
ARG,Q63,trust,single_choice_4,4,Do not trust at all,104,893,1003,0.11646136618141098,-1,"How much do you trust people of another nationality:  completely, somewhat, not very much or not at all?"
ARG,Q64,trust,single_choice_4,1,A great deal,178,983,1003,0.18107833163784334,-1,"How much confidence do you have in the churches: a great deal of confidence, quite a lot of confidence, not very much confidence or none at all?"
ARG,Q64,trust,single_choice_4,2,Quite a lot,366,983,1003,0.3723296032553408,-1,"How much confidence do you have in the churches: a great deal of confidence, quite a lot of confidence, not very much confidence or none at all?"
ARG,Q64,trust,single_choice_4,3,Not very much,280,983,1003,0.28484231943031535,-1,"How much confidence do you have in the churches: a great deal of confidence, quite a lot of confidence, not very much confidence or none at all?"
ARG,Q64,trust,single_choice_4,4,None at all,159,983,1003,0.1617497456765005,-1,"How much confidence do you have in the churches: a great deal of confidence, quite a lot of confidence, not very much confidence or none at all?"
ARG,Q69,trust,single_choice_4,1,A great deal,50,988,1003,0.05060728744939271,-1,"How much confidence do you have in the police: a great deal of confidence, quite a lot of confidence, not very much confidence or none at all?"
ARG,Q69,trust,single_choice_4,2,Quite a lot,241,988,1003,0.24392712550607287,-1,"How much confidence do you have in the police: a great deal of confidence, quite a lot of confidence, not very much confidence or none at all?"
ARG,Q69,trust,single_choice_4,3,Not very much,435,988,1003,0.4402834008097166,-1,"How much confidence do you have in the police: a great deal of confidence, quite a lot of confidence, not very much confidence or none at all?"
ARG,Q69,trust,single_choice_4,4,None at all,262,988,1003,0.2651821862348178,-1,"How much confidence do you have in the police: a great deal of confidence, quite a lot of confidence, not very much confidence or none at all?"
ARG,Q70,trust,single_choice_4,1,A great deal,17,988,1003,0.01720647773279352,-1,"How much confidence do you have in the courts: a great deal of confidence, quite a lot of confidence, not very much confidence or none at all?"
ARG,Q70,trust,single_choice_4,2,Quite a lot,187,988,1003,0.18927125506072875,-1,"How much confidence do you have in the courts: a great deal of confidence, quite a lot of confidence, not very much confidence or none at all?"
ARG,Q70,trust,single_choice_4,3,Not very much,443,988,1003,0.4483805668016194,-1,"How much confidence do you have in the courts: a great deal of confidence, quite a lot of confidence, not very much confidence or none at all?"
ARG,Q70,trust,single_choice_4,4,None at all,341,988,1003,0.3451417004048583,-1,"How much confidence do you have in the courts: a great deal of confidence, quite a lot of confidence, not very much confidence or none at all?"
ARG,Q71,trust,single_choice_4,1,A great deal,54,985,1003,0.05482233502538071,-1,"How much confidence do you have in the government: a great deal of confidence, quite a lot of confidence, not very much confidence or none at all?"
ARG,Q71,trust,single_choice_4,2,Quite a lot,255,985,1003,0.25888324873096447,-1,"How much confidence do you have in the government: a great deal of confidence, quite a lot of confidence, not very much confidence or none at all?"
ARG,Q71,trust,single_choice_4,3,Not very much,377,985,1003,0.38274111675126904,-1,"How much confidence do you have in the government: a great deal of confidence, quite a lot of confidence, not very much confidence or none at all?"
ARG,Q71,trust,single_choice_4,4,None at all,299,985,1003,0.3035532994923858,-1,"How much confidence do you have in the government: a great deal of confidence, quite a lot of confidence, not very much confidence or none at all?"
ARG,Q73,trust,single_choice_4,1,A great deal,11,960,1003,0.011458333333333333,-1,"How much confidence do you have in parliament: a great deal of confidence, quite a lot of confidence, not very much confidence or none at all?"
ARG,Q73,trust,single_choice_4,2,Quite a lot,217,960,1003,0.22604166666666667,-1,"How much confidence do you have in parliament: a great deal of confidence, quite a lot of confidence, not very much confidence or none at all?"
ARG,Q73,trust,single_choice_4,3,Not very much,432,960,1003,0.45,-1,"How much confidence do you have in parliament: a great deal of confidence, quite a lot of confidence, not very much confidence or none at all?"
ARG,Q73,trust,single_choice_4,4,None at all,300,960,1003,0.3125,-1,"How much confidence do you have in parliament: a great deal of confidence, quite a lot of confidence, not very much confidence or none at all?"
ARG,Q81,posrecip,single_choice_4,1,A great deal,182,946,1003,0.19238900634249473,-1,"How much confidence do you have in charitable or humanitarian organizations: a great deal of confidence, quite a lot of confidence, not very much confidence or none at all?"
ARG,Q81,posrecip,single_choice_4,2,Quite a lot,467,946,1003,0.49365750528541225,-1,"How much confidence do you have in charitable or humanitarian organizations: a great deal of confidence, quite a lot of confidence, not very much confidence or none at all?"
ARG,Q81,posrecip,single_choice_4,3,Not very much,213,946,1003,0.2251585623678647,-1,"How much confidence do you have in charitable or humanitarian organizations: a great deal of confidence, quite a lot of confidence, not very much confidence or none at all?"
ARG,Q81,posrecip,single_choice_4,4,None at all,84,946,1003,0.08879492600422834,-1,"How much confidence do you have in charitable or humanitarian organizations: a great deal of confidence, quite a lot of confidence, not very much confidence or none at all?"
ARG,Q99,altruism,single_choice_3,2,Active member,20,1003,1003,0.019940179461615155,1,"Are you an active member, an inactive member, or not a member of an environmental organization?"
ARG,Q99,altruism,single_choice_3,1,Inactive member,50,1003,1003,0.049850448654037885,1,"Are you an active member, an inactive member, or not a member of an environmental organization?"
ARG,Q99,altruism,single_choice_3,0,Don't belong,933,1003,1003,0.9302093718843469,1,"Are you an active member, an inactive member, or not a member of an environmental organization?"
ARG,Q101,altruism,single_choice_3,2,Active member,28,1003,1003,0.027916251246261216,1,"Are you an active member, an inactive member, or not a member of humanitarian or a charitable organization?"
ARG,Q101,altruism,single_choice_3,1,Inactive member,77,1003,1003,0.07676969092721835,1,"Are you an active member, an inactive member, or not a member of humanitarian or a charitable organization?"
ARG,Q101,altruism,single_choice_3,0,Don't belong,898,1003,1003,0.8953140578265204,1,"Are you an active member, an inactive member, or not a member of humanitarian or a charitable organization?"
ARG,Q103,altruism,single_choice_3,2,Active member,13,1003,1003,0.01296111665004985,1,"Are you an active member, an inactive member, or not a member of a self-help group or a mutual aid group?"
ARG,Q103,altruism,single_choice_3,1,Inactive member,53,1003,1003,0.05284147557328016,1,"Are you an active member, an inactive member, or not a member of a self-help group or a mutual aid group?"
ARG,Q103,altruism,single_choice_3,0,Don't belong,937,1003,1003,0.93419740777667,1,"Are you an active member, an inactive member, or not a member of a self-help group or a mutual aid group?"
ARG,Q106,risktaking,scale_1_10,1,nan,124,980,1003,0.12653061224489795,1,"How would you place your views on this scale? 1 means you agree completely with statement A; 10 means you agree completely with statement B; and if your views fall somewhere in between, you can choose any number in between. Statement A: Incomes should be made more equal; Statement B: there should be greater incentives for individual effort?"
ARG,Q106,risktaking,scale_1_10,2,,56,980,1003,0.05714285714285714,1,"How would you place your views on this scale? 1 means you agree completely with statement A; 10 means you agree completely with statement B; and if your views fall somewhere in between, you can choose any number in between. Statement A: Incomes should be made more equal; Statement B: there should be greater incentives for individual effort?"
ARG,Q106,risktaking,scale_1_10,3,,73,980,1003,0.07448979591836735,1,"How would you place your views on this scale? 1 means you agree completely with statement A; 10 means you agree completely with statement B; and if your views fall somewhere in between, you can choose any number in between. Statement A: Incomes should be made more equal; Statement B: there should be greater incentives for individual effort?"
ARG,Q106,risktaking,scale_1_10,4,,82,980,1003,0.0836734693877551,1,"How would you place your views on this scale? 1 means you agree completely with statement A; 10 means you agree completely with statement B; and if your views fall somewhere in between, you can choose any number in between. Statement A: Incomes should be made more equal; Statement B: there should be greater incentives for individual effort?"
ARG,Q106,risktaking,scale_1_10,5,,124,980,1003,0.12653061224489795,1,"How would you place your views on this scale? 1 means you agree completely with statement A; 10 means you agree completely with statement B; and if your views fall somewhere in between, you can choose any number in between. Statement A: Incomes should be made more equal; Statement B: there should be greater incentives for individual effort?"
ARG,Q106,risktaking,scale_1_10,6,,112,980,1003,0.11428571428571428,1,"How would you place your views on this scale? 1 means you agree completely with statement A; 10 means you agree completely with statement B; and if your views fall somewhere in between, you can choose any number in between. Statement A: Incomes should be made more equal; Statement B: there should be greater incentives for individual effort?"
ARG,Q106,risktaking,scale_1_10,7,,135,980,1003,0.1377551020408163,1,"How would you place your views on this scale? 1 means you agree completely with statement A; 10 means you agree completely with statement B; and if your views fall somewhere in between, you can choose any number in between. Statement A: Incomes should be made more equal; Statement B: there should be greater incentives for individual effort?"
ARG,Q106,risktaking,scale_1_10,8,,122,980,1003,0.12448979591836734,1,"How would you place your views on this scale? 1 means you agree completely with statement A; 10 means you agree completely with statement B; and if your views fall somewhere in between, you can choose any number in between. Statement A: Incomes should be made more equal; Statement B: there should be greater incentives for individual effort?"
ARG,Q106,risktaking,scale_1_10,9,,62,980,1003,0.06326530612244897,1,"How would you place your views on this scale? 1 means you agree completely with statement A; 10 means you agree completely with statement B; and if your views fall somewhere in between, you can choose any number in between. Statement A: Incomes should be made more equal; Statement B: there should be greater incentives for individual effort?"
ARG,Q106,risktaking,scale_1_10,10,,90,980,1003,0.09183673469387756,1,"How would you place your views on this scale? 1 means you agree completely with statement A; 10 means you agree completely with statement B; and if your views fall somewhere in between, you can choose any number in between. Statement A: Incomes should be made more equal; Statement B: there should be greater incentives for individual effort?"
ARG,Q107,risktaking,scale_1_10,1,nan,39,912,1003,0.04276315789473684,1,"How would you place your views on this scale? 1 means you agree completely with statement A; 10 means you agree completely with statement B; and if your views fall somewhere in between, you can choose any number in between. Statement A: Private ownership of business and industry should be increased; Statement B: Government ownership of business and industry should be increased?"
ARG,Q107,risktaking,scale_1_10,2,,34,912,1003,0.03728070175438596,1,"How would you place your views on this scale? 1 means you agree completely with statement A; 10 means you agree completely with statement B; and if your views fall somewhere in between, you can choose any number in between. Statement A: Private ownership of business and industry should be increased; Statement B: Government ownership of business and industry should be increased?"
ARG,Q107,risktaking,scale_1_10,3,,60,912,1003,0.06578947368421052,1,"How would you place your views on this scale? 1 means you agree completely with statement A; 10 means you agree completely with statement B; and if your views fall somewhere in between, you can choose any number in between. Statement A: Private ownership of business and industry should be increased; Statement B: Government ownership of business and industry should be increased?"
ARG,Q107,risktaking,scale_1_10,4,,61,912,1003,0.0668859649122807,1,"How would you place your views on this scale? 1 means you agree completely with statement A; 10 means you agree completely with statement B; and if your views fall somewhere in between, you can choose any number in between. Statement A: Private ownership of business and industry should be increased; Statement B: Government ownership of business and industry should be increased?"
ARG,Q107,risktaking,scale_1_10,5,,181,912,1003,0.19846491228070176,1,"How would you place your views on this scale? 1 means you agree completely with statement A; 10 means you agree completely with statement B; and if your views fall somewhere in between, you can choose any number in between. Statement A: Private ownership of business and industry should be increased; Statement B: Government ownership of business and industry should be increased?"
ARG,Q107,risktaking,scale_1_10,6,,128,912,1003,0.14035087719298245,1,"How would you place your views on this scale? 1 means you agree completely with statement A; 10 means you agree completely with statement B; and if your views fall somewhere in between, you can choose any number in between. Statement A: Private ownership of business and industry should be increased; Statement B: Government ownership of business and industry should be increased?"
ARG,Q107,risktaking,scale_1_10,7,,137,912,1003,0.15021929824561403,1,"How would you place your views on this scale? 1 means you agree completely with statement A; 10 means you agree completely with statement B; and if your views fall somewhere in between, you can choose any number in between. Statement A: Private ownership of business and industry should be increased; Statement B: Government ownership of business and industry should be increased?"
ARG,Q107,risktaking,scale_1_10,8,,129,912,1003,0.14144736842105263,1,"How would you place your views on this scale? 1 means you agree completely with statement A; 10 means you agree completely with statement B; and if your views fall somewhere in between, you can choose any number in between. Statement A: Private ownership of business and industry should be increased; Statement B: Government ownership of business and industry should be increased?"
ARG,Q107,risktaking,scale_1_10,9,,57,912,1003,0.0625,1,"How would you place your views on this scale? 1 means you agree completely with statement A; 10 means you agree completely with statement B; and if your views fall somewhere in between, you can choose any number in between. Statement A: Private ownership of business and industry should be increased; Statement B: Government ownership of business and industry should be increased?"
ARG,Q107,risktaking,scale_1_10,10,,86,912,1003,0.09429824561403509,1,"How would you place your views on this scale? 1 means you agree completely with statement A; 10 means you agree completely with statement B; and if your views fall somewhere in between, you can choose any number in between. Statement A: Private ownership of business and industry should be increased; Statement B: Government ownership of business and industry should be increased?"
ARG,Q109,risktaking,scale_1_10,1,nan,127,976,1003,0.13012295081967212,-1,"How would you place your views on this scale? 1 means you agree completely with statement A; 10 means you agree completely with statement B; and if your views fall somewhere in between, you can choose any number in between. Statement A: Competition is good; Statement B:  Competition is harmful?"
ARG,Q109,risktaking,scale_1_10,2,,88,976,1003,0.09016393442622951,-1,"How would you place your views on this scale? 1 means you agree completely with statement A; 10 means you agree completely with statement B; and if your views fall somewhere in between, you can choose any number in between. Statement A: Competition is good; Statement B:  Competition is harmful?"
ARG,Q109,risktaking,scale_1_10,3,,136,976,1003,0.13934426229508196,-1,"How would you place your views on this scale? 1 means you agree completely with statement A; 10 means you agree completely with statement B; and if your views fall somewhere in between, you can choose any number in between. Statement A: Competition is good; Statement B:  Competition is harmful?"
ARG,Q109,risktaking,scale_1_10,4,,105,976,1003,0.10758196721311475,-1,"How would you place your views on this scale? 1 means you agree completely with statement A; 10 means you agree completely with statement B; and if your views fall somewhere in between, you can choose any number in between. Statement A: Competition is good; Statement B:  Competition is harmful?"
ARG,Q109,risktaking,scale_1_10,5,,177,976,1003,0.18135245901639344,-1,"How would you place your views on this scale? 1 means you agree completely with statement A; 10 means you agree completely with statement B; and if your views fall somewhere in between, you can choose any number in between. Statement A: Competition is good; Statement B:  Competition is harmful?"
ARG,Q109,risktaking,scale_1_10,6,,109,976,1003,0.11168032786885246,-1,"How would you place your views on this scale? 1 means you agree completely with statement A; 10 means you agree completely with statement B; and if your views fall somewhere in between, you can choose any number in between. Statement A: Competition is good; Statement B:  Competition is harmful?"
ARG,Q109,risktaking,scale_1_10,7,,81,976,1003,0.08299180327868852,-1,"How would you place your views on this scale? 1 means you agree completely with statement A; 10 means you agree completely with statement B; and if your views fall somewhere in between, you can choose any number in between. Statement A: Competition is good; Statement B:  Competition is harmful?"
ARG,Q109,risktaking,scale_1_10,8,,59,976,1003,0.060450819672131145,-1,"How would you place your views on this scale? 1 means you agree completely with statement A; 10 means you agree completely with statement B; and if your views fall somewhere in between, you can choose any number in between. Statement A: Competition is good; Statement B:  Competition is harmful?"
ARG,Q109,risktaking,scale_1_10,9,,24,976,1003,0.02459016393442623,-1,"How would you place your views on this scale? 1 means you agree completely with statement A; 10 means you agree completely with statement B; and if your views fall somewhere in between, you can choose any number in between. Statement A: Competition is good; Statement B:  Competition is harmful?"
ARG,Q109,risktaking,scale_1_10,10,,70,976,1003,0.07172131147540983,-1,"How would you place your views on this scale? 1 means you agree completely with statement A; 10 means you agree completely with statement B; and if your views fall somewhere in between, you can choose any number in between. Statement A: Competition is good; Statement B:  Competition is harmful?"
ARG,Q174,posrecip,single_choice_2,1,To follow religious norms and ceremonies,144,951,1003,0.15141955835962145,1,Which of the following statements do you agree with most: The basic meaning of religion is to follow religious norms and ceremonies; The basic meaning of religion is to do good to other people?
ARG,Q174,posrecip,single_choice_2,2,To do good to other people / To make sense of life after death,807,951,1003,0.8485804416403786,1,Which of the following statements do you agree with most: The basic meaning of religion is to follow religious norms and ceremonies; The basic meaning of religion is to do good to other people?
ARG,Q176,negrecip,scale_1_10,1,Completely agree,137,969,1003,0.14138286893704852,1,"On a 10-point scale, how much do you agree or disagree that nowadays one often has trouble deciding which moral rules are the right ones to follow?"
ARG,Q176,negrecip,scale_1_10,2,2,35,969,1003,0.03611971104231166,1,"On a 10-point scale, how much do you agree or disagree that nowadays one often has trouble deciding which moral rules are the right ones to follow?"
ARG,Q176,negrecip,scale_1_10,3,3,66,969,1003,0.06811145510835913,1,"On a 10-point scale, how much do you agree or disagree that nowadays one often has trouble deciding which moral rules are the right ones to follow?"
ARG,Q176,negrecip,scale_1_10,4,4,47,969,1003,0.048503611971104234,1,"On a 10-point scale, how much do you agree or disagree that nowadays one often has trouble deciding which moral rules are the right ones to follow?"
ARG,Q176,negrecip,scale_1_10,5,5,124,969,1003,0.12796697626418987,1,"On a 10-point scale, how much do you agree or disagree that nowadays one often has trouble deciding which moral rules are the right ones to follow?"
ARG,Q176,negrecip,scale_1_10,6,6,134,969,1003,0.13828689370485037,1,"On a 10-point scale, how much do you agree or disagree that nowadays one often has trouble deciding which moral rules are the right ones to follow?"
ARG,Q176,negrecip,scale_1_10,7,7,173,969,1003,0.1785345717234262,1,"On a 10-point scale, how much do you agree or disagree that nowadays one often has trouble deciding which moral rules are the right ones to follow?"
ARG,Q176,negrecip,scale_1_10,8,8,125,969,1003,0.12899896800825594,1,"On a 10-point scale, how much do you agree or disagree that nowadays one often has trouble deciding which moral rules are the right ones to follow?"
ARG,Q176,negrecip,scale_1_10,9,9,55,969,1003,0.05675954592363261,1,"On a 10-point scale, how much do you agree or disagree that nowadays one often has trouble deciding which moral rules are the right ones to follow?"
ARG,Q176,negrecip,scale_1_10,10,Completely disagree,73,969,1003,0.07533539731682147,1,"On a 10-point scale, how much do you agree or disagree that nowadays one often has trouble deciding which moral rules are the right ones to follow?"
ARG,Q177,negrecip,scale_1_10,1,Never justifiable,337,977,1003,0.34493346980552714,-1,"Do you think claiming government benefits to which you are not entitled can always be justified, never be justified, or something in between? Answer on a 10-point scale."
ARG,Q177,negrecip,scale_1_10,2,2,64,977,1003,0.06550665301944729,-1,"Do you think claiming government benefits to which you are not entitled can always be justified, never be justified, or something in between? Answer on a 10-point scale."
ARG,Q177,negrecip,scale_1_10,3,3,48,977,1003,0.04912998976458546,-1,"Do you think claiming government benefits to which you are not entitled can always be justified, never be justified, or something in between? Answer on a 10-point scale."
ARG,Q177,negrecip,scale_1_10,4,4,55,977,1003,0.05629477993858751,-1,"Do you think claiming government benefits to which you are not entitled can always be justified, never be justified, or something in between? Answer on a 10-point scale."
ARG,Q177,negrecip,scale_1_10,5,5,101,977,1003,0.10337768679631525,-1,"Do you think claiming government benefits to which you are not entitled can always be justified, never be justified, or something in between? Answer on a 10-point scale."
ARG,Q177,negrecip,scale_1_10,6,6,56,977,1003,0.057318321392016376,-1,"Do you think claiming government benefits to which you are not entitled can always be justified, never be justified, or something in between? Answer on a 10-point scale."
ARG,Q177,negrecip,scale_1_10,7,7,48,977,1003,0.04912998976458546,-1,"Do you think claiming government benefits to which you are not entitled can always be justified, never be justified, or something in between? Answer on a 10-point scale."
ARG,Q177,negrecip,scale_1_10,8,8,84,977,1003,0.08597748208802457,-1,"Do you think claiming government benefits to which you are not entitled can always be justified, never be justified, or something in between? Answer on a 10-point scale."
ARG,Q177,negrecip,scale_1_10,9,9,63,977,1003,0.06448311156601842,-1,"Do you think claiming government benefits to which you are not entitled can always be justified, never be justified, or something in between? Answer on a 10-point scale."
ARG,Q177,negrecip,scale_1_10,10,Always justifiable,121,977,1003,0.12384851586489252,-1,"Do you think claiming government benefits to which you are not entitled can always be justified, never be justified, or something in between? Answer on a 10-point scale."
ARG,Q178,risktaking,scale_1_10,1,Never justifiable,485,987,1003,0.49138804457953394,-1,"Do you think avoiding a fare on public transport can always be justified, never be justified, or something in between? Answer on a 10-point scale."
ARG,Q178,risktaking,scale_1_10,2,2,76,987,1003,0.07700101317122594,-1,"Do you think avoiding a fare on public transport can always be justified, never be justified, or something in between? Answer on a 10-point scale."
ARG,Q178,risktaking,scale_1_10,3,3,81,987,1003,0.08206686930091185,-1,"Do you think avoiding a fare on public transport can always be justified, never be justified, or something in between? Answer on a 10-point scale."
ARG,Q178,risktaking,scale_1_10,4,4,47,987,1003,0.047619047619047616,-1,"Do you think avoiding a fare on public transport can always be justified, never be justified, or something in between? Answer on a 10-point scale."
ARG,Q178,risktaking,scale_1_10,5,5,106,987,1003,0.10739614994934144,-1,"Do you think avoiding a fare on public transport can always be justified, never be justified, or something in between? Answer on a 10-point scale."
ARG,Q178,risktaking,scale_1_10,6,6,57,987,1003,0.057750759878419454,-1,"Do you think avoiding a fare on public transport can always be justified, never be justified, or something in between? Answer on a 10-point scale."
ARG,Q178,risktaking,scale_1_10,7,7,63,987,1003,0.06382978723404255,-1,"Do you think avoiding a fare on public transport can always be justified, never be justified, or something in between? Answer on a 10-point scale."
ARG,Q178,risktaking,scale_1_10,8,8,38,987,1003,0.03850050658561297,-1,"Do you think avoiding a fare on public transport can always be justified, never be justified, or something in between? Answer on a 10-point scale."
ARG,Q178,risktaking,scale_1_10,9,9,15,987,1003,0.015197568389057751,-1,"Do you think avoiding a fare on public transport can always be justified, never be justified, or something in between? Answer on a 10-point scale."
ARG,Q178,risktaking,scale_1_10,10,Always justifiable,19,987,1003,0.019250253292806486,-1,"Do you think avoiding a fare on public transport can always be justified, never be justified, or something in between? Answer on a 10-point scale."
ARG,Q179,negrecip,scale_1_10,1,Never justifiable,765,983,1003,0.7782299084435402,-1,"Do you think stealing property can always be justified, never be justified, or something in between? Answer on a 10-point scale."
ARG,Q179,negrecip,scale_1_10,2,2,58,983,1003,0.059003051881993895,-1,"Do you think stealing property can always be justified, never be justified, or something in between? Answer on a 10-point scale."
ARG,Q179,negrecip,scale_1_10,3,3,34,983,1003,0.03458799593082401,-1,"Do you think stealing property can always be justified, never be justified, or something in between? Answer on a 10-point scale."
ARG,Q179,negrecip,scale_1_10,4,4,20,983,1003,0.02034587995930824,-1,"Do you think stealing property can always be justified, never be justified, or something in between? Answer on a 10-point scale."
ARG,Q179,negrecip,scale_1_10,5,5,48,983,1003,0.048830111902339775,-1,"Do you think stealing property can always be justified, never be justified, or something in between? Answer on a 10-point scale."
ARG,Q179,negrecip,scale_1_10,6,6,25,983,1003,0.0254323499491353,-1,"Do you think stealing property can always be justified, never be justified, or something in between? Answer on a 10-point scale."
ARG,Q179,negrecip,scale_1_10,7,7,21,983,1003,0.021363173957273652,-1,"Do you think stealing property can always be justified, never be justified, or something in between? Answer on a 10-point scale."
ARG,Q179,negrecip,scale_1_10,8,8,8,983,1003,0.008138351983723296,-1,"Do you think stealing property can always be justified, never be justified, or something in between? Answer on a 10-point scale."
ARG,Q179,negrecip,scale_1_10,9,9,4,983,1003,0.004069175991861648,-1,"Do you think stealing property can always be justified, never be justified, or something in between? Answer on a 10-point scale."
ARG,Q179,negrecip,scale_1_10,10,Always justifiable,0,983,1003,0.0,-1,"Do you think stealing property can always be justified, never be justified, or something in between? Answer on a 10-point scale."
ARG,Q195,negrecip,scale_1_10,1,Never justifiable,496,962,1003,0.5155925155925156,1,"Do you think death penalty can always be justified, never be justified, or something in between? Answer on a 10-point scale."
ARG,Q195,negrecip,scale_1_10,2,2,32,962,1003,0.033264033264033266,1,"Do you think death penalty can always be justified, never be justified, or something in between? Answer on a 10-point scale."
ARG,Q195,negrecip,scale_1_10,3,3,43,962,1003,0.0446985446985447,1,"Do you think death penalty can always be justified, never be justified, or something in between? Answer on a 10-point scale."
ARG,Q195,negrecip,scale_1_10,4,4,54,962,1003,0.056133056133056136,1,"Do you think death penalty can always be justified, never be justified, or something in between? Answer on a 10-point scale."
ARG,Q195,negrecip,scale_1_10,5,5,96,962,1003,0.0997920997920998,1,"Do you think death penalty can always be justified, never be justified, or something in between? Answer on a 10-point scale."
ARG,Q195,negrecip,scale_1_10,6,6,72,962,1003,0.07484407484407485,1,"Do you think death penalty can always be justified, never be justified, or something in between? Answer on a 10-point scale."
ARG,Q195,negrecip,scale_1_10,7,7,56,962,1003,0.058212058212058215,1,"Do you think death penalty can always be justified, never be justified, or something in between? Answer on a 10-point scale."
ARG,Q195,negrecip,scale_1_10,8,8,34,962,1003,0.035343035343035345,1,"Do you think death penalty can always be justified, never be justified, or something in between? Answer on a 10-point scale."
ARG,Q195,negrecip,scale_1_10,9,9,16,962,1003,0.016632016632016633,1,"Do you think death penalty can always be justified, never be justified, or something in between? Answer on a 10-point scale."
ARG,Q195,negrecip,scale_1_10,10,Always justifiable,63,962,1003,0.06548856548856549,1,"Do you think death penalty can always be justified, never be justified, or something in between? Answer on a 10-point scale."
BRA,Q12,posrecip,multiple_response_max_5,1,Yes,1084,1762,1762,0.6152099886492622,1,Is tolerance and respect for other people one of the qualities children should be encouraged to learn at home?
BRA,Q12,posrecip,multiple_response_max_5,2,No,678,1762,1762,0.3847900113507378,1,Is tolerance and respect for other people one of the qualities children should be encouraged to learn at home?
BRA,Q13,patience,multiple_response_max_5,1,Yes,317,1762,1762,0.17990919409761635,1,"Is thrift, saving money and things one of the qualities children should be encouraged to learn at home?"
BRA,Q13,patience,multiple_response_max_5,2,No,1445,1762,1762,0.8200908059023837,1,"Is thrift, saving money and things one of the qualities children should be encouraged to learn at home?"
BRA,Q14,patience,multiple_response_max_5,1,Yes,411,1762,1762,0.23325766174801363,1,"Is determination, perseverance one of the qualities children should be encouraged to learn at home?"
BRA,Q14,patience,multiple_response_max_5,2,No,1351,1762,1762,0.7667423382519863,1,"Is determination, perseverance one of the qualities children should be encouraged to learn at home?"
BRA,Q43,patience,single_choice_3,1,Good thing,600,1705,1762,0.3519061583577713,-1,"If this change were to happen, would it be a good thing, a bad thing, or would you not mind: less importance placed on work in our lives?"
BRA,Q43,patience,single_choice_3,2,Don't mind,402,1705,1762,0.23577712609970675,-1,"If this change were to happen, would it be a good thing, a bad thing, or would you not mind: less importance placed on work in our lives?"
BRA,Q43,patience,single_choice_3,3,Bad thing,703,1705,1762,0.41231671554252197,-1,"If this change were to happen, would it be a good thing, a bad thing, or would you not mind: less importance placed on work in our lives?"
BRA,Q50,patience,scale_1_10,1,Completely dissatisfied,170,1748,1762,0.09725400457665904,1,How satisfied are you with the financial situation of your household on a scale from 1 to 10?
BRA,Q50,patience,scale_1_10,2,2,47,1748,1762,0.02688787185354691,1,How satisfied are you with the financial situation of your household on a scale from 1 to 10?
BRA,Q50,patience,scale_1_10,3,3,102,1748,1762,0.05835240274599542,1,How satisfied are you with the financial situation of your household on a scale from 1 to 10?
BRA,Q50,patience,scale_1_10,4,4,115,1748,1762,0.06578947368421052,1,How satisfied are you with the financial situation of your household on a scale from 1 to 10?
BRA,Q50,patience,scale_1_10,5,5,324,1748,1762,0.1853546910755149,1,How satisfied are you with the financial situation of your household on a scale from 1 to 10?
BRA,Q50,patience,scale_1_10,6,6,184,1748,1762,0.10526315789473684,1,How satisfied are you with the financial situation of your household on a scale from 1 to 10?
BRA,Q50,patience,scale_1_10,7,7,232,1748,1762,0.13272311212814644,1,How satisfied are you with the financial situation of your household on a scale from 1 to 10?
BRA,Q50,patience,scale_1_10,8,8,209,1748,1762,0.11956521739130435,1,How satisfied are you with the financial situation of your household on a scale from 1 to 10?
BRA,Q50,patience,scale_1_10,9,9,86,1748,1762,0.04919908466819222,1,How satisfied are you with the financial situation of your household on a scale from 1 to 10?
BRA,Q50,patience,scale_1_10,10,Completely satisfied,279,1748,1762,0.15961098398169338,1,How satisfied are you with the financial situation of your household on a scale from 1 to 10?
BRA,Q57,trust,single_choice_2,1,Most people can be trusted,115,1730,1762,0.06647398843930635,-1,"Generally speaking, would you say that most people can be trusted or that you need to be very careful in dealing with people?"
BRA,Q57,trust,single_choice_2,2,Need to be very careful,1615,1730,1762,0.9335260115606936,-1,"Generally speaking, would you say that most people can be trusted or that you need to be very careful in dealing with people?"
BRA,Q58,trust,single_choice_4,1,Trust completely,1003,1752,1762,0.5724885844748858,-1,"How much do you trust your family: completely, somewhat, not very much or not at all?"
BRA,Q58,trust,single_choice_4,2,Trust somewhat,583,1752,1762,0.3327625570776256,-1,"How much do you trust your family: completely, somewhat, not very much or not at all?"
BRA,Q58,trust,single_choice_4,3,Do not trust very much,126,1752,1762,0.07191780821917808,-1,"How much do you trust your family: completely, somewhat, not very much or not at all?"
BRA,Q58,trust,single_choice_4,4,Do not trust at all,40,1752,1762,0.0228310502283105,-1,"How much do you trust your family: completely, somewhat, not very much or not at all?"
BRA,Q59,trust,single_choice_4,1,Trust completely,206,1723,1762,0.1195589088798607,-1,"How much do you trust your neighborhood: completely, somewhat, not very much or not at all?"
BRA,Q59,trust,single_choice_4,2,Trust somewhat,727,1723,1762,0.4219384793964016,-1,"How much do you trust your neighborhood: completely, somewhat, not very much or not at all?"
BRA,Q59,trust,single_choice_4,3,Do not trust very much,460,1723,1762,0.2669762042948346,-1,"How much do you trust your neighborhood: completely, somewhat, not very much or not at all?"
BRA,Q59,trust,single_choice_4,4,Do not trust at all,330,1723,1762,0.1915264074289031,-1,"How much do you trust your neighborhood: completely, somewhat, not very much or not at all?"
BRA,Q60,trust,single_choice_4,1,Trust completely,206,1740,1762,0.11839080459770115,-1,"How much do you trust people you know personally: completely, somewhat, not very much or not at all?"
BRA,Q60,trust,single_choice_4,2,Trust somewhat,857,1740,1762,0.4925287356321839,-1,"How much do you trust people you know personally: completely, somewhat, not very much or not at all?"
BRA,Q60,trust,single_choice_4,3,Do not trust very much,485,1740,1762,0.27873563218390807,-1,"How much do you trust people you know personally: completely, somewhat, not very much or not at all?"
BRA,Q60,trust,single_choice_4,4,Do not trust at all,192,1740,1762,0.1103448275862069,-1,"How much do you trust people you know personally: completely, somewhat, not very much or not at all?"
BRA,Q61,trust,single_choice_4,1,Trust completely,44,1729,1762,0.025448235974551765,-1,"How much do you trust people you meet for the first time: completely, somewhat, not very much or not at all?"
BRA,Q61,trust,single_choice_4,2,Trust somewhat,357,1729,1762,0.20647773279352227,-1,"How much do you trust people you meet for the first time: completely, somewhat, not very much or not at all?"
BRA,Q61,trust,single_choice_4,3,Do not trust very much,536,1729,1762,0.3100057836899942,-1,"How much do you trust people you meet for the first time: completely, somewhat, not very much or not at all?"
BRA,Q61,trust,single_choice_4,4,Do not trust at all,792,1729,1762,0.45806824754193176,-1,"How much do you trust people you meet for the first time: completely, somewhat, not very much or not at all?"
BRA,Q62,trust,single_choice_4,1,Trust completely,138,1602,1762,0.08614232209737828,-1,"How much do you trust people of another religion: completely, somewhat, not very much or not at all?"
BRA,Q62,trust,single_choice_4,2,Trust somewhat,767,1602,1762,0.4787765293383271,-1,"How much do you trust people of another religion: completely, somewhat, not very much or not at all?"
BRA,Q62,trust,single_choice_4,3,Do not trust very much,408,1602,1762,0.2546816479400749,-1,"How much do you trust people of another religion: completely, somewhat, not very much or not at all?"
BRA,Q62,trust,single_choice_4,4,Do not trust at all,289,1602,1762,0.18039950062421972,-1,"How much do you trust people of another religion: completely, somewhat, not very much or not at all?"
BRA,Q63,trust,single_choice_4,1,Trust completely,69,1527,1762,0.04518664047151277,-1,"How much do you trust people of another nationality:  completely, somewhat, not very much or not at all?"
BRA,Q63,trust,single_choice_4,2,Trust somewhat,537,1527,1762,0.3516699410609037,-1,"How much do you trust people of another nationality:  completely, somewhat, not very much or not at all?"
BRA,Q63,trust,single_choice_4,3,Do not trust very much,388,1527,1762,0.2540929927963327,-1,"How much do you trust people of another nationality:  completely, somewhat, not very much or not at all?"
BRA,Q63,trust,single_choice_4,4,Do not trust at all,533,1527,1762,0.34905042567125083,-1,"How much do you trust people of another nationality:  completely, somewhat, not very much or not at all?"
BRA,Q64,trust,single_choice_4,1,A great deal,347,1719,1762,0.20186154741128562,-1,"How much confidence do you have in the churches: a great deal of confidence, quite a lot of confidence, not very much confidence or none at all?"
BRA,Q64,trust,single_choice_4,2,Quite a lot,836,1719,1762,0.48632926119837117,-1,"How much confidence do you have in the churches: a great deal of confidence, quite a lot of confidence, not very much confidence or none at all?"
BRA,Q64,trust,single_choice_4,3,Not very much,305,1719,1762,0.17742873763816172,-1,"How much confidence do you have in the churches: a great deal of confidence, quite a lot of confidence, not very much confidence or none at all?"
BRA,Q64,trust,single_choice_4,4,None at all,231,1719,1762,0.1343804537521815,-1,"How much confidence do you have in the churches: a great deal of confidence, quite a lot of confidence, not very much confidence or none at all?"
BRA,Q69,trust,single_choice_4,1,A great deal,204,1737,1762,0.11744386873920552,-1,"How much confidence do you have in the police: a great deal of confidence, quite a lot of confidence, not very much confidence or none at all?"
BRA,Q69,trust,single_choice_4,2,Quite a lot,757,1737,1762,0.43580886586067935,-1,"How much confidence do you have in the police: a great deal of confidence, quite a lot of confidence, not very much confidence or none at all?"
BRA,Q69,trust,single_choice_4,3,Not very much,408,1737,1762,0.23488773747841105,-1,"How much confidence do you have in the police: a great deal of confidence, quite a lot of confidence, not very much confidence or none at all?"
BRA,Q69,trust,single_choice_4,4,None at all,368,1737,1762,0.2118595279217041,-1,"How much confidence do you have in the police: a great deal of confidence, quite a lot of confidence, not very much confidence or none at all?"
BRA,Q70,trust,single_choice_4,1,A great deal,213,1697,1762,0.12551561579257514,-1,"How much confidence do you have in the courts: a great deal of confidence, quite a lot of confidence, not very much confidence or none at all?"
BRA,Q70,trust,single_choice_4,2,Quite a lot,675,1697,1762,0.39776075427224517,-1,"How much confidence do you have in the courts: a great deal of confidence, quite a lot of confidence, not very much confidence or none at all?"
BRA,Q70,trust,single_choice_4,3,Not very much,403,1697,1762,0.2374779021803182,-1,"How much confidence do you have in the courts: a great deal of confidence, quite a lot of confidence, not very much confidence or none at all?"
BRA,Q70,trust,single_choice_4,4,None at all,406,1697,1762,0.23924572775486153,-1,"How much confidence do you have in the courts: a great deal of confidence, quite a lot of confidence, not very much confidence or none at all?"
BRA,Q71,trust,single_choice_4,1,A great deal,50,1720,1762,0.029069767441860465,-1,"How much confidence do you have in the government: a great deal of confidence, quite a lot of confidence, not very much confidence or none at all?"
BRA,Q71,trust,single_choice_4,2,Quite a lot,346,1720,1762,0.20116279069767443,-1,"How much confidence do you have in the government: a great deal of confidence, quite a lot of confidence, not very much confidence or none at all?"
BRA,Q71,trust,single_choice_4,3,Not very much,379,1720,1762,0.22034883720930232,-1,"How much confidence do you have in the government: a great deal of confidence, quite a lot of confidence, not very much confidence or none at all?"
BRA,Q71,trust,single_choice_4,4,None at all,945,1720,1762,0.5494186046511628,-1,"How much confidence do you have in the government: a great deal of confidence, quite a lot of confidence, not very much confidence or none at all?"
BRA,Q73,trust,single_choice_4,1,A great deal,23,1710,1762,0.013450292397660818,-1,"How much confidence do you have in parliament: a great deal of confidence, quite a lot of confidence, not very much confidence or none at all?"
BRA,Q73,trust,single_choice_4,2,Quite a lot,254,1710,1762,0.14853801169590644,-1,"How much confidence do you have in parliament: a great deal of confidence, quite a lot of confidence, not very much confidence or none at all?"
BRA,Q73,trust,single_choice_4,3,Not very much,361,1710,1762,0.2111111111111111,-1,"How much confidence do you have in parliament: a great deal of confidence, quite a lot of confidence, not very much confidence or none at all?"
BRA,Q73,trust,single_choice_4,4,None at all,1072,1710,1762,0.6269005847953216,-1,"How much confidence do you have in parliament: a great deal of confidence, quite a lot of confidence, not very much confidence or none at all?"
BRA,Q81,posrecip,single_choice_4,1,A great deal,341,1637,1762,0.20830788026878436,-1,"How much confidence do you have in charitable or humanitarian organizations: a great deal of confidence, quite a lot of confidence, not very much confidence or none at all?"
BRA,Q81,posrecip,single_choice_4,2,Quite a lot,750,1637,1762,0.4581551618814905,-1,"How much confidence do you have in charitable or humanitarian organizations: a great deal of confidence, quite a lot of confidence, not very much confidence or none at all?"
BRA,Q81,posrecip,single_choice_4,3,Not very much,345,1637,1762,0.21075137446548564,-1,"How much confidence do you have in charitable or humanitarian organizations: a great deal of confidence, quite a lot of confidence, not very much confidence or none at all?"
BRA,Q81,posrecip,single_choice_4,4,None at all,201,1637,1762,0.12278558338423946,-1,"How much confidence do you have in charitable or humanitarian organizations: a great deal of confidence, quite a lot of confidence, not very much confidence or none at all?"
BRA,Q99,altruism,single_choice_3,2,Active member,30,1719,1762,0.017452006980802792,1,"Are you an active member, an inactive member, or not a member of an environmental organization?"
BRA,Q99,altruism,single_choice_3,1,Inactive member,33,1719,1762,0.019197207678883072,1,"Are you an active member, an inactive member, or not a member of an environmental organization?"
BRA,Q99,altruism,single_choice_3,0,Don't belong,1656,1719,1762,0.9633507853403142,1,"Are you an active member, an inactive member, or not a member of an environmental organization?"
BRA,Q101,altruism,single_choice_3,2,Active member,115,1723,1762,0.06674405107370865,1,"Are you an active member, an inactive member, or not a member of humanitarian or a charitable organization?"
BRA,Q101,altruism,single_choice_3,1,Inactive member,58,1723,1762,0.03366221706326175,1,"Are you an active member, an inactive member, or not a member of humanitarian or a charitable organization?"
BRA,Q101,altruism,single_choice_3,0,Don't belong,1550,1723,1762,0.8995937318630296,1,"Are you an active member, an inactive member, or not a member of humanitarian or a charitable organization?"
BRA,Q103,altruism,single_choice_3,2,Active member,82,1716,1762,0.047785547785547784,1,"Are you an active member, an inactive member, or not a member of a self-help group or a mutual aid group?"
BRA,Q103,altruism,single_choice_3,1,Inactive member,45,1716,1762,0.026223776223776224,1,"Are you an active member, an inactive member, or not a member of a self-help group or a mutual aid group?"
BRA,Q103,altruism,single_choice_3,0,Don't belong,1589,1716,1762,0.925990675990676,1,"Are you an active member, an inactive member, or not a member of a self-help group or a mutual aid group?"
BRA,Q106,risktaking,scale_1_10,1,nan,521,1695,1762,0.30737463126843656,1,"How would you place your views on this scale? 1 means you agree completely with statement A; 10 means you agree completely with statement B; and if your views fall somewhere in between, you can choose any number in between. Statement A: Incomes should be made more equal; Statement B: there should be greater incentives for individual effort?"
BRA,Q106,risktaking,scale_1_10,2,,59,1695,1762,0.03480825958702065,1,"How would you place your views on this scale? 1 means you agree completely with statement A; 10 means you agree completely with statement B; and if your views fall somewhere in between, you can choose any number in between. Statement A: Incomes should be made more equal; Statement B: there should be greater incentives for individual effort?"
BRA,Q106,risktaking,scale_1_10,3,,77,1695,1762,0.04542772861356932,1,"How would you place your views on this scale? 1 means you agree completely with statement A; 10 means you agree completely with statement B; and if your views fall somewhere in between, you can choose any number in between. Statement A: Incomes should be made more equal; Statement B: there should be greater incentives for individual effort?"
BRA,Q106,risktaking,scale_1_10,4,,82,1695,1762,0.04837758112094395,1,"How would you place your views on this scale? 1 means you agree completely with statement A; 10 means you agree completely with statement B; and if your views fall somewhere in between, you can choose any number in between. Statement A: Incomes should be made more equal; Statement B: there should be greater incentives for individual effort?"
BRA,Q106,risktaking,scale_1_10,5,,237,1695,1762,0.13982300884955753,1,"How would you place your views on this scale? 1 means you agree completely with statement A; 10 means you agree completely with statement B; and if your views fall somewhere in between, you can choose any number in between. Statement A: Incomes should be made more equal; Statement B: there should be greater incentives for individual effort?"
BRA,Q106,risktaking,scale_1_10,6,,99,1695,1762,0.0584070796460177,1,"How would you place your views on this scale? 1 means you agree completely with statement A; 10 means you agree completely with statement B; and if your views fall somewhere in between, you can choose any number in between. Statement A: Incomes should be made more equal; Statement B: there should be greater incentives for individual effort?"
BRA,Q106,risktaking,scale_1_10,7,,108,1695,1762,0.06371681415929203,1,"How would you place your views on this scale? 1 means you agree completely with statement A; 10 means you agree completely with statement B; and if your views fall somewhere in between, you can choose any number in between. Statement A: Incomes should be made more equal; Statement B: there should be greater incentives for individual effort?"
BRA,Q106,risktaking,scale_1_10,8,,95,1695,1762,0.05604719764011799,1,"How would you place your views on this scale? 1 means you agree completely with statement A; 10 means you agree completely with statement B; and if your views fall somewhere in between, you can choose any number in between. Statement A: Incomes should be made more equal; Statement B: there should be greater incentives for individual effort?"
BRA,Q106,risktaking,scale_1_10,9,,46,1695,1762,0.027138643067846607,1,"How would you place your views on this scale? 1 means you agree completely with statement A; 10 means you agree completely with statement B; and if your views fall somewhere in between, you can choose any number in between. Statement A: Incomes should be made more equal; Statement B: there should be greater incentives for individual effort?"
BRA,Q106,risktaking,scale_1_10,10,,371,1695,1762,0.21887905604719765,1,"How would you place your views on this scale? 1 means you agree completely with statement A; 10 means you agree completely with statement B; and if your views fall somewhere in between, you can choose any number in between. Statement A: Incomes should be made more equal; Statement B: there should be greater incentives for individual effort?"
BRA,Q107,risktaking,scale_1_10,1,nan,491,1644,1762,0.298661800486618,1,"How would you place your views on this scale? 1 means you agree completely with statement A; 10 means you agree completely with statement B; and if your views fall somewhere in between, you can choose any number in between. Statement A: Private ownership of business and industry should be increased; Statement B: Government ownership of business and industry should be increased?"
BRA,Q107,risktaking,scale_1_10,2,,51,1644,1762,0.03102189781021898,1,"How would you place your views on this scale? 1 means you agree completely with statement A; 10 means you agree completely with statement B; and if your views fall somewhere in between, you can choose any number in between. Statement A: Private ownership of business and industry should be increased; Statement B: Government ownership of business and industry should be increased?"
BRA,Q107,risktaking,scale_1_10,3,,64,1644,1762,0.038929440389294405,1,"How would you place your views on this scale? 1 means you agree completely with statement A; 10 means you agree completely with statement B; and if your views fall somewhere in between, you can choose any number in between. Statement A: Private ownership of business and industry should be increased; Statement B: Government ownership of business and industry should be increased?"
BRA,Q107,risktaking,scale_1_10,4,,87,1644,1762,0.05291970802919708,1,"How would you place your views on this scale? 1 means you agree completely with statement A; 10 means you agree completely with statement B; and if your views fall somewhere in between, you can choose any number in between. Statement A: Private ownership of business and industry should be increased; Statement B: Government ownership of business and industry should be increased?"
BRA,Q107,risktaking,scale_1_10,5,,362,1644,1762,0.22019464720194648,1,"How would you place your views on this scale? 1 means you agree completely with statement A; 10 means you agree completely with statement B; and if your views fall somewhere in between, you can choose any number in between. Statement A: Private ownership of business and industry should be increased; Statement B: Government ownership of business and industry should be increased?"
BRA,Q107,risktaking,scale_1_10,6,,80,1644,1762,0.04866180048661801,1,"How would you place your views on this scale? 1 means you agree completely with statement A; 10 means you agree completely with statement B; and if your views fall somewhere in between, you can choose any number in between. Statement A: Private ownership of business and industry should be increased; Statement B: Government ownership of business and industry should be increased?"
BRA,Q107,risktaking,scale_1_10,7,,76,1644,1762,0.046228710462287104,1,"How would you place your views on this scale? 1 means you agree completely with statement A; 10 means you agree completely with statement B; and if your views fall somewhere in between, you can choose any number in between. Statement A: Private ownership of business and industry should be increased; Statement B: Government ownership of business and industry should be increased?"
BRA,Q107,risktaking,scale_1_10,8,,72,1644,1762,0.043795620437956206,1,"How would you place your views on this scale? 1 means you agree completely with statement A; 10 means you agree completely with statement B; and if your views fall somewhere in between, you can choose any number in between. Statement A: Private ownership of business and industry should be increased; Statement B: Government ownership of business and industry should be increased?"
BRA,Q107,risktaking,scale_1_10,9,,45,1644,1762,0.02737226277372263,1,"How would you place your views on this scale? 1 means you agree completely with statement A; 10 means you agree completely with statement B; and if your views fall somewhere in between, you can choose any number in between. Statement A: Private ownership of business and industry should be increased; Statement B: Government ownership of business and industry should be increased?"
BRA,Q107,risktaking,scale_1_10,10,,316,1644,1762,0.1922141119221411,1,"How would you place your views on this scale? 1 means you agree completely with statement A; 10 means you agree completely with statement B; and if your views fall somewhere in between, you can choose any number in between. Statement A: Private ownership of business and industry should be increased; Statement B: Government ownership of business and industry should be increased?"
BRA,Q109,risktaking,scale_1_10,1,nan,771,1682,1762,0.4583828775267539,-1,"How would you place your views on this scale? 1 means you agree completely with statement A; 10 means you agree completely with statement B; and if your views fall somewhere in between, you can choose any number in between. Statement A: Competition is good; Statement B:  Competition is harmful?"
BRA,Q109,risktaking,scale_1_10,2,,68,1682,1762,0.04042806183115339,-1,"How would you place your views on this scale? 1 means you agree completely with statement A; 10 means you agree completely with statement B; and if your views fall somewhere in between, you can choose any number in between. Statement A: Competition is good; Statement B:  Competition is harmful?"
BRA,Q109,risktaking,scale_1_10,3,,86,1682,1762,0.05112960760998811,-1,"How would you place your views on this scale? 1 means you agree completely with statement A; 10 means you agree completely with statement B; and if your views fall somewhere in between, you can choose any number in between. Statement A: Competition is good; Statement B:  Competition is harmful?"
BRA,Q109,risktaking,scale_1_10,4,,58,1682,1762,0.034482758620689655,-1,"How would you place your views on this scale? 1 means you agree completely with statement A; 10 means you agree completely with statement B; and if your views fall somewhere in between, you can choose any number in between. Statement A: Competition is good; Statement B:  Competition is harmful?"
BRA,Q109,risktaking,scale_1_10,5,,289,1682,1762,0.1718192627824019,-1,"How would you place your views on this scale? 1 means you agree completely with statement A; 10 means you agree completely with statement B; and if your views fall somewhere in between, you can choose any number in between. Statement A: Competition is good; Statement B:  Competition is harmful?"
BRA,Q109,risktaking,scale_1_10,6,,72,1682,1762,0.04280618311533888,-1,"How would you place your views on this scale? 1 means you agree completely with statement A; 10 means you agree completely with statement B; and if your views fall somewhere in between, you can choose any number in between. Statement A: Competition is good; Statement B:  Competition is harmful?"
BRA,Q109,risktaking,scale_1_10,7,,51,1682,1762,0.03032104637336504,-1,"How would you place your views on this scale? 1 means you agree completely with statement A; 10 means you agree completely with statement B; and if your views fall somewhere in between, you can choose any number in between. Statement A: Competition is good; Statement B:  Competition is harmful?"
BRA,Q109,risktaking,scale_1_10,8,,71,1682,1762,0.04221165279429251,-1,"How would you place your views on this scale? 1 means you agree completely with statement A; 10 means you agree completely with statement B; and if your views fall somewhere in between, you can choose any number in between. Statement A: Competition is good; Statement B:  Competition is harmful?"
BRA,Q109,risktaking,scale_1_10,9,,26,1682,1762,0.015457788347205707,-1,"How would you place your views on this scale? 1 means you agree completely with statement A; 10 means you agree completely with statement B; and if your views fall somewhere in between, you can choose any number in between. Statement A: Competition is good; Statement B:  Competition is harmful?"
BRA,Q109,risktaking,scale_1_10,10,,190,1682,1762,0.11296076099881094,-1,"How would you place your views on this scale? 1 means you agree completely with statement A; 10 means you agree completely with statement B; and if your views fall somewhere in between, you can choose any number in between. Statement A: Competition is good; Statement B:  Competition is harmful?"
BRA,Q174,posrecip,single_choice_2,1,To follow religious norms and ceremonies,167,1675,1762,0.09970149253731343,1,Which of the following statements do you agree with most: The basic meaning of religion is to follow religious norms and ceremonies; The basic meaning of religion is to do good to other people?
BRA,Q174,posrecip,single_choice_2,2,To do good to other people / To make sense of life after death,1508,1675,1762,0.9002985074626866,1,Which of the following statements do you agree with most: The basic meaning of religion is to follow religious norms and ceremonies; The basic meaning of religion is to do good to other people?
BRA,Q176,negrecip,scale_1_10,1,Completely agree,508,1590,1762,0.31949685534591193,1,"On a 10-point scale, how much do you agree or disagree that nowadays one often has trouble deciding which moral rules are the right ones to follow?"
BRA,Q176,negrecip,scale_1_10,2,2,60,1590,1762,0.03773584905660377,1,"On a 10-point scale, how much do you agree or disagree that nowadays one often has trouble deciding which moral rules are the right ones to follow?"
BRA,Q176,negrecip,scale_1_10,3,3,99,1590,1762,0.062264150943396226,1,"On a 10-point scale, how much do you agree or disagree that nowadays one often has trouble deciding which moral rules are the right ones to follow?"
BRA,Q176,negrecip,scale_1_10,4,4,105,1590,1762,0.0660377358490566,1,"On a 10-point scale, how much do you agree or disagree that nowadays one often has trouble deciding which moral rules are the right ones to follow?"
BRA,Q176,negrecip,scale_1_10,5,5,373,1590,1762,0.23459119496855346,1,"On a 10-point scale, how much do you agree or disagree that nowadays one often has trouble deciding which moral rules are the right ones to follow?"
BRA,Q176,negrecip,scale_1_10,6,6,116,1590,1762,0.0729559748427673,1,"On a 10-point scale, how much do you agree or disagree that nowadays one often has trouble deciding which moral rules are the right ones to follow?"
BRA,Q176,negrecip,scale_1_10,7,7,105,1590,1762,0.0660377358490566,1,"On a 10-point scale, how much do you agree or disagree that nowadays one often has trouble deciding which moral rules are the right ones to follow?"
BRA,Q176,negrecip,scale_1_10,8,8,71,1590,1762,0.04465408805031446,1,"On a 10-point scale, how much do you agree or disagree that nowadays one often has trouble deciding which moral rules are the right ones to follow?"
BRA,Q176,negrecip,scale_1_10,9,9,22,1590,1762,0.013836477987421384,1,"On a 10-point scale, how much do you agree or disagree that nowadays one often has trouble deciding which moral rules are the right ones to follow?"
BRA,Q176,negrecip,scale_1_10,10,Completely disagree,131,1590,1762,0.08238993710691823,1,"On a 10-point scale, how much do you agree or disagree that nowadays one often has trouble deciding which moral rules are the right ones to follow?"
BRA,Q177,negrecip,scale_1_10,1,Never justifiable,1178,1707,1762,0.690099589923843,-1,"Do you think claiming government benefits to which you are not entitled can always be justified, never be justified, or something in between? Answer on a 10-point scale."
BRA,Q177,negrecip,scale_1_10,2,2,66,1707,1762,0.03866432337434095,-1,"Do you think claiming government benefits to which you are not entitled can always be justified, never be justified, or something in between? Answer on a 10-point scale."
BRA,Q177,negrecip,scale_1_10,3,3,56,1707,1762,0.032806092560046865,-1,"Do you think claiming government benefits to which you are not entitled can always be justified, never be justified, or something in between? Answer on a 10-point scale."
BRA,Q177,negrecip,scale_1_10,4,4,49,1707,1762,0.02870533099004101,-1,"Do you think claiming government benefits to which you are not entitled can always be justified, never be justified, or something in between? Answer on a 10-point scale."
BRA,Q177,negrecip,scale_1_10,5,5,142,1707,1762,0.08318687756297598,-1,"Do you think claiming government benefits to which you are not entitled can always be justified, never be justified, or something in between? Answer on a 10-point scale."
BRA,Q177,negrecip,scale_1_10,6,6,60,1707,1762,0.0351493848857645,-1,"Do you think claiming government benefits to which you are not entitled can always be justified, never be justified, or something in between? Answer on a 10-point scale."
BRA,Q177,negrecip,scale_1_10,7,7,30,1707,1762,0.01757469244288225,-1,"Do you think claiming government benefits to which you are not entitled can always be justified, never be justified, or something in between? Answer on a 10-point scale."
BRA,Q177,negrecip,scale_1_10,8,8,21,1707,1762,0.012302284710017574,-1,"Do you think claiming government benefits to which you are not entitled can always be justified, never be justified, or something in between? Answer on a 10-point scale."
BRA,Q177,negrecip,scale_1_10,9,9,11,1707,1762,0.006444053895723492,-1,"Do you think claiming government benefits to which you are not entitled can always be justified, never be justified, or something in between? Answer on a 10-point scale."
BRA,Q177,negrecip,scale_1_10,10,Always justifiable,94,1707,1762,0.05506736965436438,-1,"Do you think claiming government benefits to which you are not entitled can always be justified, never be justified, or something in between? Answer on a 10-point scale."
BRA,Q178,risktaking,scale_1_10,1,Never justifiable,901,1701,1762,0.5296884185773074,-1,"Do you think avoiding a fare on public transport can always be justified, never be justified, or something in between? Answer on a 10-point scale."
BRA,Q178,risktaking,scale_1_10,2,2,58,1701,1762,0.03409758965314521,-1,"Do you think avoiding a fare on public transport can always be justified, never be justified, or something in between? Answer on a 10-point scale."
BRA,Q178,risktaking,scale_1_10,3,3,52,1701,1762,0.030570252792475015,-1,"Do you think avoiding a fare on public transport can always be justified, never be justified, or something in between? Answer on a 10-point scale."
BRA,Q178,risktaking,scale_1_10,4,4,48,1701,1762,0.02821869488536155,-1,"Do you think avoiding a fare on public transport can always be justified, never be justified, or something in between? Answer on a 10-point scale."
BRA,Q178,risktaking,scale_1_10,5,5,215,1701,1762,0.12639623750734863,-1,"Do you think avoiding a fare on public transport can always be justified, never be justified, or something in between? Answer on a 10-point scale."
BRA,Q178,risktaking,scale_1_10,6,6,79,1701,1762,0.04644326866549089,-1,"Do you think avoiding a fare on public transport can always be justified, never be justified, or something in between? Answer on a 10-point scale."
BRA,Q178,risktaking,scale_1_10,7,7,75,1701,1762,0.04409171075837742,-1,"Do you think avoiding a fare on public transport can always be justified, never be justified, or something in between? Answer on a 10-point scale."
BRA,Q178,risktaking,scale_1_10,8,8,58,1701,1762,0.03409758965314521,-1,"Do you think avoiding a fare on public transport can always be justified, never be justified, or something in between? Answer on a 10-point scale."
BRA,Q178,risktaking,scale_1_10,9,9,18,1701,1762,0.010582010582010581,-1,"Do you think avoiding a fare on public transport can always be justified, never be justified, or something in between? Answer on a 10-point scale."
BRA,Q178,risktaking,scale_1_10,10,Always justifiable,197,1701,1762,0.11581422692533803,-1,"Do you think avoiding a fare on public transport can always be justified, never be justified, or something in between? Answer on a 10-point scale."
BRA,Q179,negrecip,scale_1_10,1,Never justifiable,1516,1731,1762,0.8757943385326401,-1,"Do you think stealing property can always be justified, never be justified, or something in between? Answer on a 10-point scale."
BRA,Q179,negrecip,scale_1_10,2,2,37,1731,1762,0.021374927787406125,-1,"Do you think stealing property can always be justified, never be justified, or something in between? Answer on a 10-point scale."
BRA,Q179,negrecip,scale_1_10,3,3,23,1731,1762,0.013287117273252455,-1,"Do you think stealing property can always be justified, never be justified, or something in between? Answer on a 10-point scale."
BRA,Q179,negrecip,scale_1_10,4,4,21,1731,1762,0.012131715771230503,-1,"Do you think stealing property can always be justified, never be justified, or something in between? Answer on a 10-point scale."
BRA,Q179,negrecip,scale_1_10,5,5,44,1731,1762,0.025418833044482957,-1,"Do you think stealing property can always be justified, never be justified, or something in between? Answer on a 10-point scale."
BRA,Q179,negrecip,scale_1_10,6,6,37,1731,1762,0.021374927787406125,-1,"Do you think stealing property can always be justified, never be justified, or something in between? Answer on a 10-point scale."
BRA,Q179,negrecip,scale_1_10,7,7,13,1731,1762,0.007510109763142692,-1,"Do you think stealing property can always be justified, never be justified, or something in between? Answer on a 10-point scale."
BRA,Q179,negrecip,scale_1_10,8,8,19,1731,1762,0.01097631426920855,-1,"Do you think stealing property can always be justified, never be justified, or something in between? Answer on a 10-point scale."
BRA,Q179,negrecip,scale_1_10,9,9,5,1731,1762,0.0028885037550548816,-1,"Do you think stealing property can always be justified, never be justified, or something in between? Answer on a 10-point scale."
BRA,Q179,negrecip,scale_1_10,10,Always justifiable,16,1731,1762,0.00924321201617562,-1,"Do you think stealing property can always be justified, never be justified, or something in between? Answer on a 10-point scale."
BRA,Q195,negrecip,scale_1_10,1,Never justifiable,805,1677,1762,0.48002385211687537,1,"Do you think death penalty can always be justified, never be justified, or something in between? Answer on a 10-point scale."
BRA,Q195,negrecip,scale_1_10,2,2,28,1677,1762,0.016696481812760882,1,"Do you think death penalty can always be justified, never be justified, or something in between? Answer on a 10-point scale."
BRA,Q195,negrecip,scale_1_10,3,3,41,1677,1762,0.024448419797257006,1,"Do you think death penalty can always be justified, never be justified, or something in between? Answer on a 10-point scale."
BRA,Q195,negrecip,scale_1_10,4,4,54,1677,1762,0.03220035778175313,1,"Do you think death penalty can always be justified, never be justified, or something in between? Answer on a 10-point scale."
BRA,Q195,negrecip,scale_1_10,5,5,211,1677,1762,0.12581991651759095,1,"Do you think death penalty can always be justified, never be justified, or something in between? Answer on a 10-point scale."
BRA,Q195,negrecip,scale_1_10,6,6,61,1677,1762,0.03637447823494335,1,"Do you think death penalty can always be justified, never be justified, or something in between? Answer on a 10-point scale."
BRA,Q195,negrecip,scale_1_10,7,7,84,1677,1762,0.05008944543828265,1,"Do you think death penalty can always be justified, never be justified, or something in between? Answer on a 10-point scale."
BRA,Q195,negrecip,scale_1_10,8,8,91,1677,1762,0.05426356589147287,1,"Do you think death penalty can always be justified, never be justified, or something in between? Answer on a 10-point scale."
BRA,Q195,negrecip,scale_1_10,9,9,33,1677,1762,0.01967799642218247,1,"Do you think death penalty can always be justified, never be justified, or something in between? Answer on a 10-point scale."
BRA,Q195,negrecip,scale_1_10,10,Always justifiable,269,1677,1762,0.16040548598688134,1,"Do you think death penalty can always be justified, never be justified, or something in between? Answer on a 10-point scale."
CHN,Q12,posrecip,multiple_response_max_5,1,Yes,1816,3022,3036,0.600926538716082,1,Is tolerance and respect for other people one of the qualities children should be encouraged to learn at home?
CHN,Q12,posrecip,multiple_response_max_5,2,No,1206,3022,3036,0.3990734612839179,1,Is tolerance and respect for other people one of the qualities children should be encouraged to learn at home?
CHN,Q13,patience,multiple_response_max_5,1,Yes,1211,3022,3036,0.40072799470549303,1,"Is thrift, saving money and things one of the qualities children should be encouraged to learn at home?"
CHN,Q13,patience,multiple_response_max_5,2,No,1811,3022,3036,0.599272005294507,1,"Is thrift, saving money and things one of the qualities children should be encouraged to learn at home?"
CHN,Q14,patience,multiple_response_max_5,1,Yes,652,3022,3036,0.2157511581733951,1,"Is determination, perseverance one of the qualities children should be encouraged to learn at home?"
CHN,Q14,patience,multiple_response_max_5,2,No,2370,3022,3036,0.7842488418266049,1,"Is determination, perseverance one of the qualities children should be encouraged to learn at home?"
CHN,Q43,patience,single_choice_3,1,Good thing,780,3020,3036,0.2582781456953642,-1,"If this change were to happen, would it be a good thing, a bad thing, or would you not mind: less importance placed on work in our lives?"
CHN,Q43,patience,single_choice_3,2,Don't mind,418,3020,3036,0.13841059602649006,-1,"If this change were to happen, would it be a good thing, a bad thing, or would you not mind: less importance placed on work in our lives?"
CHN,Q43,patience,single_choice_3,3,Bad thing,1822,3020,3036,0.6033112582781457,-1,"If this change were to happen, would it be a good thing, a bad thing, or would you not mind: less importance placed on work in our lives?"
CHN,Q50,patience,scale_1_10,1,Completely dissatisfied,115,3027,3036,0.03799141063759498,1,How satisfied are you with the financial situation of your household on a scale from 1 to 10?
CHN,Q50,patience,scale_1_10,2,2,78,3027,3036,0.02576808721506442,1,How satisfied are you with the financial situation of your household on a scale from 1 to 10?
CHN,Q50,patience,scale_1_10,3,3,143,3027,3036,0.0472414932276181,1,How satisfied are you with the financial situation of your household on a scale from 1 to 10?
CHN,Q50,patience,scale_1_10,4,4,156,3027,3036,0.05153617443012884,1,How satisfied are you with the financial situation of your household on a scale from 1 to 10?
CHN,Q50,patience,scale_1_10,5,5,426,3027,3036,0.14073339940535184,1,How satisfied are you with the financial situation of your household on a scale from 1 to 10?
CHN,Q50,patience,scale_1_10,6,6,493,3027,3036,0.16286752560290718,1,How satisfied are you with the financial situation of your household on a scale from 1 to 10?
CHN,Q50,patience,scale_1_10,7,7,492,3027,3036,0.16253716551040634,1,How satisfied are you with the financial situation of your household on a scale from 1 to 10?
CHN,Q50,patience,scale_1_10,8,8,575,3027,3036,0.1899570531879749,1,How satisfied are you with the financial situation of your household on a scale from 1 to 10?
CHN,Q50,patience,scale_1_10,9,9,216,3027,3036,0.07135777998017839,1,How satisfied are you with the financial situation of your household on a scale from 1 to 10?
CHN,Q50,patience,scale_1_10,10,Completely satisfied,333,3027,3036,0.11000991080277503,1,How satisfied are you with the financial situation of your household on a scale from 1 to 10?
CHN,Q57,trust,single_choice_2,1,Most people can be trusted,1969,3009,3036,0.6543702226653373,-1,"Generally speaking, would you say that most people can be trusted or that you need to be very careful in dealing with people?"
CHN,Q57,trust,single_choice_2,2,Need to be very careful,1040,3009,3036,0.34562977733466266,-1,"Generally speaking, would you say that most people can be trusted or that you need to be very careful in dealing with people?"
CHN,Q58,trust,single_choice_4,1,Trust completely,2585,3027,3036,0.853980839114635,-1,"How much do you trust your family: completely, somewhat, not very much or not at all?"
CHN,Q58,trust,single_choice_4,2,Trust somewhat,421,3027,3036,0.13908159894284772,-1,"How much do you trust your family: completely, somewhat, not very much or not at all?"
CHN,Q58,trust,single_choice_4,3,Do not trust very much,19,3027,3036,0.006276841757515692,-1,"How much do you trust your family: completely, somewhat, not very much or not at all?"
CHN,Q58,trust,single_choice_4,4,Do not trust at all,2,3027,3036,0.0006607201850016518,-1,"How much do you trust your family: completely, somewhat, not very much or not at all?"
CHN,Q59,trust,single_choice_4,1,Trust completely,480,3026,3036,0.15862524785194976,-1,"How much do you trust your neighborhood: completely, somewhat, not very much or not at all?"
CHN,Q59,trust,single_choice_4,2,Trust somewhat,2061,3026,3036,0.6810971579643094,-1,"How much do you trust your neighborhood: completely, somewhat, not very much or not at all?"
CHN,Q59,trust,single_choice_4,3,Do not trust very much,465,3026,3036,0.15366820885657634,-1,"How much do you trust your neighborhood: completely, somewhat, not very much or not at all?"
CHN,Q59,trust,single_choice_4,4,Do not trust at all,20,3026,3036,0.006609385327164574,-1,"How much do you trust your neighborhood: completely, somewhat, not very much or not at all?"
CHN,Q60,trust,single_choice_4,1,Trust completely,417,3025,3036,0.13785123966942148,-1,"How much do you trust people you know personally: completely, somewhat, not very much or not at all?"
CHN,Q60,trust,single_choice_4,2,Trust somewhat,2250,3025,3036,0.743801652892562,-1,"How much do you trust people you know personally: completely, somewhat, not very much or not at all?"
CHN,Q60,trust,single_choice_4,3,Do not trust very much,345,3025,3036,0.1140495867768595,-1,"How much do you trust people you know personally: completely, somewhat, not very much or not at all?"
CHN,Q60,trust,single_choice_4,4,Do not trust at all,13,3025,3036,0.004297520661157025,-1,"How much do you trust people you know personally: completely, somewhat, not very much or not at all?"
CHN,Q61,trust,single_choice_4,1,Trust completely,24,3022,3036,0.007941760423560556,-1,"How much do you trust people you meet for the first time: completely, somewhat, not very much or not at all?"
CHN,Q61,trust,single_choice_4,2,Trust somewhat,381,3022,3036,0.12607544672402382,-1,"How much do you trust people you meet for the first time: completely, somewhat, not very much or not at all?"
CHN,Q61,trust,single_choice_4,3,Do not trust very much,2039,3022,3036,0.6747187293183322,-1,"How much do you trust people you meet for the first time: completely, somewhat, not very much or not at all?"
CHN,Q61,trust,single_choice_4,4,Do not trust at all,578,3022,3036,0.1912640635340834,-1,"How much do you trust people you meet for the first time: completely, somewhat, not very much or not at all?"
CHN,Q62,trust,single_choice_4,1,Trust completely,17,2998,3036,0.005670446964643095,-1,"How much do you trust people of another religion: completely, somewhat, not very much or not at all?"
CHN,Q62,trust,single_choice_4,2,Trust somewhat,593,2998,3036,0.19779853235490327,-1,"How much do you trust people of another religion: completely, somewhat, not very much or not at all?"
CHN,Q62,trust,single_choice_4,3,Do not trust very much,1712,2998,3036,0.57104736490994,-1,"How much do you trust people of another religion: completely, somewhat, not very much or not at all?"
CHN,Q62,trust,single_choice_4,4,Do not trust at all,676,2998,3036,0.22548365577051369,-1,"How much do you trust people of another religion: completely, somewhat, not very much or not at all?"
CHN,Q63,trust,single_choice_4,1,Trust completely,16,2997,3036,0.005338672005338672,-1,"How much do you trust people of another nationality:  completely, somewhat, not very much or not at all?"
CHN,Q63,trust,single_choice_4,2,Trust somewhat,497,2997,3036,0.1658324991658325,-1,"How much do you trust people of another nationality:  completely, somewhat, not very much or not at all?"
CHN,Q63,trust,single_choice_4,3,Do not trust very much,1738,2997,3036,0.5799132465799133,-1,"How much do you trust people of another nationality:  completely, somewhat, not very much or not at all?"
CHN,Q63,trust,single_choice_4,4,Do not trust at all,746,2997,3036,0.24891558224891558,-1,"How much do you trust people of another nationality:  completely, somewhat, not very much or not at all?"
CHN,Q64,trust,single_choice_4,1,A great deal,82,3007,3036,0.02726970402394413,-1,"How much confidence do you have in the churches: a great deal of confidence, quite a lot of confidence, not very much confidence or none at all?"
CHN,Q64,trust,single_choice_4,2,Quite a lot,545,3007,3036,0.18124376454938476,-1,"How much confidence do you have in the churches: a great deal of confidence, quite a lot of confidence, not very much confidence or none at all?"
CHN,Q64,trust,single_choice_4,3,Not very much,1681,3007,3036,0.5590289324908547,-1,"How much confidence do you have in the churches: a great deal of confidence, quite a lot of confidence, not very much confidence or none at all?"
CHN,Q64,trust,single_choice_4,4,None at all,699,3007,3036,0.23245759893581644,-1,"How much confidence do you have in the churches: a great deal of confidence, quite a lot of confidence, not very much confidence or none at all?"
CHN,Q69,trust,single_choice_4,1,A great deal,883,3026,3036,0.29180436219431594,-1,"How much confidence do you have in the police: a great deal of confidence, quite a lot of confidence, not very much confidence or none at all?"
CHN,Q69,trust,single_choice_4,2,Quite a lot,1704,3026,3036,0.5631196298744217,-1,"How much confidence do you have in the police: a great deal of confidence, quite a lot of confidence, not very much confidence or none at all?"
CHN,Q69,trust,single_choice_4,3,Not very much,378,3026,3036,0.12491738268341045,-1,"How much confidence do you have in the police: a great deal of confidence, quite a lot of confidence, not very much confidence or none at all?"
CHN,Q69,trust,single_choice_4,4,None at all,61,3026,3036,0.02015862524785195,-1,"How much confidence do you have in the police: a great deal of confidence, quite a lot of confidence, not very much confidence or none at all?"
CHN,Q70,trust,single_choice_4,1,A great deal,868,3022,3036,0.2872270019854401,-1,"How much confidence do you have in the courts: a great deal of confidence, quite a lot of confidence, not very much confidence or none at all?"
CHN,Q70,trust,single_choice_4,2,Quite a lot,1739,3022,3036,0.5754467240238252,-1,"How much confidence do you have in the courts: a great deal of confidence, quite a lot of confidence, not very much confidence or none at all?"
CHN,Q70,trust,single_choice_4,3,Not very much,371,3022,3036,0.12276637988087359,-1,"How much confidence do you have in the courts: a great deal of confidence, quite a lot of confidence, not very much confidence or none at all?"
CHN,Q70,trust,single_choice_4,4,None at all,44,3022,3036,0.01455989410986102,-1,"How much confidence do you have in the courts: a great deal of confidence, quite a lot of confidence, not very much confidence or none at all?"
CHN,Q71,trust,single_choice_4,1,A great deal,1487,3027,3036,0.4912454575487281,-1,"How much confidence do you have in the government: a great deal of confidence, quite a lot of confidence, not very much confidence or none at all?"
CHN,Q71,trust,single_choice_4,2,Quite a lot,1402,3027,3036,0.4631648496861579,-1,"How much confidence do you have in the government: a great deal of confidence, quite a lot of confidence, not very much confidence or none at all?"
CHN,Q71,trust,single_choice_4,3,Not very much,118,3027,3036,0.03898249091509746,-1,"How much confidence do you have in the government: a great deal of confidence, quite a lot of confidence, not very much confidence or none at all?"
CHN,Q71,trust,single_choice_4,4,None at all,20,3027,3036,0.006607201850016518,-1,"How much confidence do you have in the government: a great deal of confidence, quite a lot of confidence, not very much confidence or none at all?"
CHN,Q73,trust,single_choice_4,1,A great deal,1175,3022,3036,0.3888153540701522,-1,"How much confidence do you have in parliament: a great deal of confidence, quite a lot of confidence, not very much confidence or none at all?"
CHN,Q73,trust,single_choice_4,2,Quite a lot,1622,3022,3036,0.5367306419589676,-1,"How much confidence do you have in parliament: a great deal of confidence, quite a lot of confidence, not very much confidence or none at all?"
CHN,Q73,trust,single_choice_4,3,Not very much,197,3022,3036,0.06518861681005957,-1,"How much confidence do you have in parliament: a great deal of confidence, quite a lot of confidence, not very much confidence or none at all?"
CHN,Q73,trust,single_choice_4,4,None at all,28,3022,3036,0.009265387160820648,-1,"How much confidence do you have in parliament: a great deal of confidence, quite a lot of confidence, not very much confidence or none at all?"
CHN,Q81,posrecip,single_choice_4,1,A great deal,426,3017,3036,0.14119986741796486,-1,"How much confidence do you have in charitable or humanitarian organizations: a great deal of confidence, quite a lot of confidence, not very much confidence or none at all?"
CHN,Q81,posrecip,single_choice_4,2,Quite a lot,1789,3017,3036,0.5929731521378853,-1,"How much confidence do you have in charitable or humanitarian organizations: a great deal of confidence, quite a lot of confidence, not very much confidence or none at all?"
CHN,Q81,posrecip,single_choice_4,3,Not very much,693,3017,3036,0.2296983758700696,-1,"How much confidence do you have in charitable or humanitarian organizations: a great deal of confidence, quite a lot of confidence, not very much confidence or none at all?"
CHN,Q81,posrecip,single_choice_4,4,None at all,109,3017,3036,0.036128604574080216,-1,"How much confidence do you have in charitable or humanitarian organizations: a great deal of confidence, quite a lot of confidence, not very much confidence or none at all?"
CHN,Q99,altruism,single_choice_3,2,Active member,45,3023,3036,0.014885874958650347,1,"Are you an active member, an inactive member, or not a member of an environmental organization?"
CHN,Q99,altruism,single_choice_3,1,Inactive member,74,3023,3036,0.02447899437644724,1,"Are you an active member, an inactive member, or not a member of an environmental organization?"
CHN,Q99,altruism,single_choice_3,0,Don't belong,2904,3023,3036,0.9606351306649025,1,"Are you an active member, an inactive member, or not a member of an environmental organization?"
CHN,Q101,altruism,single_choice_3,2,Active member,23,3019,3036,0.0076184166942696255,1,"Are you an active member, an inactive member, or not a member of humanitarian or a charitable organization?"
CHN,Q101,altruism,single_choice_3,1,Inactive member,64,3019,3036,0.02119907254057635,1,"Are you an active member, an inactive member, or not a member of humanitarian or a charitable organization?"
CHN,Q101,altruism,single_choice_3,0,Don't belong,2932,3019,3036,0.971182510765154,1,"Are you an active member, an inactive member, or not a member of humanitarian or a charitable organization?"
CHN,Q103,altruism,single_choice_3,2,Active member,59,3020,3036,0.0195364238410596,1,"Are you an active member, an inactive member, or not a member of a self-help group or a mutual aid group?"
CHN,Q103,altruism,single_choice_3,1,Inactive member,172,3020,3036,0.05695364238410596,1,"Are you an active member, an inactive member, or not a member of a self-help group or a mutual aid group?"
CHN,Q103,altruism,single_choice_3,0,Don't belong,2789,3020,3036,0.9235099337748345,1,"Are you an active member, an inactive member, or not a member of a self-help group or a mutual aid group?"
CHN,Q106,risktaking,scale_1_10,1,nan,285,3026,3036,0.09418374091209518,1,"How would you place your views on this scale? 1 means you agree completely with statement A; 10 means you agree completely with statement B; and if your views fall somewhere in between, you can choose any number in between. Statement A: Incomes should be made more equal; Statement B: there should be greater incentives for individual effort?"
CHN,Q106,risktaking,scale_1_10,2,,228,3026,3036,0.07534699272967614,1,"How would you place your views on this scale? 1 means you agree completely with statement A; 10 means you agree completely with statement B; and if your views fall somewhere in between, you can choose any number in between. Statement A: Incomes should be made more equal; Statement B: there should be greater incentives for individual effort?"
CHN,Q106,risktaking,scale_1_10,3,,311,3026,3036,0.10277594183740912,1,"How would you place your views on this scale? 1 means you agree completely with statement A; 10 means you agree completely with statement B; and if your views fall somewhere in between, you can choose any number in between. Statement A: Incomes should be made more equal; Statement B: there should be greater incentives for individual effort?"
CHN,Q106,risktaking,scale_1_10,4,,209,3026,3036,0.0690680766688698,1,"How would you place your views on this scale? 1 means you agree completely with statement A; 10 means you agree completely with statement B; and if your views fall somewhere in between, you can choose any number in between. Statement A: Incomes should be made more equal; Statement B: there should be greater incentives for individual effort?"
CHN,Q106,risktaking,scale_1_10,5,,449,3026,3036,0.14838070059484468,1,"How would you place your views on this scale? 1 means you agree completely with statement A; 10 means you agree completely with statement B; and if your views fall somewhere in between, you can choose any number in between. Statement A: Incomes should be made more equal; Statement B: there should be greater incentives for individual effort?"
CHN,Q106,risktaking,scale_1_10,6,,345,3026,3036,0.1140118968935889,1,"How would you place your views on this scale? 1 means you agree completely with statement A; 10 means you agree completely with statement B; and if your views fall somewhere in between, you can choose any number in between. Statement A: Incomes should be made more equal; Statement B: there should be greater incentives for individual effort?"
CHN,Q106,risktaking,scale_1_10,7,,340,3026,3036,0.11235955056179775,1,"How would you place your views on this scale? 1 means you agree completely with statement A; 10 means you agree completely with statement B; and if your views fall somewhere in between, you can choose any number in between. Statement A: Incomes should be made more equal; Statement B: there should be greater incentives for individual effort?"
CHN,Q106,risktaking,scale_1_10,8,,453,3026,3036,0.14970257766027759,1,"How would you place your views on this scale? 1 means you agree completely with statement A; 10 means you agree completely with statement B; and if your views fall somewhere in between, you can choose any number in between. Statement A: Incomes should be made more equal; Statement B: there should be greater incentives for individual effort?"
CHN,Q106,risktaking,scale_1_10,9,,171,3026,3036,0.0565102445472571,1,"How would you place your views on this scale? 1 means you agree completely with statement A; 10 means you agree completely with statement B; and if your views fall somewhere in between, you can choose any number in between. Statement A: Incomes should be made more equal; Statement B: there should be greater incentives for individual effort?"
CHN,Q106,risktaking,scale_1_10,10,,235,3026,3036,0.07766027759418374,1,"How would you place your views on this scale? 1 means you agree completely with statement A; 10 means you agree completely with statement B; and if your views fall somewhere in between, you can choose any number in between. Statement A: Incomes should be made more equal; Statement B: there should be greater incentives for individual effort?"
CHN,Q107,risktaking,scale_1_10,1,nan,197,3003,3036,0.0656010656010656,1,"How would you place your views on this scale? 1 means you agree completely with statement A; 10 means you agree completely with statement B; and if your views fall somewhere in between, you can choose any number in between. Statement A: Private ownership of business and industry should be increased; Statement B: Government ownership of business and industry should be increased?"
CHN,Q107,risktaking,scale_1_10,2,,179,3003,3036,0.05960705960705961,1,"How would you place your views on this scale? 1 means you agree completely with statement A; 10 means you agree completely with statement B; and if your views fall somewhere in between, you can choose any number in between. Statement A: Private ownership of business and industry should be increased; Statement B: Government ownership of business and industry should be increased?"
CHN,Q107,risktaking,scale_1_10,3,,291,3003,3036,0.0969030969030969,1,"How would you place your views on this scale? 1 means you agree completely with statement A; 10 means you agree completely with statement B; and if your views fall somewhere in between, you can choose any number in between. Statement A: Private ownership of business and industry should be increased; Statement B: Government ownership of business and industry should be increased?"
CHN,Q107,risktaking,scale_1_10,4,,219,3003,3036,0.07292707292707293,1,"How would you place your views on this scale? 1 means you agree completely with statement A; 10 means you agree completely with statement B; and if your views fall somewhere in between, you can choose any number in between. Statement A: Private ownership of business and industry should be increased; Statement B: Government ownership of business and industry should be increased?"
CHN,Q107,risktaking,scale_1_10,5,,593,3003,3036,0.19746919746919747,1,"How would you place your views on this scale? 1 means you agree completely with statement A; 10 means you agree completely with statement B; and if your views fall somewhere in between, you can choose any number in between. Statement A: Private ownership of business and industry should be increased; Statement B: Government ownership of business and industry should be increased?"
CHN,Q107,risktaking,scale_1_10,6,,371,3003,3036,0.12354312354312354,1,"How would you place your views on this scale? 1 means you agree completely with statement A; 10 means you agree completely with statement B; and if your views fall somewhere in between, you can choose any number in between. Statement A: Private ownership of business and industry should be increased; Statement B: Government ownership of business and industry should be increased?"
CHN,Q107,risktaking,scale_1_10,7,,277,3003,3036,0.09224109224109224,1,"How would you place your views on this scale? 1 means you agree completely with statement A; 10 means you agree completely with statement B; and if your views fall somewhere in between, you can choose any number in between. Statement A: Private ownership of business and industry should be increased; Statement B: Government ownership of business and industry should be increased?"
CHN,Q107,risktaking,scale_1_10,8,,395,3003,3036,0.13153513153513152,1,"How would you place your views on this scale? 1 means you agree completely with statement A; 10 means you agree completely with statement B; and if your views fall somewhere in between, you can choose any number in between. Statement A: Private ownership of business and industry should be increased; Statement B: Government ownership of business and industry should be increased?"
CHN,Q107,risktaking,scale_1_10,9,,224,3003,3036,0.07459207459207459,1,"How would you place your views on this scale? 1 means you agree completely with statement A; 10 means you agree completely with statement B; and if your views fall somewhere in between, you can choose any number in between. Statement A: Private ownership of business and industry should be increased; Statement B: Government ownership of business and industry should be increased?"
CHN,Q107,risktaking,scale_1_10,10,,257,3003,3036,0.08558108558108558,1,"How would you place your views on this scale? 1 means you agree completely with statement A; 10 means you agree completely with statement B; and if your views fall somewhere in between, you can choose any number in between. Statement A: Private ownership of business and industry should be increased; Statement B: Government ownership of business and industry should be increased?"
CHN,Q109,risktaking,scale_1_10,1,nan,761,3021,3036,0.2519033432638199,-1,"How would you place your views on this scale? 1 means you agree completely with statement A; 10 means you agree completely with statement B; and if your views fall somewhere in between, you can choose any number in between. Statement A: Competition is good; Statement B:  Competition is harmful?"
CHN,Q109,risktaking,scale_1_10,2,,503,3021,3036,0.16650115855676928,-1,"How would you place your views on this scale? 1 means you agree completely with statement A; 10 means you agree completely with statement B; and if your views fall somewhere in between, you can choose any number in between. Statement A: Competition is good; Statement B:  Competition is harmful?"
CHN,Q109,risktaking,scale_1_10,3,,552,3021,3036,0.182720953326713,-1,"How would you place your views on this scale? 1 means you agree completely with statement A; 10 means you agree completely with statement B; and if your views fall somewhere in between, you can choose any number in between. Statement A: Competition is good; Statement B:  Competition is harmful?"
CHN,Q109,risktaking,scale_1_10,4,,280,3021,3036,0.09268454154253558,-1,"How would you place your views on this scale? 1 means you agree completely with statement A; 10 means you agree completely with statement B; and if your views fall somewhere in between, you can choose any number in between. Statement A: Competition is good; Statement B:  Competition is harmful?"
CHN,Q109,risktaking,scale_1_10,5,,477,3021,3036,0.15789473684210525,-1,"How would you place your views on this scale? 1 means you agree completely with statement A; 10 means you agree completely with statement B; and if your views fall somewhere in between, you can choose any number in between. Statement A: Competition is good; Statement B:  Competition is harmful?"
CHN,Q109,risktaking,scale_1_10,6,,164,3021,3036,0.05428666004634227,-1,"How would you place your views on this scale? 1 means you agree completely with statement A; 10 means you agree completely with statement B; and if your views fall somewhere in between, you can choose any number in between. Statement A: Competition is good; Statement B:  Competition is harmful?"
CHN,Q109,risktaking,scale_1_10,7,,102,3021,3036,0.033763654419066536,-1,"How would you place your views on this scale? 1 means you agree completely with statement A; 10 means you agree completely with statement B; and if your views fall somewhere in between, you can choose any number in between. Statement A: Competition is good; Statement B:  Competition is harmful?"
CHN,Q109,risktaking,scale_1_10,8,,91,3021,3036,0.030122476001324065,-1,"How would you place your views on this scale? 1 means you agree completely with statement A; 10 means you agree completely with statement B; and if your views fall somewhere in between, you can choose any number in between. Statement A: Competition is good; Statement B:  Competition is harmful?"
CHN,Q109,risktaking,scale_1_10,9,,38,3021,3036,0.012578616352201259,-1,"How would you place your views on this scale? 1 means you agree completely with statement A; 10 means you agree completely with statement B; and if your views fall somewhere in between, you can choose any number in between. Statement A: Competition is good; Statement B:  Competition is harmful?"
CHN,Q109,risktaking,scale_1_10,10,,53,3021,3036,0.017543859649122806,-1,"How would you place your views on this scale? 1 means you agree completely with statement A; 10 means you agree completely with statement B; and if your views fall somewhere in between, you can choose any number in between. Statement A: Competition is good; Statement B:  Competition is harmful?"
CHN,Q174,posrecip,single_choice_2,1,To follow religious norms and ceremonies,769,2974,3036,0.2585743106926698,1,Which of the following statements do you agree with most: The basic meaning of religion is to follow religious norms and ceremonies; The basic meaning of religion is to do good to other people?
CHN,Q174,posrecip,single_choice_2,2,To do good to other people / To make sense of life after death,2205,2974,3036,0.7414256893073302,1,Which of the following statements do you agree with most: The basic meaning of religion is to follow religious norms and ceremonies; The basic meaning of religion is to do good to other people?
CHN,Q176,negrecip,scale_1_10,1,Completely agree,320,2987,3036,0.10713090056913291,1,"On a 10-point scale, how much do you agree or disagree that nowadays one often has trouble deciding which moral rules are the right ones to follow?"
CHN,Q176,negrecip,scale_1_10,2,2,180,2987,3036,0.06026113157013726,1,"On a 10-point scale, how much do you agree or disagree that nowadays one often has trouble deciding which moral rules are the right ones to follow?"
CHN,Q176,negrecip,scale_1_10,3,3,330,2987,3036,0.11047874121191831,1,"On a 10-point scale, how much do you agree or disagree that nowadays one often has trouble deciding which moral rules are the right ones to follow?"
CHN,Q176,negrecip,scale_1_10,4,4,314,2987,3036,0.10512219618346166,1,"On a 10-point scale, how much do you agree or disagree that nowadays one often has trouble deciding which moral rules are the right ones to follow?"
CHN,Q176,negrecip,scale_1_10,5,5,586,2987,3036,0.19618346166722464,1,"On a 10-point scale, how much do you agree or disagree that nowadays one often has trouble deciding which moral rules are the right ones to follow?"
CHN,Q176,negrecip,scale_1_10,6,6,359,2987,3036,0.12018747907599599,1,"On a 10-point scale, how much do you agree or disagree that nowadays one often has trouble deciding which moral rules are the right ones to follow?"
CHN,Q176,negrecip,scale_1_10,7,7,253,2987,3036,0.08470036826247071,1,"On a 10-point scale, how much do you agree or disagree that nowadays one often has trouble deciding which moral rules are the right ones to follow?"
CHN,Q176,negrecip,scale_1_10,8,8,286,2987,3036,0.09574824238366254,1,"On a 10-point scale, how much do you agree or disagree that nowadays one often has trouble deciding which moral rules are the right ones to follow?"
CHN,Q176,negrecip,scale_1_10,9,9,137,2987,3036,0.04586541680616003,1,"On a 10-point scale, how much do you agree or disagree that nowadays one often has trouble deciding which moral rules are the right ones to follow?"
CHN,Q176,negrecip,scale_1_10,10,Completely disagree,222,2987,3036,0.07432206226983595,1,"On a 10-point scale, how much do you agree or disagree that nowadays one often has trouble deciding which moral rules are the right ones to follow?"
CHN,Q177,negrecip,scale_1_10,1,Never justifiable,1136,3024,3036,0.37566137566137564,-1,"Do you think claiming government benefits to which you are not entitled can always be justified, never be justified, or something in between? Answer on a 10-point scale."
CHN,Q177,negrecip,scale_1_10,2,2,361,3024,3036,0.11937830687830688,-1,"Do you think claiming government benefits to which you are not entitled can always be justified, never be justified, or something in between? Answer on a 10-point scale."
CHN,Q177,negrecip,scale_1_10,3,3,374,3024,3036,0.12367724867724868,-1,"Do you think claiming government benefits to which you are not entitled can always be justified, never be justified, or something in between? Answer on a 10-point scale."
CHN,Q177,negrecip,scale_1_10,4,4,235,3024,3036,0.07771164021164022,-1,"Do you think claiming government benefits to which you are not entitled can always be justified, never be justified, or something in between? Answer on a 10-point scale."
CHN,Q177,negrecip,scale_1_10,5,5,352,3024,3036,0.1164021164021164,-1,"Do you think claiming government benefits to which you are not entitled can always be justified, never be justified, or something in between? Answer on a 10-point scale."
CHN,Q177,negrecip,scale_1_10,6,6,180,3024,3036,0.05952380952380952,-1,"Do you think claiming government benefits to which you are not entitled can always be justified, never be justified, or something in between? Answer on a 10-point scale."
CHN,Q177,negrecip,scale_1_10,7,7,120,3024,3036,0.03968253968253968,-1,"Do you think claiming government benefits to which you are not entitled can always be justified, never be justified, or something in between? Answer on a 10-point scale."
CHN,Q177,negrecip,scale_1_10,8,8,125,3024,3036,0.04133597883597884,-1,"Do you think claiming government benefits to which you are not entitled can always be justified, never be justified, or something in between? Answer on a 10-point scale."
CHN,Q177,negrecip,scale_1_10,9,9,41,3024,3036,0.013558201058201057,-1,"Do you think claiming government benefits to which you are not entitled can always be justified, never be justified, or something in between? Answer on a 10-point scale."
CHN,Q177,negrecip,scale_1_10,10,Always justifiable,100,3024,3036,0.03306878306878307,-1,"Do you think claiming government benefits to which you are not entitled can always be justified, never be justified, or something in between? Answer on a 10-point scale."
CHN,Q178,risktaking,scale_1_10,1,Never justifiable,2283,3029,3036,0.7537140970617365,-1,"Do you think avoiding a fare on public transport can always be justified, never be justified, or something in between? Answer on a 10-point scale."
CHN,Q178,risktaking,scale_1_10,2,2,353,3029,3036,0.11654011224826676,-1,"Do you think avoiding a fare on public transport can always be justified, never be justified, or something in between? Answer on a 10-point scale."
CHN,Q178,risktaking,scale_1_10,3,3,177,3029,3036,0.058435127104655,-1,"Do you think avoiding a fare on public transport can always be justified, never be justified, or something in between? Answer on a 10-point scale."
CHN,Q178,risktaking,scale_1_10,4,4,52,3029,3036,0.017167381974248927,-1,"Do you think avoiding a fare on public transport can always be justified, never be justified, or something in between? Answer on a 10-point scale."
CHN,Q178,risktaking,scale_1_10,5,5,55,3029,3036,0.018157807857378673,-1,"Do you think avoiding a fare on public transport can always be justified, never be justified, or something in between? Answer on a 10-point scale."
CHN,Q178,risktaking,scale_1_10,6,6,27,3029,3036,0.008913832948167713,-1,"Do you think avoiding a fare on public transport can always be justified, never be justified, or something in between? Answer on a 10-point scale."
CHN,Q178,risktaking,scale_1_10,7,7,16,3029,3036,0.005282271376691978,-1,"Do you think avoiding a fare on public transport can always be justified, never be justified, or something in between? Answer on a 10-point scale."
CHN,Q178,risktaking,scale_1_10,8,8,19,3029,3036,0.006272697259821723,-1,"Do you think avoiding a fare on public transport can always be justified, never be justified, or something in between? Answer on a 10-point scale."
CHN,Q178,risktaking,scale_1_10,9,9,9,3029,3036,0.0029712776493892373,-1,"Do you think avoiding a fare on public transport can always be justified, never be justified, or something in between? Answer on a 10-point scale."
CHN,Q178,risktaking,scale_1_10,10,Always justifiable,38,3029,3036,0.012545394519643446,-1,"Do you think avoiding a fare on public transport can always be justified, never be justified, or something in between? Answer on a 10-point scale."
CHN,Q179,negrecip,scale_1_10,1,Never justifiable,2633,3029,3036,0.8692637834268736,-1,"Do you think stealing property can always be justified, never be justified, or something in between? Answer on a 10-point scale."
CHN,Q179,negrecip,scale_1_10,2,2,225,3029,3036,0.07428194123473093,-1,"Do you think stealing property can always be justified, never be justified, or something in between? Answer on a 10-point scale."
CHN,Q179,negrecip,scale_1_10,3,3,87,3029,3036,0.02872235061076263,-1,"Do you think stealing property can always be justified, never be justified, or something in between? Answer on a 10-point scale."
CHN,Q179,negrecip,scale_1_10,4,4,24,3029,3036,0.007923407065037967,-1,"Do you think stealing property can always be justified, never be justified, or something in between? Answer on a 10-point scale."
CHN,Q179,negrecip,scale_1_10,5,5,16,3029,3036,0.005282271376691978,-1,"Do you think stealing property can always be justified, never be justified, or something in between? Answer on a 10-point scale."
CHN,Q179,negrecip,scale_1_10,6,6,8,3029,3036,0.002641135688345989,-1,"Do you think stealing property can always be justified, never be justified, or something in between? Answer on a 10-point scale."
CHN,Q179,negrecip,scale_1_10,7,7,6,3029,3036,0.0019808517662594917,-1,"Do you think stealing property can always be justified, never be justified, or something in between? Answer on a 10-point scale."
CHN,Q179,negrecip,scale_1_10,8,8,3,3029,3036,0.0009904258831297458,-1,"Do you think stealing property can always be justified, never be justified, or something in between? Answer on a 10-point scale."
CHN,Q179,negrecip,scale_1_10,9,9,3,3029,3036,0.0009904258831297458,-1,"Do you think stealing property can always be justified, never be justified, or something in between? Answer on a 10-point scale."
CHN,Q179,negrecip,scale_1_10,10,Always justifiable,24,3029,3036,0.007923407065037967,-1,"Do you think stealing property can always be justified, never be justified, or something in between? Answer on a 10-point scale."
CHN,Q195,negrecip,scale_1_10,1,Never justifiable,835,3023,3036,0.27621567978828976,1,"Do you think death penalty can always be justified, never be justified, or something in between? Answer on a 10-point scale."
CHN,Q195,negrecip,scale_1_10,2,2,148,3023,3036,0.04895798875289448,1,"Do you think death penalty can always be justified, never be justified, or something in between? Answer on a 10-point scale."
CHN,Q195,negrecip,scale_1_10,3,3,122,3023,3036,0.04035726099900761,1,"Do you think death penalty can always be justified, never be justified, or something in between? Answer on a 10-point scale."
CHN,Q195,negrecip,scale_1_10,4,4,82,3023,3036,0.027125372146873966,1,"Do you think death penalty can always be justified, never be justified, or something in between? Answer on a 10-point scale."
CHN,Q195,negrecip,scale_1_10,5,5,301,3023,3036,0.09956996361230566,1,"Do you think death penalty can always be justified, never be justified, or something in between? Answer on a 10-point scale."
CHN,Q195,negrecip,scale_1_10,6,6,186,3023,3036,0.061528283162421434,1,"Do you think death penalty can always be justified, never be justified, or something in between? Answer on a 10-point scale."
CHN,Q195,negrecip,scale_1_10,7,7,161,3023,3036,0.053258352629837906,1,"Do you think death penalty can always be justified, never be justified, or something in between? Answer on a 10-point scale."
CHN,Q195,negrecip,scale_1_10,8,8,297,3023,3036,0.0982467747270923,1,"Do you think death penalty can always be justified, never be justified, or something in between? Answer on a 10-point scale."
CHN,Q195,negrecip,scale_1_10,9,9,178,3023,3036,0.058881905391994706,1,"Do you think death penalty can always be justified, never be justified, or something in between? Answer on a 10-point scale."
CHN,Q195,negrecip,scale_1_10,10,Always justifiable,713,3023,3036,0.23585841878928218,1,"Do you think death penalty can always be justified, never be justified, or something in between? Answer on a 10-point scale."
DEU,Q12,posrecip,multiple_response_max_5,1,Yes,1283,1525,1528,0.8413114754098361,1,Is tolerance and respect for other people one of the qualities children should be encouraged to learn at home?
DEU,Q12,posrecip,multiple_response_max_5,2,No,242,1525,1528,0.15868852459016394,1,Is tolerance and respect for other people one of the qualities children should be encouraged to learn at home?
DEU,Q13,patience,multiple_response_max_5,1,Yes,563,1525,1528,0.36918032786885246,1,"Is thrift, saving money and things one of the qualities children should be encouraged to learn at home?"
DEU,Q13,patience,multiple_response_max_5,2,No,962,1525,1528,0.6308196721311475,1,"Is thrift, saving money and things one of the qualities children should be encouraged to learn at home?"
DEU,Q14,patience,multiple_response_max_5,1,Yes,511,1525,1528,0.33508196721311473,1,"Is determination, perseverance one of the qualities children should be encouraged to learn at home?"
DEU,Q14,patience,multiple_response_max_5,2,No,1014,1525,1528,0.6649180327868852,1,"Is determination, perseverance one of the qualities children should be encouraged to learn at home?"
DEU,Q43,patience,single_choice_3,1,Good thing,684,1477,1528,0.4631008801624915,-1,"If this change were to happen, would it be a good thing, a bad thing, or would you not mind: less importance placed on work in our lives?"
DEU,Q43,patience,single_choice_3,2,Don't mind,200,1477,1528,0.13540961408259986,-1,"If this change were to happen, would it be a good thing, a bad thing, or would you not mind: less importance placed on work in our lives?"
DEU,Q43,patience,single_choice_3,3,Bad thing,593,1477,1528,0.4014895057549086,-1,"If this change were to happen, would it be a good thing, a bad thing, or would you not mind: less importance placed on work in our lives?"
DEU,Q50,patience,scale_1_10,1,Completely dissatisfied,33,1519,1528,0.021724818959842,1,How satisfied are you with the financial situation of your household on a scale from 1 to 10?
DEU,Q50,patience,scale_1_10,2,2,30,1519,1528,0.019749835418038184,1,How satisfied are you with the financial situation of your household on a scale from 1 to 10?
DEU,Q50,patience,scale_1_10,3,3,54,1519,1528,0.03554970375246873,1,How satisfied are you with the financial situation of your household on a scale from 1 to 10?
DEU,Q50,patience,scale_1_10,4,4,65,1519,1528,0.042791310072416065,1,How satisfied are you with the financial situation of your household on a scale from 1 to 10?
DEU,Q50,patience,scale_1_10,5,5,158,1519,1528,0.10401579986833442,1,How satisfied are you with the financial situation of your household on a scale from 1 to 10?
DEU,Q50,patience,scale_1_10,6,6,143,1519,1528,0.09414088215931533,1,How satisfied are you with the financial situation of your household on a scale from 1 to 10?
DEU,Q50,patience,scale_1_10,7,7,277,1519,1528,0.1823568136932192,1,How satisfied are you with the financial situation of your household on a scale from 1 to 10?
DEU,Q50,patience,scale_1_10,8,8,356,1519,1528,0.23436471362738645,1,How satisfied are you with the financial situation of your household on a scale from 1 to 10?
DEU,Q50,patience,scale_1_10,9,9,177,1519,1528,0.11652402896642527,1,How satisfied are you with the financial situation of your household on a scale from 1 to 10?
DEU,Q50,patience,scale_1_10,10,Completely satisfied,226,1519,1528,0.1487820934825543,1,How satisfied are you with the financial situation of your household on a scale from 1 to 10?
DEU,Q57,trust,single_choice_2,1,Most people can be trusted,681,1482,1528,0.45951417004048584,-1,"Generally speaking, would you say that most people can be trusted or that you need to be very careful in dealing with people?"
DEU,Q57,trust,single_choice_2,2,Need to be very careful,801,1482,1528,0.5404858299595142,-1,"Generally speaking, would you say that most people can be trusted or that you need to be very careful in dealing with people?"
DEU,Q58,trust,single_choice_4,1,Trust completely,1292,1523,1528,0.8483256730137886,-1,"How much do you trust your family: completely, somewhat, not very much or not at all?"
DEU,Q58,trust,single_choice_4,2,Trust somewhat,210,1523,1528,0.13788575180564674,-1,"How much do you trust your family: completely, somewhat, not very much or not at all?"
DEU,Q58,trust,single_choice_4,3,Do not trust very much,16,1523,1528,0.010505581089954037,-1,"How much do you trust your family: completely, somewhat, not very much or not at all?"
DEU,Q58,trust,single_choice_4,4,Do not trust at all,5,1523,1528,0.003282994090610637,-1,"How much do you trust your family: completely, somewhat, not very much or not at all?"
DEU,Q59,trust,single_choice_4,1,Trust completely,226,1506,1528,0.150066401062417,-1,"How much do you trust your neighborhood: completely, somewhat, not very much or not at all?"
DEU,Q59,trust,single_choice_4,2,Trust somewhat,996,1506,1528,0.6613545816733067,-1,"How much do you trust your neighborhood: completely, somewhat, not very much or not at all?"
DEU,Q59,trust,single_choice_4,3,Do not trust very much,254,1506,1528,0.16865869853917662,-1,"How much do you trust your neighborhood: completely, somewhat, not very much or not at all?"
DEU,Q59,trust,single_choice_4,4,Do not trust at all,30,1506,1528,0.0199203187250996,-1,"How much do you trust your neighborhood: completely, somewhat, not very much or not at all?"
DEU,Q60,trust,single_choice_4,1,Trust completely,399,1514,1528,0.26354029062087186,-1,"How much do you trust people you know personally: completely, somewhat, not very much or not at all?"
DEU,Q60,trust,single_choice_4,2,Trust somewhat,1035,1514,1528,0.6836195508586526,-1,"How much do you trust people you know personally: completely, somewhat, not very much or not at all?"
DEU,Q60,trust,single_choice_4,3,Do not trust very much,78,1514,1528,0.05151915455746367,-1,"How much do you trust people you know personally: completely, somewhat, not very much or not at all?"
DEU,Q60,trust,single_choice_4,4,Do not trust at all,2,1514,1528,0.001321003963011889,-1,"How much do you trust people you know personally: completely, somewhat, not very much or not at all?"
DEU,Q61,trust,single_choice_4,1,Trust completely,6,1480,1528,0.004054054054054054,-1,"How much do you trust people you meet for the first time: completely, somewhat, not very much or not at all?"
DEU,Q61,trust,single_choice_4,2,Trust somewhat,514,1480,1528,0.3472972972972973,-1,"How much do you trust people you meet for the first time: completely, somewhat, not very much or not at all?"
DEU,Q61,trust,single_choice_4,3,Do not trust very much,722,1480,1528,0.48783783783783785,-1,"How much do you trust people you meet for the first time: completely, somewhat, not very much or not at all?"
DEU,Q61,trust,single_choice_4,4,Do not trust at all,238,1480,1528,0.1608108108108108,-1,"How much do you trust people you meet for the first time: completely, somewhat, not very much or not at all?"
DEU,Q62,trust,single_choice_4,1,Trust completely,57,1352,1528,0.04215976331360947,-1,"How much do you trust people of another religion: completely, somewhat, not very much or not at all?"
DEU,Q62,trust,single_choice_4,2,Trust somewhat,790,1352,1528,0.584319526627219,-1,"How much do you trust people of another religion: completely, somewhat, not very much or not at all?"
DEU,Q62,trust,single_choice_4,3,Do not trust very much,419,1352,1528,0.3099112426035503,-1,"How much do you trust people of another religion: completely, somewhat, not very much or not at all?"
DEU,Q62,trust,single_choice_4,4,Do not trust at all,86,1352,1528,0.06360946745562131,-1,"How much do you trust people of another religion: completely, somewhat, not very much or not at all?"
DEU,Q63,trust,single_choice_4,1,Trust completely,66,1383,1528,0.04772234273318872,-1,"How much do you trust people of another nationality:  completely, somewhat, not very much or not at all?"
DEU,Q63,trust,single_choice_4,2,Trust somewhat,822,1383,1528,0.5943600867678959,-1,"How much do you trust people of another nationality:  completely, somewhat, not very much or not at all?"
DEU,Q63,trust,single_choice_4,3,Do not trust very much,415,1383,1528,0.30007230657989875,-1,"How much do you trust people of another nationality:  completely, somewhat, not very much or not at all?"
DEU,Q63,trust,single_choice_4,4,Do not trust at all,80,1383,1528,0.05784526391901663,-1,"How much do you trust people of another nationality:  completely, somewhat, not very much or not at all?"
DEU,Q64,trust,single_choice_4,1,A great deal,99,1452,1528,0.06818181818181818,-1,"How much confidence do you have in the churches: a great deal of confidence, quite a lot of confidence, not very much confidence or none at all?"
DEU,Q64,trust,single_choice_4,2,Quite a lot,427,1452,1528,0.2940771349862259,-1,"How much confidence do you have in the churches: a great deal of confidence, quite a lot of confidence, not very much confidence or none at all?"
DEU,Q64,trust,single_choice_4,3,Not very much,645,1452,1528,0.44421487603305787,-1,"How much confidence do you have in the churches: a great deal of confidence, quite a lot of confidence, not very much confidence or none at all?"
DEU,Q64,trust,single_choice_4,4,None at all,281,1452,1528,0.19352617079889808,-1,"How much confidence do you have in the churches: a great deal of confidence, quite a lot of confidence, not very much confidence or none at all?"
DEU,Q69,trust,single_choice_4,1,A great deal,366,1512,1528,0.24206349206349206,-1,"How much confidence do you have in the police: a great deal of confidence, quite a lot of confidence, not very much confidence or none at all?"
DEU,Q69,trust,single_choice_4,2,Quite a lot,946,1512,1528,0.6256613756613757,-1,"How much confidence do you have in the police: a great deal of confidence, quite a lot of confidence, not very much confidence or none at all?"
DEU,Q69,trust,single_choice_4,3,Not very much,175,1512,1528,0.11574074074074074,-1,"How much confidence do you have in the police: a great deal of confidence, quite a lot of confidence, not very much confidence or none at all?"
DEU,Q69,trust,single_choice_4,4,None at all,25,1512,1528,0.016534391534391533,-1,"How much confidence do you have in the police: a great deal of confidence, quite a lot of confidence, not very much confidence or none at all?"
DEU,Q70,trust,single_choice_4,1,A great deal,303,1476,1528,0.20528455284552846,-1,"How much confidence do you have in the courts: a great deal of confidence, quite a lot of confidence, not very much confidence or none at all?"
DEU,Q70,trust,single_choice_4,2,Quite a lot,802,1476,1528,0.5433604336043361,-1,"How much confidence do you have in the courts: a great deal of confidence, quite a lot of confidence, not very much confidence or none at all?"
DEU,Q70,trust,single_choice_4,3,Not very much,320,1476,1528,0.21680216802168023,-1,"How much confidence do you have in the courts: a great deal of confidence, quite a lot of confidence, not very much confidence or none at all?"
DEU,Q70,trust,single_choice_4,4,None at all,51,1476,1528,0.034552845528455285,-1,"How much confidence do you have in the courts: a great deal of confidence, quite a lot of confidence, not very much confidence or none at all?"
DEU,Q71,trust,single_choice_4,1,A great deal,64,1484,1528,0.0431266846361186,-1,"How much confidence do you have in the government: a great deal of confidence, quite a lot of confidence, not very much confidence or none at all?"
DEU,Q71,trust,single_choice_4,2,Quite a lot,611,1484,1528,0.41172506738544473,-1,"How much confidence do you have in the government: a great deal of confidence, quite a lot of confidence, not very much confidence or none at all?"
DEU,Q71,trust,single_choice_4,3,Not very much,629,1484,1528,0.4238544474393531,-1,"How much confidence do you have in the government: a great deal of confidence, quite a lot of confidence, not very much confidence or none at all?"
DEU,Q71,trust,single_choice_4,4,None at all,180,1484,1528,0.12129380053908356,-1,"How much confidence do you have in the government: a great deal of confidence, quite a lot of confidence, not very much confidence or none at all?"
DEU,Q73,trust,single_choice_4,1,A great deal,65,1459,1528,0.04455106237148732,-1,"How much confidence do you have in parliament: a great deal of confidence, quite a lot of confidence, not very much confidence or none at all?"
DEU,Q73,trust,single_choice_4,2,Quite a lot,580,1459,1528,0.3975325565455792,-1,"How much confidence do you have in parliament: a great deal of confidence, quite a lot of confidence, not very much confidence or none at all?"
DEU,Q73,trust,single_choice_4,3,Not very much,648,1459,1528,0.4441398217957505,-1,"How much confidence do you have in parliament: a great deal of confidence, quite a lot of confidence, not very much confidence or none at all?"
DEU,Q73,trust,single_choice_4,4,None at all,166,1459,1528,0.113776559287183,-1,"How much confidence do you have in parliament: a great deal of confidence, quite a lot of confidence, not very much confidence or none at all?"
DEU,Q81,posrecip,single_choice_4,1,A great deal,151,1438,1528,0.10500695410292073,-1,"How much confidence do you have in charitable or humanitarian organizations: a great deal of confidence, quite a lot of confidence, not very much confidence or none at all?"
DEU,Q81,posrecip,single_choice_4,2,Quite a lot,802,1438,1528,0.5577190542420027,-1,"How much confidence do you have in charitable or humanitarian organizations: a great deal of confidence, quite a lot of confidence, not very much confidence or none at all?"
DEU,Q81,posrecip,single_choice_4,3,Not very much,425,1438,1528,0.2955493741307371,-1,"How much confidence do you have in charitable or humanitarian organizations: a great deal of confidence, quite a lot of confidence, not very much confidence or none at all?"
DEU,Q81,posrecip,single_choice_4,4,None at all,60,1438,1528,0.04172461752433936,-1,"How much confidence do you have in charitable or humanitarian organizations: a great deal of confidence, quite a lot of confidence, not very much confidence or none at all?"
DEU,Q99,altruism,single_choice_3,2,Active member,109,1525,1528,0.07147540983606557,1,"Are you an active member, an inactive member, or not a member of an environmental organization?"
DEU,Q99,altruism,single_choice_3,1,Inactive member,68,1525,1528,0.04459016393442623,1,"Are you an active member, an inactive member, or not a member of an environmental organization?"
DEU,Q99,altruism,single_choice_3,0,Don't belong,1348,1525,1528,0.8839344262295082,1,"Are you an active member, an inactive member, or not a member of an environmental organization?"
DEU,Q101,altruism,single_choice_3,2,Active member,119,1525,1528,0.0780327868852459,1,"Are you an active member, an inactive member, or not a member of humanitarian or a charitable organization?"
DEU,Q101,altruism,single_choice_3,1,Inactive member,92,1525,1528,0.06032786885245902,1,"Are you an active member, an inactive member, or not a member of humanitarian or a charitable organization?"
DEU,Q101,altruism,single_choice_3,0,Don't belong,1314,1525,1528,0.861639344262295,1,"Are you an active member, an inactive member, or not a member of humanitarian or a charitable organization?"
DEU,Q103,altruism,single_choice_3,2,Active member,34,1525,1528,0.022295081967213116,1,"Are you an active member, an inactive member, or not a member of a self-help group or a mutual aid group?"
DEU,Q103,altruism,single_choice_3,1,Inactive member,69,1525,1528,0.04524590163934426,1,"Are you an active member, an inactive member, or not a member of a self-help group or a mutual aid group?"
DEU,Q103,altruism,single_choice_3,0,Don't belong,1422,1525,1528,0.9324590163934426,1,"Are you an active member, an inactive member, or not a member of a self-help group or a mutual aid group?"
DEU,Q106,risktaking,scale_1_10,1,nan,112,1506,1528,0.07436918990703852,1,"How would you place your views on this scale? 1 means you agree completely with statement A; 10 means you agree completely with statement B; and if your views fall somewhere in between, you can choose any number in between. Statement A: Incomes should be made more equal; Statement B: there should be greater incentives for individual effort?"
DEU,Q106,risktaking,scale_1_10,2,,66,1506,1528,0.043824701195219126,1,"How would you place your views on this scale? 1 means you agree completely with statement A; 10 means you agree completely with statement B; and if your views fall somewhere in between, you can choose any number in between. Statement A: Incomes should be made more equal; Statement B: there should be greater incentives for individual effort?"
DEU,Q106,risktaking,scale_1_10,3,,122,1506,1528,0.08100929614873838,1,"How would you place your views on this scale? 1 means you agree completely with statement A; 10 means you agree completely with statement B; and if your views fall somewhere in between, you can choose any number in between. Statement A: Incomes should be made more equal; Statement B: there should be greater incentives for individual effort?"
DEU,Q106,risktaking,scale_1_10,4,,114,1506,1528,0.07569721115537849,1,"How would you place your views on this scale? 1 means you agree completely with statement A; 10 means you agree completely with statement B; and if your views fall somewhere in between, you can choose any number in between. Statement A: Incomes should be made more equal; Statement B: there should be greater incentives for individual effort?"
DEU,Q106,risktaking,scale_1_10,5,,275,1506,1528,0.18260292164674635,1,"How would you place your views on this scale? 1 means you agree completely with statement A; 10 means you agree completely with statement B; and if your views fall somewhere in between, you can choose any number in between. Statement A: Incomes should be made more equal; Statement B: there should be greater incentives for individual effort?"
DEU,Q106,risktaking,scale_1_10,6,,153,1506,1528,0.10159362549800798,1,"How would you place your views on this scale? 1 means you agree completely with statement A; 10 means you agree completely with statement B; and if your views fall somewhere in between, you can choose any number in between. Statement A: Incomes should be made more equal; Statement B: there should be greater incentives for individual effort?"
DEU,Q106,risktaking,scale_1_10,7,,226,1506,1528,0.150066401062417,1,"How would you place your views on this scale? 1 means you agree completely with statement A; 10 means you agree completely with statement B; and if your views fall somewhere in between, you can choose any number in between. Statement A: Incomes should be made more equal; Statement B: there should be greater incentives for individual effort?"
DEU,Q106,risktaking,scale_1_10,8,,255,1506,1528,0.1693227091633466,1,"How would you place your views on this scale? 1 means you agree completely with statement A; 10 means you agree completely with statement B; and if your views fall somewhere in between, you can choose any number in between. Statement A: Incomes should be made more equal; Statement B: there should be greater incentives for individual effort?"
DEU,Q106,risktaking,scale_1_10,9,,61,1506,1528,0.04050464807436919,1,"How would you place your views on this scale? 1 means you agree completely with statement A; 10 means you agree completely with statement B; and if your views fall somewhere in between, you can choose any number in between. Statement A: Incomes should be made more equal; Statement B: there should be greater incentives for individual effort?"
DEU,Q106,risktaking,scale_1_10,10,,122,1506,1528,0.08100929614873838,1,"How would you place your views on this scale? 1 means you agree completely with statement A; 10 means you agree completely with statement B; and if your views fall somewhere in between, you can choose any number in between. Statement A: Incomes should be made more equal; Statement B: there should be greater incentives for individual effort?"
DEU,Q107,risktaking,scale_1_10,1,nan,66,1418,1528,0.0465444287729196,1,"How would you place your views on this scale? 1 means you agree completely with statement A; 10 means you agree completely with statement B; and if your views fall somewhere in between, you can choose any number in between. Statement A: Private ownership of business and industry should be increased; Statement B: Government ownership of business and industry should be increased?"
DEU,Q107,risktaking,scale_1_10,2,,42,1418,1528,0.029619181946403384,1,"How would you place your views on this scale? 1 means you agree completely with statement A; 10 means you agree completely with statement B; and if your views fall somewhere in between, you can choose any number in between. Statement A: Private ownership of business and industry should be increased; Statement B: Government ownership of business and industry should be increased?"
DEU,Q107,risktaking,scale_1_10,3,,133,1418,1528,0.09379407616361073,1,"How would you place your views on this scale? 1 means you agree completely with statement A; 10 means you agree completely with statement B; and if your views fall somewhere in between, you can choose any number in between. Statement A: Private ownership of business and industry should be increased; Statement B: Government ownership of business and industry should be increased?"
DEU,Q107,risktaking,scale_1_10,4,,116,1418,1528,0.08180535966149506,1,"How would you place your views on this scale? 1 means you agree completely with statement A; 10 means you agree completely with statement B; and if your views fall somewhere in between, you can choose any number in between. Statement A: Private ownership of business and industry should be increased; Statement B: Government ownership of business and industry should be increased?"
DEU,Q107,risktaking,scale_1_10,5,,566,1418,1528,0.3991537376586742,1,"How would you place your views on this scale? 1 means you agree completely with statement A; 10 means you agree completely with statement B; and if your views fall somewhere in between, you can choose any number in between. Statement A: Private ownership of business and industry should be increased; Statement B: Government ownership of business and industry should be increased?"
DEU,Q107,risktaking,scale_1_10,6,,136,1418,1528,0.09590973201692525,1,"How would you place your views on this scale? 1 means you agree completely with statement A; 10 means you agree completely with statement B; and if your views fall somewhere in between, you can choose any number in between. Statement A: Private ownership of business and industry should be increased; Statement B: Government ownership of business and industry should be increased?"
DEU,Q107,risktaking,scale_1_10,7,,148,1418,1528,0.10437235543018336,1,"How would you place your views on this scale? 1 means you agree completely with statement A; 10 means you agree completely with statement B; and if your views fall somewhere in between, you can choose any number in between. Statement A: Private ownership of business and industry should be increased; Statement B: Government ownership of business and industry should be increased?"
DEU,Q107,risktaking,scale_1_10,8,,108,1418,1528,0.076163610719323,1,"How would you place your views on this scale? 1 means you agree completely with statement A; 10 means you agree completely with statement B; and if your views fall somewhere in between, you can choose any number in between. Statement A: Private ownership of business and industry should be increased; Statement B: Government ownership of business and industry should be increased?"
DEU,Q107,risktaking,scale_1_10,9,,46,1418,1528,0.03244005641748942,1,"How would you place your views on this scale? 1 means you agree completely with statement A; 10 means you agree completely with statement B; and if your views fall somewhere in between, you can choose any number in between. Statement A: Private ownership of business and industry should be increased; Statement B: Government ownership of business and industry should be increased?"
DEU,Q107,risktaking,scale_1_10,10,,57,1418,1528,0.04019746121297602,1,"How would you place your views on this scale? 1 means you agree completely with statement A; 10 means you agree completely with statement B; and if your views fall somewhere in between, you can choose any number in between. Statement A: Private ownership of business and industry should be increased; Statement B: Government ownership of business and industry should be increased?"
DEU,Q109,risktaking,scale_1_10,1,nan,342,1503,1528,0.2275449101796407,-1,"How would you place your views on this scale? 1 means you agree completely with statement A; 10 means you agree completely with statement B; and if your views fall somewhere in between, you can choose any number in between. Statement A: Competition is good; Statement B:  Competition is harmful?"
DEU,Q109,risktaking,scale_1_10,2,,225,1503,1528,0.1497005988023952,-1,"How would you place your views on this scale? 1 means you agree completely with statement A; 10 means you agree completely with statement B; and if your views fall somewhere in between, you can choose any number in between. Statement A: Competition is good; Statement B:  Competition is harmful?"
DEU,Q109,risktaking,scale_1_10,3,,317,1503,1528,0.2109115103127079,-1,"How would you place your views on this scale? 1 means you agree completely with statement A; 10 means you agree completely with statement B; and if your views fall somewhere in between, you can choose any number in between. Statement A: Competition is good; Statement B:  Competition is harmful?"
DEU,Q109,risktaking,scale_1_10,4,,158,1503,1528,0.1051230871590153,-1,"How would you place your views on this scale? 1 means you agree completely with statement A; 10 means you agree completely with statement B; and if your views fall somewhere in between, you can choose any number in between. Statement A: Competition is good; Statement B:  Competition is harmful?"
DEU,Q109,risktaking,scale_1_10,5,,257,1503,1528,0.1709913506320692,-1,"How would you place your views on this scale? 1 means you agree completely with statement A; 10 means you agree completely with statement B; and if your views fall somewhere in between, you can choose any number in between. Statement A: Competition is good; Statement B:  Competition is harmful?"
DEU,Q109,risktaking,scale_1_10,6,,51,1503,1528,0.033932135728542916,-1,"How would you place your views on this scale? 1 means you agree completely with statement A; 10 means you agree completely with statement B; and if your views fall somewhere in between, you can choose any number in between. Statement A: Competition is good; Statement B:  Competition is harmful?"
DEU,Q109,risktaking,scale_1_10,7,,55,1503,1528,0.036593479707252165,-1,"How would you place your views on this scale? 1 means you agree completely with statement A; 10 means you agree completely with statement B; and if your views fall somewhere in between, you can choose any number in between. Statement A: Competition is good; Statement B:  Competition is harmful?"
DEU,Q109,risktaking,scale_1_10,8,,53,1503,1528,0.03526280771789754,-1,"How would you place your views on this scale? 1 means you agree completely with statement A; 10 means you agree completely with statement B; and if your views fall somewhere in between, you can choose any number in between. Statement A: Competition is good; Statement B:  Competition is harmful?"
DEU,Q109,risktaking,scale_1_10,9,,21,1503,1528,0.013972055888223553,-1,"How would you place your views on this scale? 1 means you agree completely with statement A; 10 means you agree completely with statement B; and if your views fall somewhere in between, you can choose any number in between. Statement A: Competition is good; Statement B:  Competition is harmful?"
DEU,Q109,risktaking,scale_1_10,10,,24,1503,1528,0.015968063872255488,-1,"How would you place your views on this scale? 1 means you agree completely with statement A; 10 means you agree completely with statement B; and if your views fall somewhere in between, you can choose any number in between. Statement A: Competition is good; Statement B:  Competition is harmful?"
DEU,Q174,posrecip,single_choice_2,1,To follow religious norms and ceremonies,790,1415,1528,0.558303886925795,1,Which of the following statements do you agree with most: The basic meaning of religion is to follow religious norms and ceremonies; The basic meaning of religion is to do good to other people?
DEU,Q174,posrecip,single_choice_2,2,To do good to other people / To make sense of life after death,625,1415,1528,0.4416961130742049,1,Which of the following statements do you agree with most: The basic meaning of religion is to follow religious norms and ceremonies; The basic meaning of religion is to do good to other people?
DEU,Q176,negrecip,scale_1_10,1,Completely agree,125,1495,1528,0.08361204013377926,1,"On a 10-point scale, how much do you agree or disagree that nowadays one often has trouble deciding which moral rules are the right ones to follow?"
DEU,Q176,negrecip,scale_1_10,2,2,80,1495,1528,0.05351170568561873,1,"On a 10-point scale, how much do you agree or disagree that nowadays one often has trouble deciding which moral rules are the right ones to follow?"
DEU,Q176,negrecip,scale_1_10,3,3,152,1495,1528,0.10167224080267559,1,"On a 10-point scale, how much do you agree or disagree that nowadays one often has trouble deciding which moral rules are the right ones to follow?"
DEU,Q176,negrecip,scale_1_10,4,4,141,1495,1528,0.09431438127090301,1,"On a 10-point scale, how much do you agree or disagree that nowadays one often has trouble deciding which moral rules are the right ones to follow?"
DEU,Q176,negrecip,scale_1_10,5,5,216,1495,1528,0.14448160535117058,1,"On a 10-point scale, how much do you agree or disagree that nowadays one often has trouble deciding which moral rules are the right ones to follow?"
DEU,Q176,negrecip,scale_1_10,6,6,81,1495,1528,0.05418060200668896,1,"On a 10-point scale, how much do you agree or disagree that nowadays one often has trouble deciding which moral rules are the right ones to follow?"
DEU,Q176,negrecip,scale_1_10,7,7,141,1495,1528,0.09431438127090301,1,"On a 10-point scale, how much do you agree or disagree that nowadays one often has trouble deciding which moral rules are the right ones to follow?"
DEU,Q176,negrecip,scale_1_10,8,8,188,1495,1528,0.12575250836120402,1,"On a 10-point scale, how much do you agree or disagree that nowadays one often has trouble deciding which moral rules are the right ones to follow?"
DEU,Q176,negrecip,scale_1_10,9,9,108,1495,1528,0.07224080267558529,1,"On a 10-point scale, how much do you agree or disagree that nowadays one often has trouble deciding which moral rules are the right ones to follow?"
DEU,Q176,negrecip,scale_1_10,10,Completely disagree,263,1495,1528,0.17591973244147158,1,"On a 10-point scale, how much do you agree or disagree that nowadays one often has trouble deciding which moral rules are the right ones to follow?"
DEU,Q177,negrecip,scale_1_10,1,Never justifiable,1143,1516,1528,0.753957783641161,-1,"Do you think claiming government benefits to which you are not entitled can always be justified, never be justified, or something in between? Answer on a 10-point scale."
DEU,Q177,negrecip,scale_1_10,2,2,187,1516,1528,0.12335092348284961,-1,"Do you think claiming government benefits to which you are not entitled can always be justified, never be justified, or something in between? Answer on a 10-point scale."
DEU,Q177,negrecip,scale_1_10,3,3,93,1516,1528,0.06134564643799472,-1,"Do you think claiming government benefits to which you are not entitled can always be justified, never be justified, or something in between? Answer on a 10-point scale."
DEU,Q177,negrecip,scale_1_10,4,4,29,1516,1528,0.01912928759894459,-1,"Do you think claiming government benefits to which you are not entitled can always be justified, never be justified, or something in between? Answer on a 10-point scale."
DEU,Q177,negrecip,scale_1_10,5,5,31,1516,1528,0.020448548812664908,-1,"Do you think claiming government benefits to which you are not entitled can always be justified, never be justified, or something in between? Answer on a 10-point scale."
DEU,Q177,negrecip,scale_1_10,6,6,8,1516,1528,0.005277044854881266,-1,"Do you think claiming government benefits to which you are not entitled can always be justified, never be justified, or something in between? Answer on a 10-point scale."
DEU,Q177,negrecip,scale_1_10,7,7,6,1516,1528,0.00395778364116095,-1,"Do you think claiming government benefits to which you are not entitled can always be justified, never be justified, or something in between? Answer on a 10-point scale."
DEU,Q177,negrecip,scale_1_10,8,8,6,1516,1528,0.00395778364116095,-1,"Do you think claiming government benefits to which you are not entitled can always be justified, never be justified, or something in between? Answer on a 10-point scale."
DEU,Q177,negrecip,scale_1_10,9,9,3,1516,1528,0.001978891820580475,-1,"Do you think claiming government benefits to which you are not entitled can always be justified, never be justified, or something in between? Answer on a 10-point scale."
DEU,Q177,negrecip,scale_1_10,10,Always justifiable,10,1516,1528,0.006596306068601583,-1,"Do you think claiming government benefits to which you are not entitled can always be justified, never be justified, or something in between? Answer on a 10-point scale."
DEU,Q178,risktaking,scale_1_10,1,Never justifiable,1037,1525,1528,0.68,-1,"Do you think avoiding a fare on public transport can always be justified, never be justified, or something in between? Answer on a 10-point scale."
DEU,Q178,risktaking,scale_1_10,2,2,169,1525,1528,0.11081967213114755,-1,"Do you think avoiding a fare on public transport can always be justified, never be justified, or something in between? Answer on a 10-point scale."
DEU,Q178,risktaking,scale_1_10,3,3,132,1525,1528,0.08655737704918033,-1,"Do you think avoiding a fare on public transport can always be justified, never be justified, or something in between? Answer on a 10-point scale."
DEU,Q178,risktaking,scale_1_10,4,4,66,1525,1528,0.043278688524590166,-1,"Do you think avoiding a fare on public transport can always be justified, never be justified, or something in between? Answer on a 10-point scale."
DEU,Q178,risktaking,scale_1_10,5,5,61,1525,1528,0.04,-1,"Do you think avoiding a fare on public transport can always be justified, never be justified, or something in between? Answer on a 10-point scale."
DEU,Q178,risktaking,scale_1_10,6,6,18,1525,1528,0.01180327868852459,-1,"Do you think avoiding a fare on public transport can always be justified, never be justified, or something in between? Answer on a 10-point scale."
DEU,Q178,risktaking,scale_1_10,7,7,21,1525,1528,0.01377049180327869,-1,"Do you think avoiding a fare on public transport can always be justified, never be justified, or something in between? Answer on a 10-point scale."
DEU,Q178,risktaking,scale_1_10,8,8,6,1525,1528,0.003934426229508197,-1,"Do you think avoiding a fare on public transport can always be justified, never be justified, or something in between? Answer on a 10-point scale."
DEU,Q178,risktaking,scale_1_10,9,9,3,1525,1528,0.0019672131147540984,-1,"Do you think avoiding a fare on public transport can always be justified, never be justified, or something in between? Answer on a 10-point scale."
DEU,Q178,risktaking,scale_1_10,10,Always justifiable,12,1525,1528,0.007868852459016393,-1,"Do you think avoiding a fare on public transport can always be justified, never be justified, or something in between? Answer on a 10-point scale."
DEU,Q179,negrecip,scale_1_10,1,Never justifiable,1376,1528,1528,0.900523560209424,-1,"Do you think stealing property can always be justified, never be justified, or something in between? Answer on a 10-point scale."
DEU,Q179,negrecip,scale_1_10,2,2,100,1528,1528,0.06544502617801047,-1,"Do you think stealing property can always be justified, never be justified, or something in between? Answer on a 10-point scale."
DEU,Q179,negrecip,scale_1_10,3,3,30,1528,1528,0.01963350785340314,-1,"Do you think stealing property can always be justified, never be justified, or something in between? Answer on a 10-point scale."
DEU,Q179,negrecip,scale_1_10,4,4,8,1528,1528,0.005235602094240838,-1,"Do you think stealing property can always be justified, never be justified, or something in between? Answer on a 10-point scale."
DEU,Q179,negrecip,scale_1_10,5,5,10,1528,1528,0.006544502617801047,-1,"Do you think stealing property can always be justified, never be justified, or something in between? Answer on a 10-point scale."
DEU,Q179,negrecip,scale_1_10,6,6,2,1528,1528,0.0013089005235602095,-1,"Do you think stealing property can always be justified, never be justified, or something in between? Answer on a 10-point scale."
DEU,Q179,negrecip,scale_1_10,7,7,1,1528,1528,0.0006544502617801048,-1,"Do you think stealing property can always be justified, never be justified, or something in between? Answer on a 10-point scale."
DEU,Q179,negrecip,scale_1_10,8,8,0,1528,1528,0.0,-1,"Do you think stealing property can always be justified, never be justified, or something in between? Answer on a 10-point scale."
DEU,Q179,negrecip,scale_1_10,9,9,1,1528,1528,0.0006544502617801048,-1,"Do you think stealing property can always be justified, never be justified, or something in between? Answer on a 10-point scale."
DEU,Q179,negrecip,scale_1_10,10,Always justifiable,0,1528,1528,0.0,-1,"Do you think stealing property can always be justified, never be justified, or something in between? Answer on a 10-point scale."
DEU,Q195,negrecip,scale_1_10,1,Never justifiable,959,1512,1528,0.6342592592592593,1,"Do you think death penalty can always be justified, never be justified, or something in between? Answer on a 10-point scale."
DEU,Q195,negrecip,scale_1_10,2,2,91,1512,1528,0.06018518518518518,1,"Do you think death penalty can always be justified, never be justified, or something in between? Answer on a 10-point scale."
DEU,Q195,negrecip,scale_1_10,3,3,81,1512,1528,0.05357142857142857,1,"Do you think death penalty can always be justified, never be justified, or something in between? Answer on a 10-point scale."
DEU,Q195,negrecip,scale_1_10,4,4,43,1512,1528,0.028439153439153438,1,"Do you think death penalty can always be justified, never be justified, or something in between? Answer on a 10-point scale."
DEU,Q195,negrecip,scale_1_10,5,5,134,1512,1528,0.08862433862433862,1,"Do you think death penalty can always be justified, never be justified, or something in between? Answer on a 10-point scale."
DEU,Q195,negrecip,scale_1_10,6,6,52,1512,1528,0.03439153439153439,1,"Do you think death penalty can always be justified, never be justified, or something in between? Answer on a 10-point scale."
DEU,Q195,negrecip,scale_1_10,7,7,46,1512,1528,0.03042328042328042,1,"Do you think death penalty can always be justified, never be justified, or something in between? Answer on a 10-point scale."
DEU,Q195,negrecip,scale_1_10,8,8,44,1512,1528,0.0291005291005291,1,"Do you think death penalty can always be justified, never be justified, or something in between? Answer on a 10-point scale."
DEU,Q195,negrecip,scale_1_10,9,9,13,1512,1528,0.008597883597883597,1,"Do you think death penalty can always be justified, never be justified, or something in between? Answer on a 10-point scale."
DEU,Q195,negrecip,scale_1_10,10,Always justifiable,49,1512,1528,0.032407407407407406,1,"Do you think death penalty can always be justified, never be justified, or something in between? Answer on a 10-point scale."
EGY,Q12,posrecip,multiple_response_max_5,1,Yes,937,1199,1200,0.7814845704753962,1,Is tolerance and respect for other people one of the qualities children should be encouraged to learn at home?
EGY,Q12,posrecip,multiple_response_max_5,2,No,262,1199,1200,0.21851542952460384,1,Is tolerance and respect for other people one of the qualities children should be encouraged to learn at home?
EGY,Q13,patience,multiple_response_max_5,1,Yes,262,1199,1200,0.21851542952460384,1,"Is thrift, saving money and things one of the qualities children should be encouraged to learn at home?"
EGY,Q13,patience,multiple_response_max_5,2,No,937,1199,1200,0.7814845704753962,1,"Is thrift, saving money and things one of the qualities children should be encouraged to learn at home?"
EGY,Q14,patience,multiple_response_max_5,1,Yes,129,1199,1200,0.10758965804837364,1,"Is determination, perseverance one of the qualities children should be encouraged to learn at home?"
EGY,Q14,patience,multiple_response_max_5,2,No,1070,1199,1200,0.8924103419516264,1,"Is determination, perseverance one of the qualities children should be encouraged to learn at home?"
EGY,Q43,patience,single_choice_3,1,Good thing,75,1171,1200,0.06404782237403928,-1,"If this change were to happen, would it be a good thing, a bad thing, or would you not mind: less importance placed on work in our lives?"
EGY,Q43,patience,single_choice_3,2,Don't mind,36,1171,1200,0.030742954739538857,-1,"If this change were to happen, would it be a good thing, a bad thing, or would you not mind: less importance placed on work in our lives?"
EGY,Q43,patience,single_choice_3,3,Bad thing,1060,1171,1200,0.9052092228864219,-1,"If this change were to happen, would it be a good thing, a bad thing, or would you not mind: less importance placed on work in our lives?"
EGY,Q50,patience,scale_1_10,1,Completely dissatisfied,165,1199,1200,0.13761467889908258,1,How satisfied are you with the financial situation of your household on a scale from 1 to 10?
EGY,Q50,patience,scale_1_10,2,2,81,1199,1200,0.06755629691409508,1,How satisfied are you with the financial situation of your household on a scale from 1 to 10?
EGY,Q50,patience,scale_1_10,3,3,150,1199,1200,0.12510425354462051,1,How satisfied are you with the financial situation of your household on a scale from 1 to 10?
EGY,Q50,patience,scale_1_10,4,4,134,1199,1200,0.11175979983319433,1,How satisfied are you with the financial situation of your household on a scale from 1 to 10?
EGY,Q50,patience,scale_1_10,5,5,239,1199,1200,0.1993327773144287,1,How satisfied are you with the financial situation of your household on a scale from 1 to 10?
EGY,Q50,patience,scale_1_10,6,6,144,1199,1200,0.12010008340283569,1,How satisfied are you with the financial situation of your household on a scale from 1 to 10?
EGY,Q50,patience,scale_1_10,7,7,139,1199,1200,0.11592994161801501,1,How satisfied are you with the financial situation of your household on a scale from 1 to 10?
EGY,Q50,patience,scale_1_10,8,8,76,1199,1200,0.0633861551292744,1,How satisfied are you with the financial situation of your household on a scale from 1 to 10?
EGY,Q50,patience,scale_1_10,9,9,35,1199,1200,0.029190992493744787,1,How satisfied are you with the financial situation of your household on a scale from 1 to 10?
EGY,Q50,patience,scale_1_10,10,Completely satisfied,36,1199,1200,0.030025020850708923,1,How satisfied are you with the financial situation of your household on a scale from 1 to 10?
EGY,Q57,trust,single_choice_2,1,Most people can be trusted,88,1197,1200,0.07351712614870509,-1,"Generally speaking, would you say that most people can be trusted or that you need to be very careful in dealing with people?"
EGY,Q57,trust,single_choice_2,2,Need to be very careful,1109,1197,1200,0.9264828738512949,-1,"Generally speaking, would you say that most people can be trusted or that you need to be very careful in dealing with people?"
EGY,Q58,trust,single_choice_4,1,Trust completely,1121,1200,1200,0.9341666666666667,-1,"How much do you trust your family: completely, somewhat, not very much or not at all?"
EGY,Q58,trust,single_choice_4,2,Trust somewhat,72,1200,1200,0.06,-1,"How much do you trust your family: completely, somewhat, not very much or not at all?"
EGY,Q58,trust,single_choice_4,3,Do not trust very much,5,1200,1200,0.004166666666666667,-1,"How much do you trust your family: completely, somewhat, not very much or not at all?"
EGY,Q58,trust,single_choice_4,4,Do not trust at all,2,1200,1200,0.0016666666666666668,-1,"How much do you trust your family: completely, somewhat, not very much or not at all?"
EGY,Q59,trust,single_choice_4,1,Trust completely,430,1199,1200,0.3586321934945788,-1,"How much do you trust your neighborhood: completely, somewhat, not very much or not at all?"
EGY,Q59,trust,single_choice_4,2,Trust somewhat,598,1199,1200,0.4987489574645538,-1,"How much do you trust your neighborhood: completely, somewhat, not very much or not at all?"
EGY,Q59,trust,single_choice_4,3,Do not trust very much,140,1199,1200,0.11676396997497915,-1,"How much do you trust your neighborhood: completely, somewhat, not very much or not at all?"
EGY,Q59,trust,single_choice_4,4,Do not trust at all,31,1199,1200,0.02585487906588824,-1,"How much do you trust your neighborhood: completely, somewhat, not very much or not at all?"
EGY,Q60,trust,single_choice_4,1,Trust completely,562,1199,1200,0.46872393661384487,-1,"How much do you trust people you know personally: completely, somewhat, not very much or not at all?"
EGY,Q60,trust,single_choice_4,2,Trust somewhat,500,1199,1200,0.4170141784820684,-1,"How much do you trust people you know personally: completely, somewhat, not very much or not at all?"
EGY,Q60,trust,single_choice_4,3,Do not trust very much,120,1199,1200,0.10008340283569642,-1,"How much do you trust people you know personally: completely, somewhat, not very much or not at all?"
EGY,Q60,trust,single_choice_4,4,Do not trust at all,17,1199,1200,0.014178482068390326,-1,"How much do you trust people you know personally: completely, somewhat, not very much or not at all?"
EGY,Q61,trust,single_choice_4,1,Trust completely,16,1192,1200,0.013422818791946308,-1,"How much do you trust people you meet for the first time: completely, somewhat, not very much or not at all?"
EGY,Q61,trust,single_choice_4,2,Trust somewhat,216,1192,1200,0.18120805369127516,-1,"How much do you trust people you meet for the first time: completely, somewhat, not very much or not at all?"
EGY,Q61,trust,single_choice_4,3,Do not trust very much,597,1192,1200,0.5008389261744967,-1,"How much do you trust people you meet for the first time: completely, somewhat, not very much or not at all?"
EGY,Q61,trust,single_choice_4,4,Do not trust at all,363,1192,1200,0.30453020134228187,-1,"How much do you trust people you meet for the first time: completely, somewhat, not very much or not at all?"
EGY,Q62,trust,single_choice_4,1,Trust completely,88,1180,1200,0.07457627118644068,-1,"How much do you trust people of another religion: completely, somewhat, not very much or not at all?"
EGY,Q62,trust,single_choice_4,2,Trust somewhat,524,1180,1200,0.4440677966101695,-1,"How much do you trust people of another religion: completely, somewhat, not very much or not at all?"
EGY,Q62,trust,single_choice_4,3,Do not trust very much,416,1180,1200,0.3525423728813559,-1,"How much do you trust people of another religion: completely, somewhat, not very much or not at all?"
EGY,Q62,trust,single_choice_4,4,Do not trust at all,152,1180,1200,0.1288135593220339,-1,"How much do you trust people of another religion: completely, somewhat, not very much or not at all?"
EGY,Q63,trust,single_choice_4,1,Trust completely,15,1132,1200,0.013250883392226149,-1,"How much do you trust people of another nationality:  completely, somewhat, not very much or not at all?"
EGY,Q63,trust,single_choice_4,2,Trust somewhat,199,1132,1200,0.17579505300353357,-1,"How much do you trust people of another nationality:  completely, somewhat, not very much or not at all?"
EGY,Q63,trust,single_choice_4,3,Do not trust very much,520,1132,1200,0.45936395759717313,-1,"How much do you trust people of another nationality:  completely, somewhat, not very much or not at all?"
EGY,Q63,trust,single_choice_4,4,Do not trust at all,398,1132,1200,0.35159010600706714,-1,"How much do you trust people of another nationality:  completely, somewhat, not very much or not at all?"
EGY,Q64,trust,single_choice_4,1,A great deal,382,1173,1200,0.3256606990622336,-1,"How much confidence do you have in the churches: a great deal of confidence, quite a lot of confidence, not very much confidence or none at all?"
EGY,Q64,trust,single_choice_4,2,Quite a lot,472,1173,1200,0.40238704177323104,-1,"How much confidence do you have in the churches: a great deal of confidence, quite a lot of confidence, not very much confidence or none at all?"
EGY,Q64,trust,single_choice_4,3,Not very much,225,1173,1200,0.1918158567774936,-1,"How much confidence do you have in the churches: a great deal of confidence, quite a lot of confidence, not very much confidence or none at all?"
EGY,Q64,trust,single_choice_4,4,None at all,94,1173,1200,0.08013640238704177,-1,"How much confidence do you have in the churches: a great deal of confidence, quite a lot of confidence, not very much confidence or none at all?"
EGY,Q73,trust,single_choice_4,1,A great deal,5,988,1200,0.005060728744939271,-1,"How much confidence do you have in parliament: a great deal of confidence, quite a lot of confidence, not very much confidence or none at all?"
EGY,Q73,trust,single_choice_4,2,Quite a lot,87,988,1200,0.08805668016194332,-1,"How much confidence do you have in parliament: a great deal of confidence, quite a lot of confidence, not very much confidence or none at all?"
EGY,Q73,trust,single_choice_4,3,Not very much,345,988,1200,0.3491902834008097,-1,"How much confidence do you have in parliament: a great deal of confidence, quite a lot of confidence, not very much confidence or none at all?"
EGY,Q73,trust,single_choice_4,4,None at all,551,988,1200,0.5576923076923077,-1,"How much confidence do you have in parliament: a great deal of confidence, quite a lot of confidence, not very much confidence or none at all?"
EGY,Q81,posrecip,single_choice_4,1,A great deal,115,931,1200,0.12352309344790548,-1,"How much confidence do you have in charitable or humanitarian organizations: a great deal of confidence, quite a lot of confidence, not very much confidence or none at all?"
EGY,Q81,posrecip,single_choice_4,2,Quite a lot,413,931,1200,0.44360902255639095,-1,"How much confidence do you have in charitable or humanitarian organizations: a great deal of confidence, quite a lot of confidence, not very much confidence or none at all?"
EGY,Q81,posrecip,single_choice_4,3,Not very much,218,931,1200,0.23415682062298604,-1,"How much confidence do you have in charitable or humanitarian organizations: a great deal of confidence, quite a lot of confidence, not very much confidence or none at all?"
EGY,Q81,posrecip,single_choice_4,4,None at all,185,931,1200,0.19871106337271752,-1,"How much confidence do you have in charitable or humanitarian organizations: a great deal of confidence, quite a lot of confidence, not very much confidence or none at all?"
EGY,Q99,altruism,single_choice_3,2,Active member,2,1199,1200,0.0016680567139282735,1,"Are you an active member, an inactive member, or not a member of an environmental organization?"
EGY,Q99,altruism,single_choice_3,1,Inactive member,4,1199,1200,0.003336113427856547,1,"Are you an active member, an inactive member, or not a member of an environmental organization?"
EGY,Q99,altruism,single_choice_3,0,Don't belong,1193,1199,1200,0.9949958298582152,1,"Are you an active member, an inactive member, or not a member of an environmental organization?"
EGY,Q101,altruism,single_choice_3,2,Active member,22,1199,1200,0.01834862385321101,1,"Are you an active member, an inactive member, or not a member of humanitarian or a charitable organization?"
EGY,Q101,altruism,single_choice_3,1,Inactive member,42,1199,1200,0.03502919099249374,1,"Are you an active member, an inactive member, or not a member of humanitarian or a charitable organization?"
EGY,Q101,altruism,single_choice_3,0,Don't belong,1135,1199,1200,0.9466221851542952,1,"Are you an active member, an inactive member, or not a member of humanitarian or a charitable organization?"
EGY,Q103,altruism,single_choice_3,2,Active member,3,1199,1200,0.0025020850708924102,1,"Are you an active member, an inactive member, or not a member of a self-help group or a mutual aid group?"
EGY,Q103,altruism,single_choice_3,1,Inactive member,1,1199,1200,0.0008340283569641367,1,"Are you an active member, an inactive member, or not a member of a self-help group or a mutual aid group?"
EGY,Q103,altruism,single_choice_3,0,Don't belong,1195,1199,1200,0.9966638865721434,1,"Are you an active member, an inactive member, or not a member of a self-help group or a mutual aid group?"
EGY,Q106,risktaking,scale_1_10,1,nan,80,1192,1200,0.06711409395973154,1,"How would you place your views on this scale? 1 means you agree completely with statement A; 10 means you agree completely with statement B; and if your views fall somewhere in between, you can choose any number in between. Statement A: Incomes should be made more equal; Statement B: there should be greater incentives for individual effort?"
EGY,Q106,risktaking,scale_1_10,2,,45,1192,1200,0.037751677852348994,1,"How would you place your views on this scale? 1 means you agree completely with statement A; 10 means you agree completely with statement B; and if your views fall somewhere in between, you can choose any number in between. Statement A: Incomes should be made more equal; Statement B: there should be greater incentives for individual effort?"
EGY,Q106,risktaking,scale_1_10,3,,132,1192,1200,0.11073825503355705,1,"How would you place your views on this scale? 1 means you agree completely with statement A; 10 means you agree completely with statement B; and if your views fall somewhere in between, you can choose any number in between. Statement A: Incomes should be made more equal; Statement B: there should be greater incentives for individual effort?"
EGY,Q106,risktaking,scale_1_10,4,,65,1192,1200,0.05453020134228188,1,"How would you place your views on this scale? 1 means you agree completely with statement A; 10 means you agree completely with statement B; and if your views fall somewhere in between, you can choose any number in between. Statement A: Incomes should be made more equal; Statement B: there should be greater incentives for individual effort?"
EGY,Q106,risktaking,scale_1_10,5,,98,1192,1200,0.08221476510067115,1,"How would you place your views on this scale? 1 means you agree completely with statement A; 10 means you agree completely with statement B; and if your views fall somewhere in between, you can choose any number in between. Statement A: Incomes should be made more equal; Statement B: there should be greater incentives for individual effort?"
EGY,Q106,risktaking,scale_1_10,6,,58,1192,1200,0.04865771812080537,1,"How would you place your views on this scale? 1 means you agree completely with statement A; 10 means you agree completely with statement B; and if your views fall somewhere in between, you can choose any number in between. Statement A: Incomes should be made more equal; Statement B: there should be greater incentives for individual effort?"
EGY,Q106,risktaking,scale_1_10,7,,121,1192,1200,0.10151006711409397,1,"How would you place your views on this scale? 1 means you agree completely with statement A; 10 means you agree completely with statement B; and if your views fall somewhere in between, you can choose any number in between. Statement A: Incomes should be made more equal; Statement B: there should be greater incentives for individual effort?"
EGY,Q106,risktaking,scale_1_10,8,,153,1192,1200,0.12835570469798657,1,"How would you place your views on this scale? 1 means you agree completely with statement A; 10 means you agree completely with statement B; and if your views fall somewhere in between, you can choose any number in between. Statement A: Incomes should be made more equal; Statement B: there should be greater incentives for individual effort?"
EGY,Q106,risktaking,scale_1_10,9,,95,1192,1200,0.0796979865771812,1,"How would you place your views on this scale? 1 means you agree completely with statement A; 10 means you agree completely with statement B; and if your views fall somewhere in between, you can choose any number in between. Statement A: Incomes should be made more equal; Statement B: there should be greater incentives for individual effort?"
EGY,Q106,risktaking,scale_1_10,10,,345,1192,1200,0.28942953020134227,1,"How would you place your views on this scale? 1 means you agree completely with statement A; 10 means you agree completely with statement B; and if your views fall somewhere in between, you can choose any number in between. Statement A: Incomes should be made more equal; Statement B: there should be greater incentives for individual effort?"
EGY,Q107,risktaking,scale_1_10,1,nan,73,1140,1200,0.06403508771929825,1,"How would you place your views on this scale? 1 means you agree completely with statement A; 10 means you agree completely with statement B; and if your views fall somewhere in between, you can choose any number in between. Statement A: Private ownership of business and industry should be increased; Statement B: Government ownership of business and industry should be increased?"
EGY,Q107,risktaking,scale_1_10,2,,95,1140,1200,0.08333333333333333,1,"How would you place your views on this scale? 1 means you agree completely with statement A; 10 means you agree completely with statement B; and if your views fall somewhere in between, you can choose any number in between. Statement A: Private ownership of business and industry should be increased; Statement B: Government ownership of business and industry should be increased?"
EGY,Q107,risktaking,scale_1_10,3,,122,1140,1200,0.10701754385964912,1,"How would you place your views on this scale? 1 means you agree completely with statement A; 10 means you agree completely with statement B; and if your views fall somewhere in between, you can choose any number in between. Statement A: Private ownership of business and industry should be increased; Statement B: Government ownership of business and industry should be increased?"
EGY,Q107,risktaking,scale_1_10,4,,54,1140,1200,0.04736842105263158,1,"How would you place your views on this scale? 1 means you agree completely with statement A; 10 means you agree completely with statement B; and if your views fall somewhere in between, you can choose any number in between. Statement A: Private ownership of business and industry should be increased; Statement B: Government ownership of business and industry should be increased?"
EGY,Q107,risktaking,scale_1_10,5,,114,1140,1200,0.1,1,"How would you place your views on this scale? 1 means you agree completely with statement A; 10 means you agree completely with statement B; and if your views fall somewhere in between, you can choose any number in between. Statement A: Private ownership of business and industry should be increased; Statement B: Government ownership of business and industry should be increased?"
EGY,Q107,risktaking,scale_1_10,6,,68,1140,1200,0.05964912280701754,1,"How would you place your views on this scale? 1 means you agree completely with statement A; 10 means you agree completely with statement B; and if your views fall somewhere in between, you can choose any number in between. Statement A: Private ownership of business and industry should be increased; Statement B: Government ownership of business and industry should be increased?"
EGY,Q107,risktaking,scale_1_10,7,,114,1140,1200,0.1,1,"How would you place your views on this scale? 1 means you agree completely with statement A; 10 means you agree completely with statement B; and if your views fall somewhere in between, you can choose any number in between. Statement A: Private ownership of business and industry should be increased; Statement B: Government ownership of business and industry should be increased?"
EGY,Q107,risktaking,scale_1_10,8,,119,1140,1200,0.10438596491228071,1,"How would you place your views on this scale? 1 means you agree completely with statement A; 10 means you agree completely with statement B; and if your views fall somewhere in between, you can choose any number in between. Statement A: Private ownership of business and industry should be increased; Statement B: Government ownership of business and industry should be increased?"
EGY,Q107,risktaking,scale_1_10,9,,82,1140,1200,0.07192982456140351,1,"How would you place your views on this scale? 1 means you agree completely with statement A; 10 means you agree completely with statement B; and if your views fall somewhere in between, you can choose any number in between. Statement A: Private ownership of business and industry should be increased; Statement B: Government ownership of business and industry should be increased?"
EGY,Q107,risktaking,scale_1_10,10,,299,1140,1200,0.26228070175438595,1,"How would you place your views on this scale? 1 means you agree completely with statement A; 10 means you agree completely with statement B; and if your views fall somewhere in between, you can choose any number in between. Statement A: Private ownership of business and industry should be increased; Statement B: Government ownership of business and industry should be increased?"
EGY,Q109,risktaking,scale_1_10,1,nan,496,1138,1200,0.4358523725834798,-1,"How would you place your views on this scale? 1 means you agree completely with statement A; 10 means you agree completely with statement B; and if your views fall somewhere in between, you can choose any number in between. Statement A: Competition is good; Statement B:  Competition is harmful?"
EGY,Q109,risktaking,scale_1_10,2,,202,1138,1200,0.17750439367311072,-1,"How would you place your views on this scale? 1 means you agree completely with statement A; 10 means you agree completely with statement B; and if your views fall somewhere in between, you can choose any number in between. Statement A: Competition is good; Statement B:  Competition is harmful?"
EGY,Q109,risktaking,scale_1_10,3,,138,1138,1200,0.12126537785588752,-1,"How would you place your views on this scale? 1 means you agree completely with statement A; 10 means you agree completely with statement B; and if your views fall somewhere in between, you can choose any number in between. Statement A: Competition is good; Statement B:  Competition is harmful?"
EGY,Q109,risktaking,scale_1_10,4,,96,1138,1200,0.0843585237258348,-1,"How would you place your views on this scale? 1 means you agree completely with statement A; 10 means you agree completely with statement B; and if your views fall somewhere in between, you can choose any number in between. Statement A: Competition is good; Statement B:  Competition is harmful?"
EGY,Q109,risktaking,scale_1_10,5,,116,1138,1200,0.10193321616871705,-1,"How would you place your views on this scale? 1 means you agree completely with statement A; 10 means you agree completely with statement B; and if your views fall somewhere in between, you can choose any number in between. Statement A: Competition is good; Statement B:  Competition is harmful?"
EGY,Q109,risktaking,scale_1_10,6,,26,1138,1200,0.022847100175746926,-1,"How would you place your views on this scale? 1 means you agree completely with statement A; 10 means you agree completely with statement B; and if your views fall somewhere in between, you can choose any number in between. Statement A: Competition is good; Statement B:  Competition is harmful?"
EGY,Q109,risktaking,scale_1_10,7,,29,1138,1200,0.025483304042179262,-1,"How would you place your views on this scale? 1 means you agree completely with statement A; 10 means you agree completely with statement B; and if your views fall somewhere in between, you can choose any number in between. Statement A: Competition is good; Statement B:  Competition is harmful?"
EGY,Q109,risktaking,scale_1_10,8,,15,1138,1200,0.013181019332161687,-1,"How would you place your views on this scale? 1 means you agree completely with statement A; 10 means you agree completely with statement B; and if your views fall somewhere in between, you can choose any number in between. Statement A: Competition is good; Statement B:  Competition is harmful?"
EGY,Q109,risktaking,scale_1_10,9,,5,1138,1200,0.004393673110720563,-1,"How would you place your views on this scale? 1 means you agree completely with statement A; 10 means you agree completely with statement B; and if your views fall somewhere in between, you can choose any number in between. Statement A: Competition is good; Statement B:  Competition is harmful?"
EGY,Q109,risktaking,scale_1_10,10,,15,1138,1200,0.013181019332161687,-1,"How would you place your views on this scale? 1 means you agree completely with statement A; 10 means you agree completely with statement B; and if your views fall somewhere in between, you can choose any number in between. Statement A: Competition is good; Statement B:  Competition is harmful?"
EGY,Q174,posrecip,single_choice_2,1,To follow religious norms and ceremonies,586,1157,1200,0.5064822817631807,1,Which of the following statements do you agree with most: The basic meaning of religion is to follow religious norms and ceremonies; The basic meaning of religion is to do good to other people?
EGY,Q174,posrecip,single_choice_2,2,To do good to other people / To make sense of life after death,571,1157,1200,0.49351771823681934,1,Which of the following statements do you agree with most: The basic meaning of religion is to follow religious norms and ceremonies; The basic meaning of religion is to do good to other people?
EGY,Q176,negrecip,scale_1_10,1,Completely agree,218,1124,1200,0.19395017793594305,1,"On a 10-point scale, how much do you agree or disagree that nowadays one often has trouble deciding which moral rules are the right ones to follow?"
EGY,Q176,negrecip,scale_1_10,2,2,92,1124,1200,0.08185053380782918,1,"On a 10-point scale, how much do you agree or disagree that nowadays one often has trouble deciding which moral rules are the right ones to follow?"
EGY,Q176,negrecip,scale_1_10,3,3,143,1124,1200,0.12722419928825623,1,"On a 10-point scale, how much do you agree or disagree that nowadays one often has trouble deciding which moral rules are the right ones to follow?"
EGY,Q176,negrecip,scale_1_10,4,4,119,1124,1200,0.10587188612099645,1,"On a 10-point scale, how much do you agree or disagree that nowadays one often has trouble deciding which moral rules are the right ones to follow?"
EGY,Q176,negrecip,scale_1_10,5,5,134,1124,1200,0.11921708185053381,1,"On a 10-point scale, how much do you agree or disagree that nowadays one often has trouble deciding which moral rules are the right ones to follow?"
EGY,Q176,negrecip,scale_1_10,6,6,110,1124,1200,0.09786476868327403,1,"On a 10-point scale, how much do you agree or disagree that nowadays one often has trouble deciding which moral rules are the right ones to follow?"
EGY,Q176,negrecip,scale_1_10,7,7,128,1124,1200,0.11387900355871886,1,"On a 10-point scale, how much do you agree or disagree that nowadays one often has trouble deciding which moral rules are the right ones to follow?"
EGY,Q176,negrecip,scale_1_10,8,8,79,1124,1200,0.07028469750889679,1,"On a 10-point scale, how much do you agree or disagree that nowadays one often has trouble deciding which moral rules are the right ones to follow?"
EGY,Q176,negrecip,scale_1_10,9,9,33,1124,1200,0.029359430604982206,1,"On a 10-point scale, how much do you agree or disagree that nowadays one often has trouble deciding which moral rules are the right ones to follow?"
EGY,Q176,negrecip,scale_1_10,10,Completely disagree,68,1124,1200,0.060498220640569395,1,"On a 10-point scale, how much do you agree or disagree that nowadays one often has trouble deciding which moral rules are the right ones to follow?"
EGY,Q177,negrecip,scale_1_10,1,Never justifiable,805,1143,1200,0.7042869641294838,-1,"Do you think claiming government benefits to which you are not entitled can always be justified, never be justified, or something in between? Answer on a 10-point scale."
EGY,Q177,negrecip,scale_1_10,2,2,109,1143,1200,0.09536307961504811,-1,"Do you think claiming government benefits to which you are not entitled can always be justified, never be justified, or something in between? Answer on a 10-point scale."
EGY,Q177,negrecip,scale_1_10,3,3,99,1143,1200,0.08661417322834646,-1,"Do you think claiming government benefits to which you are not entitled can always be justified, never be justified, or something in between? Answer on a 10-point scale."
EGY,Q177,negrecip,scale_1_10,4,4,46,1143,1200,0.04024496937882765,-1,"Do you think claiming government benefits to which you are not entitled can always be justified, never be justified, or something in between? Answer on a 10-point scale."
EGY,Q177,negrecip,scale_1_10,5,5,35,1143,1200,0.03062117235345582,-1,"Do you think claiming government benefits to which you are not entitled can always be justified, never be justified, or something in between? Answer on a 10-point scale."
EGY,Q177,negrecip,scale_1_10,6,6,16,1143,1200,0.01399825021872266,-1,"Do you think claiming government benefits to which you are not entitled can always be justified, never be justified, or something in between? Answer on a 10-point scale."
EGY,Q177,negrecip,scale_1_10,7,7,14,1143,1200,0.012248468941382326,-1,"Do you think claiming government benefits to which you are not entitled can always be justified, never be justified, or something in between? Answer on a 10-point scale."
EGY,Q177,negrecip,scale_1_10,8,8,7,1143,1200,0.006124234470691163,-1,"Do you think claiming government benefits to which you are not entitled can always be justified, never be justified, or something in between? Answer on a 10-point scale."
EGY,Q177,negrecip,scale_1_10,9,9,4,1143,1200,0.003499562554680665,-1,"Do you think claiming government benefits to which you are not entitled can always be justified, never be justified, or something in between? Answer on a 10-point scale."
EGY,Q177,negrecip,scale_1_10,10,Always justifiable,8,1143,1200,0.00699912510936133,-1,"Do you think claiming government benefits to which you are not entitled can always be justified, never be justified, or something in between? Answer on a 10-point scale."
EGY,Q178,risktaking,scale_1_10,1,Never justifiable,884,1188,1200,0.7441077441077442,-1,"Do you think avoiding a fare on public transport can always be justified, never be justified, or something in between? Answer on a 10-point scale."
EGY,Q178,risktaking,scale_1_10,2,2,121,1188,1200,0.10185185185185185,-1,"Do you think avoiding a fare on public transport can always be justified, never be justified, or something in between? Answer on a 10-point scale."
EGY,Q178,risktaking,scale_1_10,3,3,75,1188,1200,0.06313131313131314,-1,"Do you think avoiding a fare on public transport can always be justified, never be justified, or something in between? Answer on a 10-point scale."
EGY,Q178,risktaking,scale_1_10,4,4,45,1188,1200,0.03787878787878788,-1,"Do you think avoiding a fare on public transport can always be justified, never be justified, or something in between? Answer on a 10-point scale."
EGY,Q178,risktaking,scale_1_10,5,5,39,1188,1200,0.03282828282828283,-1,"Do you think avoiding a fare on public transport can always be justified, never be justified, or something in between? Answer on a 10-point scale."
EGY,Q178,risktaking,scale_1_10,6,6,13,1188,1200,0.010942760942760943,-1,"Do you think avoiding a fare on public transport can always be justified, never be justified, or something in between? Answer on a 10-point scale."
EGY,Q178,risktaking,scale_1_10,7,7,6,1188,1200,0.005050505050505051,-1,"Do you think avoiding a fare on public transport can always be justified, never be justified, or something in between? Answer on a 10-point scale."
EGY,Q178,risktaking,scale_1_10,8,8,1,1188,1200,0.0008417508417508417,-1,"Do you think avoiding a fare on public transport can always be justified, never be justified, or something in between? Answer on a 10-point scale."
EGY,Q178,risktaking,scale_1_10,9,9,2,1188,1200,0.0016835016835016834,-1,"Do you think avoiding a fare on public transport can always be justified, never be justified, or something in between? Answer on a 10-point scale."
EGY,Q178,risktaking,scale_1_10,10,Always justifiable,2,1188,1200,0.0016835016835016834,-1,"Do you think avoiding a fare on public transport can always be justified, never be justified, or something in between? Answer on a 10-point scale."
EGY,Q179,negrecip,scale_1_10,1,Never justifiable,1141,1195,1200,0.9548117154811715,-1,"Do you think stealing property can always be justified, never be justified, or something in between? Answer on a 10-point scale."
EGY,Q179,negrecip,scale_1_10,2,2,40,1195,1200,0.03347280334728033,-1,"Do you think stealing property can always be justified, never be justified, or something in between? Answer on a 10-point scale."
EGY,Q179,negrecip,scale_1_10,3,3,8,1195,1200,0.0066945606694560665,-1,"Do you think stealing property can always be justified, never be justified, or something in between? Answer on a 10-point scale."
EGY,Q179,negrecip,scale_1_10,4,4,4,1195,1200,0.0033472803347280333,-1,"Do you think stealing property can always be justified, never be justified, or something in between? Answer on a 10-point scale."
EGY,Q179,negrecip,scale_1_10,5,5,0,1195,1200,0.0,-1,"Do you think stealing property can always be justified, never be justified, or something in between? Answer on a 10-point scale."
EGY,Q179,negrecip,scale_1_10,6,6,1,1195,1200,0.0008368200836820083,-1,"Do you think stealing property can always be justified, never be justified, or something in between? Answer on a 10-point scale."
EGY,Q179,negrecip,scale_1_10,7,7,1,1195,1200,0.0008368200836820083,-1,"Do you think stealing property can always be justified, never be justified, or something in between? Answer on a 10-point scale."
EGY,Q179,negrecip,scale_1_10,8,8,0,1195,1200,0.0,-1,"Do you think stealing property can always be justified, never be justified, or something in between? Answer on a 10-point scale."
EGY,Q179,negrecip,scale_1_10,9,9,0,1195,1200,0.0,-1,"Do you think stealing property can always be justified, never be justified, or something in between? Answer on a 10-point scale."
EGY,Q179,negrecip,scale_1_10,10,Always justifiable,0,1195,1200,0.0,-1,"Do you think stealing property can always be justified, never be justified, or something in between? Answer on a 10-point scale."
EGY,Q195,negrecip,scale_1_10,1,Never justifiable,163,1162,1200,0.14027538726333907,1,"Do you think death penalty can always be justified, never be justified, or something in between? Answer on a 10-point scale."
EGY,Q195,negrecip,scale_1_10,2,2,14,1162,1200,0.012048192771084338,1,"Do you think death penalty can always be justified, never be justified, or something in between? Answer on a 10-point scale."
EGY,Q195,negrecip,scale_1_10,3,3,13,1162,1200,0.011187607573149742,1,"Do you think death penalty can always be justified, never be justified, or something in between? Answer on a 10-point scale."
EGY,Q195,negrecip,scale_1_10,4,4,28,1162,1200,0.024096385542168676,1,"Do you think death penalty can always be justified, never be justified, or something in between? Answer on a 10-point scale."
EGY,Q195,negrecip,scale_1_10,5,5,167,1162,1200,0.14371772805507746,1,"Do you think death penalty can always be justified, never be justified, or something in between? Answer on a 10-point scale."
EGY,Q195,negrecip,scale_1_10,6,6,119,1162,1200,0.10240963855421686,1,"Do you think death penalty can always be justified, never be justified, or something in between? Answer on a 10-point scale."
EGY,Q195,negrecip,scale_1_10,7,7,147,1162,1200,0.12650602409638553,1,"Do you think death penalty can always be justified, never be justified, or something in between? Answer on a 10-point scale."
EGY,Q195,negrecip,scale_1_10,8,8,122,1162,1200,0.10499139414802065,1,"Do you think death penalty can always be justified, never be justified, or something in between? Answer on a 10-point scale."
EGY,Q195,negrecip,scale_1_10,9,9,72,1162,1200,0.06196213425129088,1,"Do you think death penalty can always be justified, never be justified, or something in between? Answer on a 10-point scale."
EGY,Q195,negrecip,scale_1_10,10,Always justifiable,317,1162,1200,0.2728055077452668,1,"Do you think death penalty can always be justified, never be justified, or something in between? Answer on a 10-point scale."
IND,Q12,posrecip,multiple_response_max_5,1,Yes,753,1692,1692,0.4450354609929078,1,Is tolerance and respect for other people one of the qualities children should be encouraged to learn at home?
IND,Q12,posrecip,multiple_response_max_5,2,No,939,1692,1692,0.5549645390070922,1,Is tolerance and respect for other people one of the qualities children should be encouraged to learn at home?
IND,Q13,patience,multiple_response_max_5,1,Yes,519,1692,1692,0.3067375886524823,1,"Is thrift, saving money and things one of the qualities children should be encouraged to learn at home?"
IND,Q13,patience,multiple_response_max_5,2,No,1173,1692,1692,0.6932624113475178,1,"Is thrift, saving money and things one of the qualities children should be encouraged to learn at home?"
IND,Q14,patience,multiple_response_max_5,1,Yes,497,1692,1692,0.2937352245862884,1,"Is determination, perseverance one of the qualities children should be encouraged to learn at home?"
IND,Q14,patience,multiple_response_max_5,2,No,1195,1692,1692,0.7062647754137116,1,"Is determination, perseverance one of the qualities children should be encouraged to learn at home?"
IND,Q43,patience,single_choice_3,1,Good thing,504,1671,1692,0.3016157989228007,-1,"If this change were to happen, would it be a good thing, a bad thing, or would you not mind: less importance placed on work in our lives?"
IND,Q43,patience,single_choice_3,2,Don't mind,216,1671,1692,0.12926391382405744,-1,"If this change were to happen, would it be a good thing, a bad thing, or would you not mind: less importance placed on work in our lives?"
IND,Q43,patience,single_choice_3,3,Bad thing,951,1671,1692,0.5691202872531418,-1,"If this change were to happen, would it be a good thing, a bad thing, or would you not mind: less importance placed on work in our lives?"
IND,Q50,patience,scale_1_10,1,Completely dissatisfied,93,1684,1692,0.05522565320665083,1,How satisfied are you with the financial situation of your household on a scale from 1 to 10?
IND,Q50,patience,scale_1_10,2,2,60,1684,1692,0.035629453681710214,1,How satisfied are you with the financial situation of your household on a scale from 1 to 10?
IND,Q50,patience,scale_1_10,3,3,94,1684,1692,0.055819477434679333,1,How satisfied are you with the financial situation of your household on a scale from 1 to 10?
IND,Q50,patience,scale_1_10,4,4,124,1684,1692,0.07363420427553444,1,How satisfied are you with the financial situation of your household on a scale from 1 to 10?
IND,Q50,patience,scale_1_10,5,5,194,1684,1692,0.11520190023752969,1,How satisfied are you with the financial situation of your household on a scale from 1 to 10?
IND,Q50,patience,scale_1_10,6,6,208,1684,1692,0.12351543942992874,1,How satisfied are you with the financial situation of your household on a scale from 1 to 10?
IND,Q50,patience,scale_1_10,7,7,249,1684,1692,0.14786223277909738,1,How satisfied are you with the financial situation of your household on a scale from 1 to 10?
IND,Q50,patience,scale_1_10,8,8,264,1684,1692,0.15676959619952494,1,How satisfied are you with the financial situation of your household on a scale from 1 to 10?
IND,Q50,patience,scale_1_10,9,9,156,1684,1692,0.09263657957244656,1,How satisfied are you with the financial situation of your household on a scale from 1 to 10?
IND,Q50,patience,scale_1_10,10,Completely satisfied,242,1684,1692,0.14370546318289787,1,How satisfied are you with the financial situation of your household on a scale from 1 to 10?
IND,Q57,trust,single_choice_2,1,Most people can be trusted,295,1668,1692,0.17685851318944845,-1,"Generally speaking, would you say that most people can be trusted or that you need to be very careful in dealing with people?"
IND,Q57,trust,single_choice_2,2,Need to be very careful,1373,1668,1692,0.8231414868105515,-1,"Generally speaking, would you say that most people can be trusted or that you need to be very careful in dealing with people?"
IND,Q58,trust,single_choice_4,1,Trust completely,1490,1691,1692,0.8811354228267297,-1,"How much do you trust your family: completely, somewhat, not very much or not at all?"
IND,Q58,trust,single_choice_4,2,Trust somewhat,136,1691,1692,0.08042578356002365,-1,"How much do you trust your family: completely, somewhat, not very much or not at all?"
IND,Q58,trust,single_choice_4,3,Do not trust very much,48,1691,1692,0.028385570668243643,-1,"How much do you trust your family: completely, somewhat, not very much or not at all?"
IND,Q58,trust,single_choice_4,4,Do not trust at all,17,1691,1692,0.010053222945002957,-1,"How much do you trust your family: completely, somewhat, not very much or not at all?"
IND,Q59,trust,single_choice_4,1,Trust completely,536,1691,1692,0.3169722057953873,-1,"How much do you trust your neighborhood: completely, somewhat, not very much or not at all?"
IND,Q59,trust,single_choice_4,2,Trust somewhat,819,1691,1692,0.48432879952690716,-1,"How much do you trust your neighborhood: completely, somewhat, not very much or not at all?"
IND,Q59,trust,single_choice_4,3,Do not trust very much,210,1691,1692,0.12418687167356594,-1,"How much do you trust your neighborhood: completely, somewhat, not very much or not at all?"
IND,Q59,trust,single_choice_4,4,Do not trust at all,126,1691,1692,0.07451212300413956,-1,"How much do you trust your neighborhood: completely, somewhat, not very much or not at all?"
IND,Q60,trust,single_choice_4,1,Trust completely,538,1683,1692,0.3196672608437314,-1,"How much do you trust people you know personally: completely, somewhat, not very much or not at all?"
IND,Q60,trust,single_choice_4,2,Trust somewhat,753,1683,1692,0.4474153297682709,-1,"How much do you trust people you know personally: completely, somewhat, not very much or not at all?"
IND,Q60,trust,single_choice_4,3,Do not trust very much,309,1683,1692,0.1836007130124777,-1,"How much do you trust people you know personally: completely, somewhat, not very much or not at all?"
IND,Q60,trust,single_choice_4,4,Do not trust at all,83,1683,1692,0.04931669637551991,-1,"How much do you trust people you know personally: completely, somewhat, not very much or not at all?"
IND,Q61,trust,single_choice_4,1,Trust completely,162,1669,1692,0.09706411024565609,-1,"How much do you trust people you meet for the first time: completely, somewhat, not very much or not at all?"
IND,Q61,trust,single_choice_4,2,Trust somewhat,401,1669,1692,0.2402636309167166,-1,"How much do you trust people you meet for the first time: completely, somewhat, not very much or not at all?"
IND,Q61,trust,single_choice_4,3,Do not trust very much,567,1669,1692,0.3397243858597963,-1,"How much do you trust people you meet for the first time: completely, somewhat, not very much or not at all?"
IND,Q61,trust,single_choice_4,4,Do not trust at all,539,1669,1692,0.32294787297783106,-1,"How much do you trust people you meet for the first time: completely, somewhat, not very much or not at all?"
IND,Q62,trust,single_choice_4,1,Trust completely,263,1659,1692,0.15852923447860157,-1,"How much do you trust people of another religion: completely, somewhat, not very much or not at all?"
IND,Q62,trust,single_choice_4,2,Trust somewhat,700,1659,1692,0.4219409282700422,-1,"How much do you trust people of another religion: completely, somewhat, not very much or not at all?"
IND,Q62,trust,single_choice_4,3,Do not trust very much,404,1659,1692,0.2435201928872815,-1,"How much do you trust people of another religion: completely, somewhat, not very much or not at all?"
IND,Q62,trust,single_choice_4,4,Do not trust at all,292,1659,1692,0.17600964436407474,-1,"How much do you trust people of another religion: completely, somewhat, not very much or not at all?"
IND,Q63,trust,single_choice_4,1,Trust completely,159,1548,1692,0.10271317829457365,-1,"How much do you trust people of another nationality:  completely, somewhat, not very much or not at all?"
IND,Q63,trust,single_choice_4,2,Trust somewhat,424,1548,1692,0.2739018087855297,-1,"How much do you trust people of another nationality:  completely, somewhat, not very much or not at all?"
IND,Q63,trust,single_choice_4,3,Do not trust very much,479,1548,1692,0.3094315245478036,-1,"How much do you trust people of another nationality:  completely, somewhat, not very much or not at all?"
IND,Q63,trust,single_choice_4,4,Do not trust at all,486,1548,1692,0.313953488372093,-1,"How much do you trust people of another nationality:  completely, somewhat, not very much or not at all?"
IND,Q64,trust,single_choice_4,1,A great deal,1192,1683,1692,0.7082590612002376,-1,"How much confidence do you have in the churches: a great deal of confidence, quite a lot of confidence, not very much confidence or none at all?"
IND,Q64,trust,single_choice_4,2,Quite a lot,306,1683,1692,0.18181818181818182,-1,"How much confidence do you have in the churches: a great deal of confidence, quite a lot of confidence, not very much confidence or none at all?"
IND,Q64,trust,single_choice_4,3,Not very much,114,1683,1692,0.0677361853832442,-1,"How much confidence do you have in the churches: a great deal of confidence, quite a lot of confidence, not very much confidence or none at all?"
IND,Q64,trust,single_choice_4,4,None at all,71,1683,1692,0.0421865715983363,-1,"How much confidence do you have in the churches: a great deal of confidence, quite a lot of confidence, not very much confidence or none at all?"
IND,Q69,trust,single_choice_4,1,A great deal,582,1681,1692,0.34622248661511007,-1,"How much confidence do you have in the police: a great deal of confidence, quite a lot of confidence, not very much confidence or none at all?"
IND,Q69,trust,single_choice_4,2,Quite a lot,539,1681,1692,0.3206424747174301,-1,"How much confidence do you have in the police: a great deal of confidence, quite a lot of confidence, not very much confidence or none at all?"
IND,Q69,trust,single_choice_4,3,Not very much,341,1681,1692,0.20285544318857823,-1,"How much confidence do you have in the police: a great deal of confidence, quite a lot of confidence, not very much confidence or none at all?"
IND,Q69,trust,single_choice_4,4,None at all,219,1681,1692,0.13027959547888163,-1,"How much confidence do you have in the police: a great deal of confidence, quite a lot of confidence, not very much confidence or none at all?"
IND,Q70,trust,single_choice_4,1,A great deal,677,1662,1692,0.4073405535499398,-1,"How much confidence do you have in the courts: a great deal of confidence, quite a lot of confidence, not very much confidence or none at all?"
IND,Q70,trust,single_choice_4,2,Quite a lot,572,1662,1692,0.34416365824308065,-1,"How much confidence do you have in the courts: a great deal of confidence, quite a lot of confidence, not very much confidence or none at all?"
IND,Q70,trust,single_choice_4,3,Not very much,258,1662,1692,0.1552346570397112,-1,"How much confidence do you have in the courts: a great deal of confidence, quite a lot of confidence, not very much confidence or none at all?"
IND,Q70,trust,single_choice_4,4,None at all,155,1662,1692,0.09326113116726835,-1,"How much confidence do you have in the courts: a great deal of confidence, quite a lot of confidence, not very much confidence or none at all?"
IND,Q71,trust,single_choice_4,1,A great deal,465,1658,1692,0.2804583835946924,-1,"How much confidence do you have in the government: a great deal of confidence, quite a lot of confidence, not very much confidence or none at all?"
IND,Q71,trust,single_choice_4,2,Quite a lot,616,1658,1692,0.3715319662243667,-1,"How much confidence do you have in the government: a great deal of confidence, quite a lot of confidence, not very much confidence or none at all?"
IND,Q71,trust,single_choice_4,3,Not very much,337,1658,1692,0.20325693606755127,-1,"How much confidence do you have in the government: a great deal of confidence, quite a lot of confidence, not very much confidence or none at all?"
IND,Q71,trust,single_choice_4,4,None at all,240,1658,1692,0.14475271411338964,-1,"How much confidence do you have in the government: a great deal of confidence, quite a lot of confidence, not very much confidence or none at all?"
IND,Q73,trust,single_choice_4,1,A great deal,567,1550,1692,0.3658064516129032,-1,"How much confidence do you have in parliament: a great deal of confidence, quite a lot of confidence, not very much confidence or none at all?"
IND,Q73,trust,single_choice_4,2,Quite a lot,588,1550,1692,0.3793548387096774,-1,"How much confidence do you have in parliament: a great deal of confidence, quite a lot of confidence, not very much confidence or none at all?"
IND,Q73,trust,single_choice_4,3,Not very much,235,1550,1692,0.15161290322580645,-1,"How much confidence do you have in parliament: a great deal of confidence, quite a lot of confidence, not very much confidence or none at all?"
IND,Q73,trust,single_choice_4,4,None at all,160,1550,1692,0.1032258064516129,-1,"How much confidence do you have in parliament: a great deal of confidence, quite a lot of confidence, not very much confidence or none at all?"
IND,Q81,posrecip,single_choice_4,1,A great deal,480,1379,1692,0.34807831762146485,-1,"How much confidence do you have in charitable or humanitarian organizations: a great deal of confidence, quite a lot of confidence, not very much confidence or none at all?"
IND,Q81,posrecip,single_choice_4,2,Quite a lot,551,1379,1692,0.3995649021029732,-1,"How much confidence do you have in charitable or humanitarian organizations: a great deal of confidence, quite a lot of confidence, not very much confidence or none at all?"
IND,Q81,posrecip,single_choice_4,3,Not very much,198,1379,1692,0.14358230601885424,-1,"How much confidence do you have in charitable or humanitarian organizations: a great deal of confidence, quite a lot of confidence, not very much confidence or none at all?"
IND,Q81,posrecip,single_choice_4,4,None at all,150,1379,1692,0.10877447425670776,-1,"How much confidence do you have in charitable or humanitarian organizations: a great deal of confidence, quite a lot of confidence, not very much confidence or none at all?"
IND,Q99,altruism,single_choice_3,2,Active member,185,1591,1692,0.11627906976744186,1,"Are you an active member, an inactive member, or not a member of an environmental organization?"
IND,Q99,altruism,single_choice_3,1,Inactive member,326,1591,1692,0.20490257699560024,1,"Are you an active member, an inactive member, or not a member of an environmental organization?"
IND,Q99,altruism,single_choice_3,0,Don't belong,1080,1591,1692,0.6788183532369579,1,"Are you an active member, an inactive member, or not a member of an environmental organization?"
IND,Q101,altruism,single_choice_3,2,Active member,176,1587,1692,0.11090107120352867,1,"Are you an active member, an inactive member, or not a member of humanitarian or a charitable organization?"
IND,Q101,altruism,single_choice_3,1,Inactive member,322,1587,1692,0.2028985507246377,1,"Are you an active member, an inactive member, or not a member of humanitarian or a charitable organization?"
IND,Q101,altruism,single_choice_3,0,Don't belong,1089,1587,1692,0.6862003780718336,1,"Are you an active member, an inactive member, or not a member of humanitarian or a charitable organization?"
IND,Q103,altruism,single_choice_3,2,Active member,341,1589,1692,0.2146003775959723,1,"Are you an active member, an inactive member, or not a member of a self-help group or a mutual aid group?"
IND,Q103,altruism,single_choice_3,1,Inactive member,300,1589,1692,0.18879798615481436,1,"Are you an active member, an inactive member, or not a member of a self-help group or a mutual aid group?"
IND,Q103,altruism,single_choice_3,0,Don't belong,948,1589,1692,0.5966016362492134,1,"Are you an active member, an inactive member, or not a member of a self-help group or a mutual aid group?"
IND,Q106,risktaking,scale_1_10,1,nan,150,1651,1692,0.09085402786190187,1,"How would you place your views on this scale? 1 means you agree completely with statement A; 10 means you agree completely with statement B; and if your views fall somewhere in between, you can choose any number in between. Statement A: Incomes should be made more equal; Statement B: there should be greater incentives for individual effort?"
IND,Q106,risktaking,scale_1_10,2,,46,1651,1692,0.02786190187764991,1,"How would you place your views on this scale? 1 means you agree completely with statement A; 10 means you agree completely with statement B; and if your views fall somewhere in between, you can choose any number in between. Statement A: Incomes should be made more equal; Statement B: there should be greater incentives for individual effort?"
IND,Q106,risktaking,scale_1_10,3,,65,1651,1692,0.03937007874015748,1,"How would you place your views on this scale? 1 means you agree completely with statement A; 10 means you agree completely with statement B; and if your views fall somewhere in between, you can choose any number in between. Statement A: Incomes should be made more equal; Statement B: there should be greater incentives for individual effort?"
IND,Q106,risktaking,scale_1_10,4,,69,1651,1692,0.041792852816474865,1,"How would you place your views on this scale? 1 means you agree completely with statement A; 10 means you agree completely with statement B; and if your views fall somewhere in between, you can choose any number in between. Statement A: Incomes should be made more equal; Statement B: there should be greater incentives for individual effort?"
IND,Q106,risktaking,scale_1_10,5,,103,1651,1692,0.06238643246517262,1,"How would you place your views on this scale? 1 means you agree completely with statement A; 10 means you agree completely with statement B; and if your views fall somewhere in between, you can choose any number in between. Statement A: Incomes should be made more equal; Statement B: there should be greater incentives for individual effort?"
IND,Q106,risktaking,scale_1_10,6,,129,1651,1692,0.07813446396123562,1,"How would you place your views on this scale? 1 means you agree completely with statement A; 10 means you agree completely with statement B; and if your views fall somewhere in between, you can choose any number in between. Statement A: Incomes should be made more equal; Statement B: there should be greater incentives for individual effort?"
IND,Q106,risktaking,scale_1_10,7,,161,1651,1692,0.09751665657177468,1,"How would you place your views on this scale? 1 means you agree completely with statement A; 10 means you agree completely with statement B; and if your views fall somewhere in between, you can choose any number in between. Statement A: Incomes should be made more equal; Statement B: there should be greater incentives for individual effort?"
IND,Q106,risktaking,scale_1_10,8,,228,1651,1692,0.13809812235009086,1,"How would you place your views on this scale? 1 means you agree completely with statement A; 10 means you agree completely with statement B; and if your views fall somewhere in between, you can choose any number in between. Statement A: Incomes should be made more equal; Statement B: there should be greater incentives for individual effort?"
IND,Q106,risktaking,scale_1_10,9,,175,1651,1692,0.10599636583888553,1,"How would you place your views on this scale? 1 means you agree completely with statement A; 10 means you agree completely with statement B; and if your views fall somewhere in between, you can choose any number in between. Statement A: Incomes should be made more equal; Statement B: there should be greater incentives for individual effort?"
IND,Q106,risktaking,scale_1_10,10,,525,1651,1692,0.31798909751665655,1,"How would you place your views on this scale? 1 means you agree completely with statement A; 10 means you agree completely with statement B; and if your views fall somewhere in between, you can choose any number in between. Statement A: Incomes should be made more equal; Statement B: there should be greater incentives for individual effort?"
IND,Q107,risktaking,scale_1_10,1,nan,187,1649,1692,0.1134020618556701,1,"How would you place your views on this scale? 1 means you agree completely with statement A; 10 means you agree completely with statement B; and if your views fall somewhere in between, you can choose any number in between. Statement A: Private ownership of business and industry should be increased; Statement B: Government ownership of business and industry should be increased?"
IND,Q107,risktaking,scale_1_10,2,,72,1649,1692,0.043662825955124315,1,"How would you place your views on this scale? 1 means you agree completely with statement A; 10 means you agree completely with statement B; and if your views fall somewhere in between, you can choose any number in between. Statement A: Private ownership of business and industry should be increased; Statement B: Government ownership of business and industry should be increased?"
IND,Q107,risktaking,scale_1_10,3,,70,1649,1692,0.04244996967859309,1,"How would you place your views on this scale? 1 means you agree completely with statement A; 10 means you agree completely with statement B; and if your views fall somewhere in between, you can choose any number in between. Statement A: Private ownership of business and industry should be increased; Statement B: Government ownership of business and industry should be increased?"
IND,Q107,risktaking,scale_1_10,4,,102,1649,1692,0.061855670103092786,1,"How would you place your views on this scale? 1 means you agree completely with statement A; 10 means you agree completely with statement B; and if your views fall somewhere in between, you can choose any number in between. Statement A: Private ownership of business and industry should be increased; Statement B: Government ownership of business and industry should be increased?"
IND,Q107,risktaking,scale_1_10,5,,188,1649,1692,0.11400848999393572,1,"How would you place your views on this scale? 1 means you agree completely with statement A; 10 means you agree completely with statement B; and if your views fall somewhere in between, you can choose any number in between. Statement A: Private ownership of business and industry should be increased; Statement B: Government ownership of business and industry should be increased?"
IND,Q107,risktaking,scale_1_10,6,,152,1649,1692,0.09217707701637357,1,"How would you place your views on this scale? 1 means you agree completely with statement A; 10 means you agree completely with statement B; and if your views fall somewhere in between, you can choose any number in between. Statement A: Private ownership of business and industry should be increased; Statement B: Government ownership of business and industry should be increased?"
IND,Q107,risktaking,scale_1_10,7,,151,1649,1692,0.09157064887810794,1,"How would you place your views on this scale? 1 means you agree completely with statement A; 10 means you agree completely with statement B; and if your views fall somewhere in between, you can choose any number in between. Statement A: Private ownership of business and industry should be increased; Statement B: Government ownership of business and industry should be increased?"
IND,Q107,risktaking,scale_1_10,8,,224,1649,1692,0.13583990297149787,1,"How would you place your views on this scale? 1 means you agree completely with statement A; 10 means you agree completely with statement B; and if your views fall somewhere in between, you can choose any number in between. Statement A: Private ownership of business and industry should be increased; Statement B: Government ownership of business and industry should be increased?"
IND,Q107,risktaking,scale_1_10,9,,113,1649,1692,0.06852637962401456,1,"How would you place your views on this scale? 1 means you agree completely with statement A; 10 means you agree completely with statement B; and if your views fall somewhere in between, you can choose any number in between. Statement A: Private ownership of business and industry should be increased; Statement B: Government ownership of business and industry should be increased?"
IND,Q107,risktaking,scale_1_10,10,,390,1649,1692,0.23650697392359005,1,"How would you place your views on this scale? 1 means you agree completely with statement A; 10 means you agree completely with statement B; and if your views fall somewhere in between, you can choose any number in between. Statement A: Private ownership of business and industry should be increased; Statement B: Government ownership of business and industry should be increased?"
IND,Q109,risktaking,scale_1_10,1,nan,333,1612,1692,0.206575682382134,-1,"How would you place your views on this scale? 1 means you agree completely with statement A; 10 means you agree completely with statement B; and if your views fall somewhere in between, you can choose any number in between. Statement A: Competition is good; Statement B:  Competition is harmful?"
IND,Q109,risktaking,scale_1_10,2,,118,1612,1692,0.07320099255583126,-1,"How would you place your views on this scale? 1 means you agree completely with statement A; 10 means you agree completely with statement B; and if your views fall somewhere in between, you can choose any number in between. Statement A: Competition is good; Statement B:  Competition is harmful?"
IND,Q109,risktaking,scale_1_10,3,,117,1612,1692,0.07258064516129033,-1,"How would you place your views on this scale? 1 means you agree completely with statement A; 10 means you agree completely with statement B; and if your views fall somewhere in between, you can choose any number in between. Statement A: Competition is good; Statement B:  Competition is harmful?"
IND,Q109,risktaking,scale_1_10,4,,117,1612,1692,0.07258064516129033,-1,"How would you place your views on this scale? 1 means you agree completely with statement A; 10 means you agree completely with statement B; and if your views fall somewhere in between, you can choose any number in between. Statement A: Competition is good; Statement B:  Competition is harmful?"
IND,Q109,risktaking,scale_1_10,5,,212,1612,1692,0.1315136476426799,-1,"How would you place your views on this scale? 1 means you agree completely with statement A; 10 means you agree completely with statement B; and if your views fall somewhere in between, you can choose any number in between. Statement A: Competition is good; Statement B:  Competition is harmful?"
IND,Q109,risktaking,scale_1_10,6,,171,1612,1692,0.10607940446650124,-1,"How would you place your views on this scale? 1 means you agree completely with statement A; 10 means you agree completely with statement B; and if your views fall somewhere in between, you can choose any number in between. Statement A: Competition is good; Statement B:  Competition is harmful?"
IND,Q109,risktaking,scale_1_10,7,,128,1612,1692,0.0794044665012407,-1,"How would you place your views on this scale? 1 means you agree completely with statement A; 10 means you agree completely with statement B; and if your views fall somewhere in between, you can choose any number in between. Statement A: Competition is good; Statement B:  Competition is harmful?"
IND,Q109,risktaking,scale_1_10,8,,159,1612,1692,0.09863523573200993,-1,"How would you place your views on this scale? 1 means you agree completely with statement A; 10 means you agree completely with statement B; and if your views fall somewhere in between, you can choose any number in between. Statement A: Competition is good; Statement B:  Competition is harmful?"
IND,Q109,risktaking,scale_1_10,9,,82,1612,1692,0.05086848635235732,-1,"How would you place your views on this scale? 1 means you agree completely with statement A; 10 means you agree completely with statement B; and if your views fall somewhere in between, you can choose any number in between. Statement A: Competition is good; Statement B:  Competition is harmful?"
IND,Q109,risktaking,scale_1_10,10,,175,1612,1692,0.10856079404466501,-1,"How would you place your views on this scale? 1 means you agree completely with statement A; 10 means you agree completely with statement B; and if your views fall somewhere in between, you can choose any number in between. Statement A: Competition is good; Statement B:  Competition is harmful?"
IND,Q174,posrecip,single_choice_2,1,To follow religious norms and ceremonies,486,1632,1692,0.2977941176470588,1,Which of the following statements do you agree with most: The basic meaning of religion is to follow religious norms and ceremonies; The basic meaning of religion is to do good to other people?
IND,Q174,posrecip,single_choice_2,2,To do good to other people / To make sense of life after death,1146,1632,1692,0.7022058823529411,1,Which of the following statements do you agree with most: The basic meaning of religion is to follow religious norms and ceremonies; The basic meaning of religion is to do good to other people?
IND,Q176,negrecip,scale_1_10,1,Completely agree,102,1548,1692,0.06589147286821706,1,"On a 10-point scale, how much do you agree or disagree that nowadays one often has trouble deciding which moral rules are the right ones to follow?"
IND,Q176,negrecip,scale_1_10,2,2,45,1548,1692,0.029069767441860465,1,"On a 10-point scale, how much do you agree or disagree that nowadays one often has trouble deciding which moral rules are the right ones to follow?"
IND,Q176,negrecip,scale_1_10,3,3,59,1548,1692,0.03811369509043928,1,"On a 10-point scale, how much do you agree or disagree that nowadays one often has trouble deciding which moral rules are the right ones to follow?"
IND,Q176,negrecip,scale_1_10,4,4,52,1548,1692,0.03359173126614987,1,"On a 10-point scale, how much do you agree or disagree that nowadays one often has trouble deciding which moral rules are the right ones to follow?"
IND,Q176,negrecip,scale_1_10,5,5,153,1548,1692,0.09883720930232558,1,"On a 10-point scale, how much do you agree or disagree that nowadays one often has trouble deciding which moral rules are the right ones to follow?"
IND,Q176,negrecip,scale_1_10,6,6,162,1548,1692,0.10465116279069768,1,"On a 10-point scale, how much do you agree or disagree that nowadays one often has trouble deciding which moral rules are the right ones to follow?"
IND,Q176,negrecip,scale_1_10,7,7,206,1548,1692,0.1330749354005168,1,"On a 10-point scale, how much do you agree or disagree that nowadays one often has trouble deciding which moral rules are the right ones to follow?"
IND,Q176,negrecip,scale_1_10,8,8,272,1548,1692,0.17571059431524547,1,"On a 10-point scale, how much do you agree or disagree that nowadays one often has trouble deciding which moral rules are the right ones to follow?"
IND,Q176,negrecip,scale_1_10,9,9,138,1548,1692,0.08914728682170543,1,"On a 10-point scale, how much do you agree or disagree that nowadays one often has trouble deciding which moral rules are the right ones to follow?"
IND,Q176,negrecip,scale_1_10,10,Completely disagree,359,1548,1692,0.23191214470284238,1,"On a 10-point scale, how much do you agree or disagree that nowadays one often has trouble deciding which moral rules are the right ones to follow?"
IND,Q177,negrecip,scale_1_10,1,Never justifiable,887,1651,1692,0.5372501514233797,-1,"Do you think claiming government benefits to which you are not entitled can always be justified, never be justified, or something in between? Answer on a 10-point scale."
IND,Q177,negrecip,scale_1_10,2,2,198,1651,1692,0.11992731677771049,-1,"Do you think claiming government benefits to which you are not entitled can always be justified, never be justified, or something in between? Answer on a 10-point scale."
IND,Q177,negrecip,scale_1_10,3,3,147,1651,1692,0.08903694730466384,-1,"Do you think claiming government benefits to which you are not entitled can always be justified, never be justified, or something in between? Answer on a 10-point scale."
IND,Q177,negrecip,scale_1_10,4,4,92,1651,1692,0.05572380375529982,-1,"Do you think claiming government benefits to which you are not entitled can always be justified, never be justified, or something in between? Answer on a 10-point scale."
IND,Q177,negrecip,scale_1_10,5,5,68,1651,1692,0.04118715929739552,-1,"Do you think claiming government benefits to which you are not entitled can always be justified, never be justified, or something in between? Answer on a 10-point scale."
IND,Q177,negrecip,scale_1_10,6,6,53,1651,1692,0.03210175651120533,-1,"Do you think claiming government benefits to which you are not entitled can always be justified, never be justified, or something in between? Answer on a 10-point scale."
IND,Q177,negrecip,scale_1_10,7,7,53,1651,1692,0.03210175651120533,-1,"Do you think claiming government benefits to which you are not entitled can always be justified, never be justified, or something in between? Answer on a 10-point scale."
IND,Q177,negrecip,scale_1_10,8,8,57,1651,1692,0.034524530587522716,-1,"Do you think claiming government benefits to which you are not entitled can always be justified, never be justified, or something in between? Answer on a 10-point scale."
IND,Q177,negrecip,scale_1_10,9,9,42,1651,1692,0.025439127801332527,-1,"Do you think claiming government benefits to which you are not entitled can always be justified, never be justified, or something in between? Answer on a 10-point scale."
IND,Q177,negrecip,scale_1_10,10,Always justifiable,54,1651,1692,0.03270745003028468,-1,"Do you think claiming government benefits to which you are not entitled can always be justified, never be justified, or something in between? Answer on a 10-point scale."
IND,Q178,risktaking,scale_1_10,1,Never justifiable,990,1685,1692,0.5875370919881305,-1,"Do you think avoiding a fare on public transport can always be justified, never be justified, or something in between? Answer on a 10-point scale."
IND,Q178,risktaking,scale_1_10,2,2,206,1685,1692,0.12225519287833828,-1,"Do you think avoiding a fare on public transport can always be justified, never be justified, or something in between? Answer on a 10-point scale."
IND,Q178,risktaking,scale_1_10,3,3,151,1685,1692,0.08961424332344213,-1,"Do you think avoiding a fare on public transport can always be justified, never be justified, or something in between? Answer on a 10-point scale."
IND,Q178,risktaking,scale_1_10,4,4,101,1685,1692,0.0599406528189911,-1,"Do you think avoiding a fare on public transport can always be justified, never be justified, or something in between? Answer on a 10-point scale."
IND,Q178,risktaking,scale_1_10,5,5,69,1685,1692,0.04094955489614243,-1,"Do you think avoiding a fare on public transport can always be justified, never be justified, or something in between? Answer on a 10-point scale."
IND,Q178,risktaking,scale_1_10,6,6,42,1685,1692,0.024925816023738872,-1,"Do you think avoiding a fare on public transport can always be justified, never be justified, or something in between? Answer on a 10-point scale."
IND,Q178,risktaking,scale_1_10,7,7,35,1685,1692,0.020771513353115726,-1,"Do you think avoiding a fare on public transport can always be justified, never be justified, or something in between? Answer on a 10-point scale."
IND,Q178,risktaking,scale_1_10,8,8,44,1685,1692,0.026112759643916916,-1,"Do you think avoiding a fare on public transport can always be justified, never be justified, or something in between? Answer on a 10-point scale."
IND,Q178,risktaking,scale_1_10,9,9,25,1685,1692,0.01483679525222552,-1,"Do you think avoiding a fare on public transport can always be justified, never be justified, or something in between? Answer on a 10-point scale."
IND,Q178,risktaking,scale_1_10,10,Always justifiable,22,1685,1692,0.013056379821958458,-1,"Do you think avoiding a fare on public transport can always be justified, never be justified, or something in between? Answer on a 10-point scale."
IND,Q179,negrecip,scale_1_10,1,Never justifiable,1218,1683,1692,0.7237076648841355,-1,"Do you think stealing property can always be justified, never be justified, or something in between? Answer on a 10-point scale."
IND,Q179,negrecip,scale_1_10,2,2,163,1683,1692,0.09685086155674391,-1,"Do you think stealing property can always be justified, never be justified, or something in between? Answer on a 10-point scale."
IND,Q179,negrecip,scale_1_10,3,3,92,1683,1692,0.05466428995840761,-1,"Do you think stealing property can always be justified, never be justified, or something in between? Answer on a 10-point scale."
IND,Q179,negrecip,scale_1_10,4,4,47,1683,1692,0.027926322043969103,-1,"Do you think stealing property can always be justified, never be justified, or something in between? Answer on a 10-point scale."
IND,Q179,negrecip,scale_1_10,5,5,49,1683,1692,0.029114676173499703,-1,"Do you think stealing property can always be justified, never be justified, or something in between? Answer on a 10-point scale."
IND,Q179,negrecip,scale_1_10,6,6,15,1683,1692,0.008912655971479501,-1,"Do you think stealing property can always be justified, never be justified, or something in between? Answer on a 10-point scale."
IND,Q179,negrecip,scale_1_10,7,7,24,1683,1692,0.0142602495543672,-1,"Do you think stealing property can always be justified, never be justified, or something in between? Answer on a 10-point scale."
IND,Q179,negrecip,scale_1_10,8,8,29,1683,1692,0.0172311348781937,-1,"Do you think stealing property can always be justified, never be justified, or something in between? Answer on a 10-point scale."
IND,Q179,negrecip,scale_1_10,9,9,26,1683,1692,0.015448603683897801,-1,"Do you think stealing property can always be justified, never be justified, or something in between? Answer on a 10-point scale."
IND,Q179,negrecip,scale_1_10,10,Always justifiable,20,1683,1692,0.011883541295306001,-1,"Do you think stealing property can always be justified, never be justified, or something in between? Answer on a 10-point scale."
IND,Q195,negrecip,scale_1_10,1,Never justifiable,655,1625,1692,0.40307692307692305,1,"Do you think death penalty can always be justified, never be justified, or something in between? Answer on a 10-point scale."
IND,Q195,negrecip,scale_1_10,2,2,117,1625,1692,0.072,1,"Do you think death penalty can always be justified, never be justified, or something in between? Answer on a 10-point scale."
IND,Q195,negrecip,scale_1_10,3,3,92,1625,1692,0.056615384615384616,1,"Do you think death penalty can always be justified, never be justified, or something in between? Answer on a 10-point scale."
IND,Q195,negrecip,scale_1_10,4,4,74,1625,1692,0.04553846153846154,1,"Do you think death penalty can always be justified, never be justified, or something in between? Answer on a 10-point scale."
IND,Q195,negrecip,scale_1_10,5,5,200,1625,1692,0.12307692307692308,1,"Do you think death penalty can always be justified, never be justified, or something in between? Answer on a 10-point scale."
IND,Q195,negrecip,scale_1_10,6,6,121,1625,1692,0.07446153846153847,1,"Do you think death penalty can always be justified, never be justified, or something in between? Answer on a 10-point scale."
IND,Q195,negrecip,scale_1_10,7,7,105,1625,1692,0.06461538461538462,1,"Do you think death penalty can always be justified, never be justified, or something in between? Answer on a 10-point scale."
IND,Q195,negrecip,scale_1_10,8,8,108,1625,1692,0.06646153846153846,1,"Do you think death penalty can always be justified, never be justified, or something in between? Answer on a 10-point scale."
IND,Q195,negrecip,scale_1_10,9,9,55,1625,1692,0.033846153846153845,1,"Do you think death penalty can always be justified, never be justified, or something in between? Answer on a 10-point scale."
IND,Q195,negrecip,scale_1_10,10,Always justifiable,98,1625,1692,0.060307692307692305,1,"Do you think death penalty can always be justified, never be justified, or something in between? Answer on a 10-point scale."
JPN,Q12,posrecip,multiple_response_max_5,1,Yes,847,1353,1353,0.6260162601626016,1,Is tolerance and respect for other people one of the qualities children should be encouraged to learn at home?
JPN,Q12,posrecip,multiple_response_max_5,2,No,506,1353,1353,0.37398373983739835,1,Is tolerance and respect for other people one of the qualities children should be encouraged to learn at home?
JPN,Q13,patience,multiple_response_max_5,1,Yes,591,1353,1353,0.43680709534368073,1,"Is thrift, saving money and things one of the qualities children should be encouraged to learn at home?"
JPN,Q13,patience,multiple_response_max_5,2,No,762,1353,1353,0.5631929046563193,1,"Is thrift, saving money and things one of the qualities children should be encouraged to learn at home?"
JPN,Q14,patience,multiple_response_max_5,1,Yes,856,1353,1353,0.6326681448632668,1,"Is determination, perseverance one of the qualities children should be encouraged to learn at home?"
JPN,Q14,patience,multiple_response_max_5,2,No,497,1353,1353,0.36733185513673317,1,"Is determination, perseverance one of the qualities children should be encouraged to learn at home?"
JPN,Q43,patience,single_choice_3,1,Good thing,141,1343,1353,0.10498883097542815,-1,"If this change were to happen, would it be a good thing, a bad thing, or would you not mind: less importance placed on work in our lives?"
JPN,Q43,patience,single_choice_3,2,Don't mind,436,1343,1353,0.3246463142218913,-1,"If this change were to happen, would it be a good thing, a bad thing, or would you not mind: less importance placed on work in our lives?"
JPN,Q43,patience,single_choice_3,3,Bad thing,766,1343,1353,0.5703648548026806,-1,"If this change were to happen, would it be a good thing, a bad thing, or would you not mind: less importance placed on work in our lives?"
JPN,Q50,patience,scale_1_10,1,Completely dissatisfied,42,1309,1353,0.03208556149732621,1,How satisfied are you with the financial situation of your household on a scale from 1 to 10?
JPN,Q50,patience,scale_1_10,2,2,53,1309,1353,0.04048892284186402,1,How satisfied are you with the financial situation of your household on a scale from 1 to 10?
JPN,Q50,patience,scale_1_10,3,3,100,1309,1353,0.07639419404125286,1,How satisfied are you with the financial situation of your household on a scale from 1 to 10?
JPN,Q50,patience,scale_1_10,4,4,114,1309,1353,0.08708938120702826,1,How satisfied are you with the financial situation of your household on a scale from 1 to 10?
JPN,Q50,patience,scale_1_10,5,5,189,1309,1353,0.1443850267379679,1,How satisfied are you with the financial situation of your household on a scale from 1 to 10?
JPN,Q50,patience,scale_1_10,6,6,187,1309,1353,0.14285714285714285,1,How satisfied are you with the financial situation of your household on a scale from 1 to 10?
JPN,Q50,patience,scale_1_10,7,7,224,1309,1353,0.1711229946524064,1,How satisfied are you with the financial situation of your household on a scale from 1 to 10?
JPN,Q50,patience,scale_1_10,8,8,242,1309,1353,0.18487394957983194,1,How satisfied are you with the financial situation of your household on a scale from 1 to 10?
JPN,Q50,patience,scale_1_10,9,9,88,1309,1353,0.06722689075630252,1,How satisfied are you with the financial situation of your household on a scale from 1 to 10?
JPN,Q50,patience,scale_1_10,10,Completely satisfied,70,1309,1353,0.053475935828877004,1,How satisfied are you with the financial situation of your household on a scale from 1 to 10?
JPN,Q57,trust,single_choice_2,1,Most people can be trusted,456,1281,1353,0.3559718969555035,-1,"Generally speaking, would you say that most people can be trusted or that you need to be very careful in dealing with people?"
JPN,Q57,trust,single_choice_2,2,Need to be very careful,825,1281,1353,0.6440281030444965,-1,"Generally speaking, would you say that most people can be trusted or that you need to be very careful in dealing with people?"
JPN,Q58,trust,single_choice_4,1,Trust completely,951,1334,1353,0.7128935532233883,-1,"How much do you trust your family: completely, somewhat, not very much or not at all?"
JPN,Q58,trust,single_choice_4,2,Trust somewhat,367,1334,1353,0.27511244377811095,-1,"How much do you trust your family: completely, somewhat, not very much or not at all?"
JPN,Q58,trust,single_choice_4,3,Do not trust very much,13,1334,1353,0.009745127436281859,-1,"How much do you trust your family: completely, somewhat, not very much or not at all?"
JPN,Q58,trust,single_choice_4,4,Do not trust at all,3,1334,1353,0.0022488755622188904,-1,"How much do you trust your family: completely, somewhat, not very much or not at all?"
JPN,Q59,trust,single_choice_4,1,Trust completely,54,1255,1353,0.04302788844621514,-1,"How much do you trust your neighborhood: completely, somewhat, not very much or not at all?"
JPN,Q59,trust,single_choice_4,2,Trust somewhat,758,1255,1353,0.6039840637450199,-1,"How much do you trust your neighborhood: completely, somewhat, not very much or not at all?"
JPN,Q59,trust,single_choice_4,3,Do not trust very much,388,1255,1353,0.30916334661354583,-1,"How much do you trust your neighborhood: completely, somewhat, not very much or not at all?"
JPN,Q59,trust,single_choice_4,4,Do not trust at all,55,1255,1353,0.043824701195219126,-1,"How much do you trust your neighborhood: completely, somewhat, not very much or not at all?"
JPN,Q60,trust,single_choice_4,1,Trust completely,170,1309,1353,0.12987012987012986,-1,"How much do you trust people you know personally: completely, somewhat, not very much or not at all?"
JPN,Q60,trust,single_choice_4,2,Trust somewhat,962,1309,1353,0.7349121466768526,-1,"How much do you trust people you know personally: completely, somewhat, not very much or not at all?"
JPN,Q60,trust,single_choice_4,3,Do not trust very much,157,1309,1353,0.119938884644767,-1,"How much do you trust people you know personally: completely, somewhat, not very much or not at all?"
JPN,Q60,trust,single_choice_4,4,Do not trust at all,20,1309,1353,0.015278838808250574,-1,"How much do you trust people you know personally: completely, somewhat, not very much or not at all?"
JPN,Q61,trust,single_choice_4,1,Trust completely,2,1094,1353,0.0018281535648994515,-1,"How much do you trust people you meet for the first time: completely, somewhat, not very much or not at all?"
JPN,Q61,trust,single_choice_4,2,Trust somewhat,140,1094,1353,0.12797074954296161,-1,"How much do you trust people you meet for the first time: completely, somewhat, not very much or not at all?"
JPN,Q61,trust,single_choice_4,3,Do not trust very much,663,1094,1353,0.6060329067641682,-1,"How much do you trust people you meet for the first time: completely, somewhat, not very much or not at all?"
JPN,Q61,trust,single_choice_4,4,Do not trust at all,289,1094,1353,0.26416819012797077,-1,"How much do you trust people you meet for the first time: completely, somewhat, not very much or not at all?"
JPN,Q62,trust,single_choice_4,1,Trust completely,3,826,1353,0.0036319612590799033,-1,"How much do you trust people of another religion: completely, somewhat, not very much or not at all?"
JPN,Q62,trust,single_choice_4,2,Trust somewhat,175,826,1353,0.211864406779661,-1,"How much do you trust people of another religion: completely, somewhat, not very much or not at all?"
JPN,Q62,trust,single_choice_4,3,Do not trust very much,425,826,1353,0.5145278450363197,-1,"How much do you trust people of another religion: completely, somewhat, not very much or not at all?"
JPN,Q62,trust,single_choice_4,4,Do not trust at all,223,826,1353,0.26997578692493945,-1,"How much do you trust people of another religion: completely, somewhat, not very much or not at all?"
JPN,Q63,trust,single_choice_4,1,Trust completely,3,819,1353,0.003663003663003663,-1,"How much do you trust people of another nationality:  completely, somewhat, not very much or not at all?"
JPN,Q63,trust,single_choice_4,2,Trust somewhat,212,819,1353,0.2588522588522589,-1,"How much do you trust people of another nationality:  completely, somewhat, not very much or not at all?"
JPN,Q63,trust,single_choice_4,3,Do not trust very much,470,819,1353,0.5738705738705738,-1,"How much do you trust people of another nationality:  completely, somewhat, not very much or not at all?"
JPN,Q63,trust,single_choice_4,4,Do not trust at all,134,819,1353,0.16361416361416362,-1,"How much do you trust people of another nationality:  completely, somewhat, not very much or not at all?"
JPN,Q64,trust,single_choice_4,1,A great deal,17,1200,1353,0.014166666666666666,-1,"How much confidence do you have in the churches: a great deal of confidence, quite a lot of confidence, not very much confidence or none at all?"
JPN,Q64,trust,single_choice_4,2,Quite a lot,90,1200,1353,0.075,-1,"How much confidence do you have in the churches: a great deal of confidence, quite a lot of confidence, not very much confidence or none at all?"
JPN,Q64,trust,single_choice_4,3,Not very much,553,1200,1353,0.4608333333333333,-1,"How much confidence do you have in the churches: a great deal of confidence, quite a lot of confidence, not very much confidence or none at all?"
JPN,Q64,trust,single_choice_4,4,None at all,540,1200,1353,0.45,-1,"How much confidence do you have in the churches: a great deal of confidence, quite a lot of confidence, not very much confidence or none at all?"
JPN,Q69,trust,single_choice_4,1,A great deal,225,1303,1353,0.17267843438219493,-1,"How much confidence do you have in the police: a great deal of confidence, quite a lot of confidence, not very much confidence or none at all?"
JPN,Q69,trust,single_choice_4,2,Quite a lot,839,1303,1353,0.6438986953184958,-1,"How much confidence do you have in the police: a great deal of confidence, quite a lot of confidence, not very much confidence or none at all?"
JPN,Q69,trust,single_choice_4,3,Not very much,209,1303,1353,0.16039907904834996,-1,"How much confidence do you have in the police: a great deal of confidence, quite a lot of confidence, not very much confidence or none at all?"
JPN,Q69,trust,single_choice_4,4,None at all,30,1303,1353,0.023023791250959325,-1,"How much confidence do you have in the police: a great deal of confidence, quite a lot of confidence, not very much confidence or none at all?"
JPN,Q70,trust,single_choice_4,1,A great deal,251,1232,1353,0.20373376623376624,-1,"How much confidence do you have in the courts: a great deal of confidence, quite a lot of confidence, not very much confidence or none at all?"
JPN,Q70,trust,single_choice_4,2,Quite a lot,803,1232,1353,0.6517857142857143,-1,"How much confidence do you have in the courts: a great deal of confidence, quite a lot of confidence, not very much confidence or none at all?"
JPN,Q70,trust,single_choice_4,3,Not very much,152,1232,1353,0.12337662337662338,-1,"How much confidence do you have in the courts: a great deal of confidence, quite a lot of confidence, not very much confidence or none at all?"
JPN,Q70,trust,single_choice_4,4,None at all,26,1232,1353,0.021103896103896104,-1,"How much confidence do you have in the courts: a great deal of confidence, quite a lot of confidence, not very much confidence or none at all?"
JPN,Q71,trust,single_choice_4,1,A great deal,43,1243,1353,0.03459372485921158,-1,"How much confidence do you have in the government: a great deal of confidence, quite a lot of confidence, not very much confidence or none at all?"
JPN,Q71,trust,single_choice_4,2,Quite a lot,496,1243,1353,0.3990345937248592,-1,"How much confidence do you have in the government: a great deal of confidence, quite a lot of confidence, not very much confidence or none at all?"
JPN,Q71,trust,single_choice_4,3,Not very much,568,1243,1353,0.4569589702333065,-1,"How much confidence do you have in the government: a great deal of confidence, quite a lot of confidence, not very much confidence or none at all?"
JPN,Q71,trust,single_choice_4,4,None at all,136,1243,1353,0.10941271118262269,-1,"How much confidence do you have in the government: a great deal of confidence, quite a lot of confidence, not very much confidence or none at all?"
JPN,Q73,trust,single_choice_4,1,A great deal,26,1211,1353,0.021469859620148638,-1,"How much confidence do you have in parliament: a great deal of confidence, quite a lot of confidence, not very much confidence or none at all?"
JPN,Q73,trust,single_choice_4,2,Quite a lot,395,1211,1353,0.3261767134599505,-1,"How much confidence do you have in parliament: a great deal of confidence, quite a lot of confidence, not very much confidence or none at all?"
JPN,Q73,trust,single_choice_4,3,Not very much,631,1211,1353,0.5210569777043765,-1,"How much confidence do you have in parliament: a great deal of confidence, quite a lot of confidence, not very much confidence or none at all?"
JPN,Q73,trust,single_choice_4,4,None at all,159,1211,1353,0.13129644921552436,-1,"How much confidence do you have in parliament: a great deal of confidence, quite a lot of confidence, not very much confidence or none at all?"
JPN,Q81,posrecip,single_choice_4,1,A great deal,30,1043,1353,0.028763183125599234,-1,"How much confidence do you have in charitable or humanitarian organizations: a great deal of confidence, quite a lot of confidence, not very much confidence or none at all?"
JPN,Q81,posrecip,single_choice_4,2,Quite a lot,394,1043,1353,0.37775647171620325,-1,"How much confidence do you have in charitable or humanitarian organizations: a great deal of confidence, quite a lot of confidence, not very much confidence or none at all?"
JPN,Q81,posrecip,single_choice_4,3,Not very much,483,1043,1353,0.46308724832214765,-1,"How much confidence do you have in charitable or humanitarian organizations: a great deal of confidence, quite a lot of confidence, not very much confidence or none at all?"
JPN,Q81,posrecip,single_choice_4,4,None at all,136,1043,1353,0.13039309683604985,-1,"How much confidence do you have in charitable or humanitarian organizations: a great deal of confidence, quite a lot of confidence, not very much confidence or none at all?"
JPN,Q99,altruism,single_choice_3,2,Active member,5,1336,1353,0.0037425149700598802,1,"Are you an active member, an inactive member, or not a member of an environmental organization?"
JPN,Q99,altruism,single_choice_3,1,Inactive member,14,1336,1353,0.010479041916167664,1,"Are you an active member, an inactive member, or not a member of an environmental organization?"
JPN,Q99,altruism,single_choice_3,0,Don't belong,1317,1336,1353,0.9857784431137725,1,"Are you an active member, an inactive member, or not a member of an environmental organization?"
JPN,Q101,altruism,single_choice_3,2,Active member,16,1336,1353,0.011976047904191617,1,"Are you an active member, an inactive member, or not a member of humanitarian or a charitable organization?"
JPN,Q101,altruism,single_choice_3,1,Inactive member,28,1336,1353,0.020958083832335328,1,"Are you an active member, an inactive member, or not a member of humanitarian or a charitable organization?"
JPN,Q101,altruism,single_choice_3,0,Don't belong,1292,1336,1353,0.9670658682634731,1,"Are you an active member, an inactive member, or not a member of humanitarian or a charitable organization?"
JPN,Q103,altruism,single_choice_3,2,Active member,28,1334,1353,0.020989505247376312,1,"Are you an active member, an inactive member, or not a member of a self-help group or a mutual aid group?"
JPN,Q103,altruism,single_choice_3,1,Inactive member,25,1334,1353,0.018740629685157422,1,"Are you an active member, an inactive member, or not a member of a self-help group or a mutual aid group?"
JPN,Q103,altruism,single_choice_3,0,Don't belong,1281,1334,1353,0.9602698650674663,1,"Are you an active member, an inactive member, or not a member of a self-help group or a mutual aid group?"
JPN,Q106,risktaking,scale_1_10,1,nan,79,1277,1353,0.06186374314800313,1,"How would you place your views on this scale? 1 means you agree completely with statement A; 10 means you agree completely with statement B; and if your views fall somewhere in between, you can choose any number in between. Statement A: Incomes should be made more equal; Statement B: there should be greater incentives for individual effort?"
JPN,Q106,risktaking,scale_1_10,2,,27,1277,1353,0.021143304620203602,1,"How would you place your views on this scale? 1 means you agree completely with statement A; 10 means you agree completely with statement B; and if your views fall somewhere in between, you can choose any number in between. Statement A: Incomes should be made more equal; Statement B: there should be greater incentives for individual effort?"
JPN,Q106,risktaking,scale_1_10,3,,125,1277,1353,0.09788566953797964,1,"How would you place your views on this scale? 1 means you agree completely with statement A; 10 means you agree completely with statement B; and if your views fall somewhere in between, you can choose any number in between. Statement A: Incomes should be made more equal; Statement B: there should be greater incentives for individual effort?"
JPN,Q106,risktaking,scale_1_10,4,,120,1277,1353,0.09397024275646046,1,"How would you place your views on this scale? 1 means you agree completely with statement A; 10 means you agree completely with statement B; and if your views fall somewhere in between, you can choose any number in between. Statement A: Incomes should be made more equal; Statement B: there should be greater incentives for individual effort?"
JPN,Q106,risktaking,scale_1_10,5,,352,1277,1353,0.27564604541895066,1,"How would you place your views on this scale? 1 means you agree completely with statement A; 10 means you agree completely with statement B; and if your views fall somewhere in between, you can choose any number in between. Statement A: Incomes should be made more equal; Statement B: there should be greater incentives for individual effort?"
JPN,Q106,risktaking,scale_1_10,6,,200,1277,1353,0.15661707126076743,1,"How would you place your views on this scale? 1 means you agree completely with statement A; 10 means you agree completely with statement B; and if your views fall somewhere in between, you can choose any number in between. Statement A: Incomes should be made more equal; Statement B: there should be greater incentives for individual effort?"
JPN,Q106,risktaking,scale_1_10,7,,203,1277,1353,0.15896632732967894,1,"How would you place your views on this scale? 1 means you agree completely with statement A; 10 means you agree completely with statement B; and if your views fall somewhere in between, you can choose any number in between. Statement A: Incomes should be made more equal; Statement B: there should be greater incentives for individual effort?"
JPN,Q106,risktaking,scale_1_10,8,,106,1277,1353,0.08300704776820673,1,"How would you place your views on this scale? 1 means you agree completely with statement A; 10 means you agree completely with statement B; and if your views fall somewhere in between, you can choose any number in between. Statement A: Incomes should be made more equal; Statement B: there should be greater incentives for individual effort?"
JPN,Q106,risktaking,scale_1_10,9,,27,1277,1353,0.021143304620203602,1,"How would you place your views on this scale? 1 means you agree completely with statement A; 10 means you agree completely with statement B; and if your views fall somewhere in between, you can choose any number in between. Statement A: Incomes should be made more equal; Statement B: there should be greater incentives for individual effort?"
JPN,Q106,risktaking,scale_1_10,10,,38,1277,1353,0.02975724353954581,1,"How would you place your views on this scale? 1 means you agree completely with statement A; 10 means you agree completely with statement B; and if your views fall somewhere in between, you can choose any number in between. Statement A: Incomes should be made more equal; Statement B: there should be greater incentives for individual effort?"
JPN,Q107,risktaking,scale_1_10,1,nan,101,1134,1353,0.0890652557319224,1,"How would you place your views on this scale? 1 means you agree completely with statement A; 10 means you agree completely with statement B; and if your views fall somewhere in between, you can choose any number in between. Statement A: Private ownership of business and industry should be increased; Statement B: Government ownership of business and industry should be increased?"
JPN,Q107,risktaking,scale_1_10,2,,88,1134,1353,0.07760141093474426,1,"How would you place your views on this scale? 1 means you agree completely with statement A; 10 means you agree completely with statement B; and if your views fall somewhere in between, you can choose any number in between. Statement A: Private ownership of business and industry should be increased; Statement B: Government ownership of business and industry should be increased?"
JPN,Q107,risktaking,scale_1_10,3,,267,1134,1353,0.23544973544973544,1,"How would you place your views on this scale? 1 means you agree completely with statement A; 10 means you agree completely with statement B; and if your views fall somewhere in between, you can choose any number in between. Statement A: Private ownership of business and industry should be increased; Statement B: Government ownership of business and industry should be increased?"
JPN,Q107,risktaking,scale_1_10,4,,171,1134,1353,0.15079365079365079,1,"How would you place your views on this scale? 1 means you agree completely with statement A; 10 means you agree completely with statement B; and if your views fall somewhere in between, you can choose any number in between. Statement A: Private ownership of business and industry should be increased; Statement B: Government ownership of business and industry should be increased?"
JPN,Q107,risktaking,scale_1_10,5,,381,1134,1353,0.335978835978836,1,"How would you place your views on this scale? 1 means you agree completely with statement A; 10 means you agree completely with statement B; and if your views fall somewhere in between, you can choose any number in between. Statement A: Private ownership of business and industry should be increased; Statement B: Government ownership of business and industry should be increased?"
JPN,Q107,risktaking,scale_1_10,6,,66,1134,1353,0.0582010582010582,1,"How would you place your views on this scale? 1 means you agree completely with statement A; 10 means you agree completely with statement B; and if your views fall somewhere in between, you can choose any number in between. Statement A: Private ownership of business and industry should be increased; Statement B: Government ownership of business and industry should be increased?"
JPN,Q107,risktaking,scale_1_10,7,,27,1134,1353,0.023809523809523808,1,"How would you place your views on this scale? 1 means you agree completely with statement A; 10 means you agree completely with statement B; and if your views fall somewhere in between, you can choose any number in between. Statement A: Private ownership of business and industry should be increased; Statement B: Government ownership of business and industry should be increased?"
JPN,Q107,risktaking,scale_1_10,8,,17,1134,1353,0.014991181657848324,1,"How would you place your views on this scale? 1 means you agree completely with statement A; 10 means you agree completely with statement B; and if your views fall somewhere in between, you can choose any number in between. Statement A: Private ownership of business and industry should be increased; Statement B: Government ownership of business and industry should be increased?"
JPN,Q107,risktaking,scale_1_10,9,,3,1134,1353,0.0026455026455026454,1,"How would you place your views on this scale? 1 means you agree completely with statement A; 10 means you agree completely with statement B; and if your views fall somewhere in between, you can choose any number in between. Statement A: Private ownership of business and industry should be increased; Statement B: Government ownership of business and industry should be increased?"
JPN,Q107,risktaking,scale_1_10,10,,13,1134,1353,0.01146384479717813,1,"How would you place your views on this scale? 1 means you agree completely with statement A; 10 means you agree completely with statement B; and if your views fall somewhere in between, you can choose any number in between. Statement A: Private ownership of business and industry should be increased; Statement B: Government ownership of business and industry should be increased?"
JPN,Q109,risktaking,scale_1_10,1,nan,63,1270,1353,0.049606299212598425,-1,"How would you place your views on this scale? 1 means you agree completely with statement A; 10 means you agree completely with statement B; and if your views fall somewhere in between, you can choose any number in between. Statement A: Competition is good; Statement B:  Competition is harmful?"
JPN,Q109,risktaking,scale_1_10,2,,107,1270,1353,0.08425196850393701,-1,"How would you place your views on this scale? 1 means you agree completely with statement A; 10 means you agree completely with statement B; and if your views fall somewhere in between, you can choose any number in between. Statement A: Competition is good; Statement B:  Competition is harmful?"
JPN,Q109,risktaking,scale_1_10,3,,284,1270,1353,0.22362204724409449,-1,"How would you place your views on this scale? 1 means you agree completely with statement A; 10 means you agree completely with statement B; and if your views fall somewhere in between, you can choose any number in between. Statement A: Competition is good; Statement B:  Competition is harmful?"
JPN,Q109,risktaking,scale_1_10,4,,252,1270,1353,0.1984251968503937,-1,"How would you place your views on this scale? 1 means you agree completely with statement A; 10 means you agree completely with statement B; and if your views fall somewhere in between, you can choose any number in between. Statement A: Competition is good; Statement B:  Competition is harmful?"
JPN,Q109,risktaking,scale_1_10,5,,307,1270,1353,0.24173228346456693,-1,"How would you place your views on this scale? 1 means you agree completely with statement A; 10 means you agree completely with statement B; and if your views fall somewhere in between, you can choose any number in between. Statement A: Competition is good; Statement B:  Competition is harmful?"
JPN,Q109,risktaking,scale_1_10,6,,56,1270,1353,0.04409448818897638,-1,"How would you place your views on this scale? 1 means you agree completely with statement A; 10 means you agree completely with statement B; and if your views fall somewhere in between, you can choose any number in between. Statement A: Competition is good; Statement B:  Competition is harmful?"
JPN,Q109,risktaking,scale_1_10,7,,42,1270,1353,0.03307086614173228,-1,"How would you place your views on this scale? 1 means you agree completely with statement A; 10 means you agree completely with statement B; and if your views fall somewhere in between, you can choose any number in between. Statement A: Competition is good; Statement B:  Competition is harmful?"
JPN,Q109,risktaking,scale_1_10,8,,34,1270,1353,0.026771653543307086,-1,"How would you place your views on this scale? 1 means you agree completely with statement A; 10 means you agree completely with statement B; and if your views fall somewhere in between, you can choose any number in between. Statement A: Competition is good; Statement B:  Competition is harmful?"
JPN,Q109,risktaking,scale_1_10,9,,19,1270,1353,0.014960629921259842,-1,"How would you place your views on this scale? 1 means you agree completely with statement A; 10 means you agree completely with statement B; and if your views fall somewhere in between, you can choose any number in between. Statement A: Competition is good; Statement B:  Competition is harmful?"
JPN,Q109,risktaking,scale_1_10,10,,106,1270,1353,0.08346456692913386,-1,"How would you place your views on this scale? 1 means you agree completely with statement A; 10 means you agree completely with statement B; and if your views fall somewhere in between, you can choose any number in between. Statement A: Competition is good; Statement B:  Competition is harmful?"
JPN,Q174,posrecip,single_choice_2,1,To follow religious norms and ceremonies,169,771,1353,0.2191958495460441,1,Which of the following statements do you agree with most: The basic meaning of religion is to follow religious norms and ceremonies; The basic meaning of religion is to do good to other people?
JPN,Q174,posrecip,single_choice_2,2,To do good to other people / To make sense of life after death,602,771,1353,0.7808041504539559,1,Which of the following statements do you agree with most: The basic meaning of religion is to follow religious norms and ceremonies; The basic meaning of religion is to do good to other people?
JPN,Q176,negrecip,scale_1_10,1,Completely agree,68,1060,1353,0.06415094339622641,1,"On a 10-point scale, how much do you agree or disagree that nowadays one often has trouble deciding which moral rules are the right ones to follow?"
JPN,Q176,negrecip,scale_1_10,2,2,71,1060,1353,0.0669811320754717,1,"On a 10-point scale, how much do you agree or disagree that nowadays one often has trouble deciding which moral rules are the right ones to follow?"
JPN,Q176,negrecip,scale_1_10,3,3,195,1060,1353,0.18396226415094338,1,"On a 10-point scale, how much do you agree or disagree that nowadays one often has trouble deciding which moral rules are the right ones to follow?"
JPN,Q176,negrecip,scale_1_10,4,4,189,1060,1353,0.17830188679245282,1,"On a 10-point scale, how much do you agree or disagree that nowadays one often has trouble deciding which moral rules are the right ones to follow?"
JPN,Q176,negrecip,scale_1_10,5,5,326,1060,1353,0.30754716981132074,1,"On a 10-point scale, how much do you agree or disagree that nowadays one often has trouble deciding which moral rules are the right ones to follow?"
JPN,Q176,negrecip,scale_1_10,6,6,66,1060,1353,0.062264150943396226,1,"On a 10-point scale, how much do you agree or disagree that nowadays one often has trouble deciding which moral rules are the right ones to follow?"
JPN,Q176,negrecip,scale_1_10,7,7,53,1060,1353,0.05,1,"On a 10-point scale, how much do you agree or disagree that nowadays one often has trouble deciding which moral rules are the right ones to follow?"
JPN,Q176,negrecip,scale_1_10,8,8,59,1060,1353,0.05566037735849057,1,"On a 10-point scale, how much do you agree or disagree that nowadays one often has trouble deciding which moral rules are the right ones to follow?"
JPN,Q176,negrecip,scale_1_10,9,9,16,1060,1353,0.01509433962264151,1,"On a 10-point scale, how much do you agree or disagree that nowadays one often has trouble deciding which moral rules are the right ones to follow?"
JPN,Q176,negrecip,scale_1_10,10,Completely disagree,17,1060,1353,0.016037735849056604,1,"On a 10-point scale, how much do you agree or disagree that nowadays one often has trouble deciding which moral rules are the right ones to follow?"
JPN,Q177,negrecip,scale_1_10,1,Never justifiable,919,1296,1353,0.7091049382716049,-1,"Do you think claiming government benefits to which you are not entitled can always be justified, never be justified, or something in between? Answer on a 10-point scale."
JPN,Q177,negrecip,scale_1_10,2,2,164,1296,1353,0.12654320987654322,-1,"Do you think claiming government benefits to which you are not entitled can always be justified, never be justified, or something in between? Answer on a 10-point scale."
JPN,Q177,negrecip,scale_1_10,3,3,89,1296,1353,0.06867283950617284,-1,"Do you think claiming government benefits to which you are not entitled can always be justified, never be justified, or something in between? Answer on a 10-point scale."
JPN,Q177,negrecip,scale_1_10,4,4,26,1296,1353,0.020061728395061727,-1,"Do you think claiming government benefits to which you are not entitled can always be justified, never be justified, or something in between? Answer on a 10-point scale."
JPN,Q177,negrecip,scale_1_10,5,5,40,1296,1353,0.030864197530864196,-1,"Do you think claiming government benefits to which you are not entitled can always be justified, never be justified, or something in between? Answer on a 10-point scale."
JPN,Q177,negrecip,scale_1_10,6,6,12,1296,1353,0.009259259259259259,-1,"Do you think claiming government benefits to which you are not entitled can always be justified, never be justified, or something in between? Answer on a 10-point scale."
JPN,Q177,negrecip,scale_1_10,7,7,13,1296,1353,0.010030864197530864,-1,"Do you think claiming government benefits to which you are not entitled can always be justified, never be justified, or something in between? Answer on a 10-point scale."
JPN,Q177,negrecip,scale_1_10,8,8,10,1296,1353,0.007716049382716049,-1,"Do you think claiming government benefits to which you are not entitled can always be justified, never be justified, or something in between? Answer on a 10-point scale."
JPN,Q177,negrecip,scale_1_10,9,9,6,1296,1353,0.004629629629629629,-1,"Do you think claiming government benefits to which you are not entitled can always be justified, never be justified, or something in between? Answer on a 10-point scale."
JPN,Q177,negrecip,scale_1_10,10,Always justifiable,17,1296,1353,0.013117283950617283,-1,"Do you think claiming government benefits to which you are not entitled can always be justified, never be justified, or something in between? Answer on a 10-point scale."
JPN,Q178,risktaking,scale_1_10,1,Never justifiable,1145,1328,1353,0.8621987951807228,-1,"Do you think avoiding a fare on public transport can always be justified, never be justified, or something in between? Answer on a 10-point scale."
JPN,Q178,risktaking,scale_1_10,2,2,87,1328,1353,0.06551204819277108,-1,"Do you think avoiding a fare on public transport can always be justified, never be justified, or something in between? Answer on a 10-point scale."
JPN,Q178,risktaking,scale_1_10,3,3,54,1328,1353,0.04066265060240964,-1,"Do you think avoiding a fare on public transport can always be justified, never be justified, or something in between? Answer on a 10-point scale."
JPN,Q178,risktaking,scale_1_10,4,4,6,1328,1353,0.004518072289156626,-1,"Do you think avoiding a fare on public transport can always be justified, never be justified, or something in between? Answer on a 10-point scale."
JPN,Q178,risktaking,scale_1_10,5,5,16,1328,1353,0.012048192771084338,-1,"Do you think avoiding a fare on public transport can always be justified, never be justified, or something in between? Answer on a 10-point scale."
JPN,Q178,risktaking,scale_1_10,6,6,2,1328,1353,0.0015060240963855422,-1,"Do you think avoiding a fare on public transport can always be justified, never be justified, or something in between? Answer on a 10-point scale."
JPN,Q178,risktaking,scale_1_10,7,7,4,1328,1353,0.0030120481927710845,-1,"Do you think avoiding a fare on public transport can always be justified, never be justified, or something in between? Answer on a 10-point scale."
JPN,Q178,risktaking,scale_1_10,8,8,1,1328,1353,0.0007530120481927711,-1,"Do you think avoiding a fare on public transport can always be justified, never be justified, or something in between? Answer on a 10-point scale."
JPN,Q178,risktaking,scale_1_10,9,9,5,1328,1353,0.0037650602409638554,-1,"Do you think avoiding a fare on public transport can always be justified, never be justified, or something in between? Answer on a 10-point scale."
JPN,Q178,risktaking,scale_1_10,10,Always justifiable,8,1328,1353,0.006024096385542169,-1,"Do you think avoiding a fare on public transport can always be justified, never be justified, or something in between? Answer on a 10-point scale."
JPN,Q179,negrecip,scale_1_10,1,Never justifiable,1283,1330,1353,0.9646616541353383,-1,"Do you think stealing property can always be justified, never be justified, or something in between? Answer on a 10-point scale."
JPN,Q179,negrecip,scale_1_10,2,2,25,1330,1353,0.018796992481203006,-1,"Do you think stealing property can always be justified, never be justified, or something in between? Answer on a 10-point scale."
JPN,Q179,negrecip,scale_1_10,3,3,7,1330,1353,0.005263157894736842,-1,"Do you think stealing property can always be justified, never be justified, or something in between? Answer on a 10-point scale."
JPN,Q179,negrecip,scale_1_10,4,4,2,1330,1353,0.0015037593984962407,-1,"Do you think stealing property can always be justified, never be justified, or something in between? Answer on a 10-point scale."
JPN,Q179,negrecip,scale_1_10,5,5,1,1330,1353,0.0007518796992481203,-1,"Do you think stealing property can always be justified, never be justified, or something in between? Answer on a 10-point scale."
JPN,Q179,negrecip,scale_1_10,6,6,3,1330,1353,0.002255639097744361,-1,"Do you think stealing property can always be justified, never be justified, or something in between? Answer on a 10-point scale."
JPN,Q179,negrecip,scale_1_10,7,7,1,1330,1353,0.0007518796992481203,-1,"Do you think stealing property can always be justified, never be justified, or something in between? Answer on a 10-point scale."
JPN,Q179,negrecip,scale_1_10,8,8,0,1330,1353,0.0,-1,"Do you think stealing property can always be justified, never be justified, or something in between? Answer on a 10-point scale."
JPN,Q179,negrecip,scale_1_10,9,9,0,1330,1353,0.0,-1,"Do you think stealing property can always be justified, never be justified, or something in between? Answer on a 10-point scale."
JPN,Q179,negrecip,scale_1_10,10,Always justifiable,8,1330,1353,0.006015037593984963,-1,"Do you think stealing property can always be justified, never be justified, or something in between? Answer on a 10-point scale."
JPN,Q195,negrecip,scale_1_10,1,Never justifiable,71,1215,1353,0.05843621399176955,1,"Do you think death penalty can always be justified, never be justified, or something in between? Answer on a 10-point scale."
JPN,Q195,negrecip,scale_1_10,2,2,49,1215,1353,0.040329218106995884,1,"Do you think death penalty can always be justified, never be justified, or something in between? Answer on a 10-point scale."
JPN,Q195,negrecip,scale_1_10,3,3,85,1215,1353,0.06995884773662552,1,"Do you think death penalty can always be justified, never be justified, or something in between? Answer on a 10-point scale."
JPN,Q195,negrecip,scale_1_10,4,4,28,1215,1353,0.023045267489711935,1,"Do you think death penalty can always be justified, never be justified, or something in between? Answer on a 10-point scale."
JPN,Q195,negrecip,scale_1_10,5,5,243,1215,1353,0.2,1,"Do you think death penalty can always be justified, never be justified, or something in between? Answer on a 10-point scale."
JPN,Q195,negrecip,scale_1_10,6,6,55,1215,1353,0.04526748971193416,1,"Do you think death penalty can always be justified, never be justified, or something in between? Answer on a 10-point scale."
JPN,Q195,negrecip,scale_1_10,7,7,88,1215,1353,0.07242798353909465,1,"Do you think death penalty can always be justified, never be justified, or something in between? Answer on a 10-point scale."
JPN,Q195,negrecip,scale_1_10,8,8,147,1215,1353,0.12098765432098765,1,"Do you think death penalty can always be justified, never be justified, or something in between? Answer on a 10-point scale."
JPN,Q195,negrecip,scale_1_10,9,9,99,1215,1353,0.08148148148148149,1,"Do you think death penalty can always be justified, never be justified, or something in between? Answer on a 10-point scale."
JPN,Q195,negrecip,scale_1_10,10,Always justifiable,350,1215,1353,0.2880658436213992,1,"Do you think death penalty can always be justified, never be justified, or something in between? Answer on a 10-point scale."
MEX,Q12,posrecip,multiple_response_max_5,1,Yes,1159,1741,1741,0.6657093624353819,1,Is tolerance and respect for other people one of the qualities children should be encouraged to learn at home?
MEX,Q12,posrecip,multiple_response_max_5,2,No,582,1741,1741,0.334290637564618,1,Is tolerance and respect for other people one of the qualities children should be encouraged to learn at home?
MEX,Q13,patience,multiple_response_max_5,1,Yes,623,1739,1741,0.35825186889016675,1,"Is thrift, saving money and things one of the qualities children should be encouraged to learn at home?"
MEX,Q13,patience,multiple_response_max_5,2,No,1116,1739,1741,0.6417481311098332,1,"Is thrift, saving money and things one of the qualities children should be encouraged to learn at home?"
MEX,Q14,patience,multiple_response_max_5,1,Yes,422,1739,1741,0.24266820011500861,1,"Is determination, perseverance one of the qualities children should be encouraged to learn at home?"
MEX,Q14,patience,multiple_response_max_5,2,No,1317,1739,1741,0.7573317998849913,1,"Is determination, perseverance one of the qualities children should be encouraged to learn at home?"
MEX,Q43,patience,single_choice_3,1,Good thing,615,1734,1741,0.3546712802768166,-1,"If this change were to happen, would it be a good thing, a bad thing, or would you not mind: less importance placed on work in our lives?"
MEX,Q43,patience,single_choice_3,2,Don't mind,401,1734,1741,0.23125720876585928,-1,"If this change were to happen, would it be a good thing, a bad thing, or would you not mind: less importance placed on work in our lives?"
MEX,Q43,patience,single_choice_3,3,Bad thing,718,1734,1741,0.4140715109573241,-1,"If this change were to happen, would it be a good thing, a bad thing, or would you not mind: less importance placed on work in our lives?"
MEX,Q50,patience,scale_1_10,1,Completely dissatisfied,68,1740,1741,0.03908045977011494,1,How satisfied are you with the financial situation of your household on a scale from 1 to 10?
MEX,Q50,patience,scale_1_10,2,2,39,1740,1741,0.022413793103448276,1,How satisfied are you with the financial situation of your household on a scale from 1 to 10?
MEX,Q50,patience,scale_1_10,3,3,75,1740,1741,0.04310344827586207,1,How satisfied are you with the financial situation of your household on a scale from 1 to 10?
MEX,Q50,patience,scale_1_10,4,4,125,1740,1741,0.07183908045977011,1,How satisfied are you with the financial situation of your household on a scale from 1 to 10?
MEX,Q50,patience,scale_1_10,5,5,204,1740,1741,0.11724137931034483,1,How satisfied are you with the financial situation of your household on a scale from 1 to 10?
MEX,Q50,patience,scale_1_10,6,6,181,1740,1741,0.10402298850574712,1,How satisfied are you with the financial situation of your household on a scale from 1 to 10?
MEX,Q50,patience,scale_1_10,7,7,238,1740,1741,0.1367816091954023,1,How satisfied are you with the financial situation of your household on a scale from 1 to 10?
MEX,Q50,patience,scale_1_10,8,8,363,1740,1741,0.20862068965517241,1,How satisfied are you with the financial situation of your household on a scale from 1 to 10?
MEX,Q50,patience,scale_1_10,9,9,167,1740,1741,0.09597701149425288,1,How satisfied are you with the financial situation of your household on a scale from 1 to 10?
MEX,Q50,patience,scale_1_10,10,Completely satisfied,280,1740,1741,0.16091954022988506,1,How satisfied are you with the financial situation of your household on a scale from 1 to 10?
MEX,Q57,trust,single_choice_2,1,Most people can be trusted,179,1738,1741,0.10299194476409666,-1,"Generally speaking, would you say that most people can be trusted or that you need to be very careful in dealing with people?"
MEX,Q57,trust,single_choice_2,2,Need to be very careful,1559,1738,1741,0.8970080552359033,-1,"Generally speaking, would you say that most people can be trusted or that you need to be very careful in dealing with people?"
MEX,Q58,trust,single_choice_4,1,Trust completely,1277,1741,1741,0.7334865020103389,-1,"How much do you trust your family: completely, somewhat, not very much or not at all?"
MEX,Q58,trust,single_choice_4,2,Trust somewhat,325,1741,1741,0.18667432510051696,-1,"How much do you trust your family: completely, somewhat, not very much or not at all?"
MEX,Q58,trust,single_choice_4,3,Do not trust very much,123,1741,1741,0.07064905226881103,-1,"How much do you trust your family: completely, somewhat, not very much or not at all?"
MEX,Q58,trust,single_choice_4,4,Do not trust at all,16,1741,1741,0.009190120620333142,-1,"How much do you trust your family: completely, somewhat, not very much or not at all?"
MEX,Q59,trust,single_choice_4,1,Trust completely,251,1738,1741,0.14441887226697353,-1,"How much do you trust your neighborhood: completely, somewhat, not very much or not at all?"
MEX,Q59,trust,single_choice_4,2,Trust somewhat,619,1738,1741,0.35615650172612195,-1,"How much do you trust your neighborhood: completely, somewhat, not very much or not at all?"
MEX,Q59,trust,single_choice_4,3,Do not trust very much,608,1738,1741,0.34982738780207134,-1,"How much do you trust your neighborhood: completely, somewhat, not very much or not at all?"
MEX,Q59,trust,single_choice_4,4,Do not trust at all,260,1738,1741,0.14959723820483314,-1,"How much do you trust your neighborhood: completely, somewhat, not very much or not at all?"
MEX,Q60,trust,single_choice_4,1,Trust completely,186,1740,1741,0.10689655172413794,-1,"How much do you trust people you know personally: completely, somewhat, not very much or not at all?"
MEX,Q60,trust,single_choice_4,2,Trust somewhat,562,1740,1741,0.32298850574712645,-1,"How much do you trust people you know personally: completely, somewhat, not very much or not at all?"
MEX,Q60,trust,single_choice_4,3,Do not trust very much,699,1740,1741,0.4017241379310345,-1,"How much do you trust people you know personally: completely, somewhat, not very much or not at all?"
MEX,Q60,trust,single_choice_4,4,Do not trust at all,293,1740,1741,0.16839080459770114,-1,"How much do you trust people you know personally: completely, somewhat, not very much or not at all?"
MEX,Q61,trust,single_choice_4,1,Trust completely,40,1740,1741,0.022988505747126436,-1,"How much do you trust people you meet for the first time: completely, somewhat, not very much or not at all?"
MEX,Q61,trust,single_choice_4,2,Trust somewhat,188,1740,1741,0.10804597701149425,-1,"How much do you trust people you meet for the first time: completely, somewhat, not very much or not at all?"
MEX,Q61,trust,single_choice_4,3,Do not trust very much,532,1740,1741,0.3057471264367816,-1,"How much do you trust people you meet for the first time: completely, somewhat, not very much or not at all?"
MEX,Q61,trust,single_choice_4,4,Do not trust at all,980,1740,1741,0.5632183908045977,-1,"How much do you trust people you meet for the first time: completely, somewhat, not very much or not at all?"
MEX,Q62,trust,single_choice_4,1,Trust completely,107,1721,1741,0.06217315514235909,-1,"How much do you trust people of another religion: completely, somewhat, not very much or not at all?"
MEX,Q62,trust,single_choice_4,2,Trust somewhat,418,1721,1741,0.24288204532248692,-1,"How much do you trust people of another religion: completely, somewhat, not very much or not at all?"
MEX,Q62,trust,single_choice_4,3,Do not trust very much,610,1721,1741,0.35444509006391633,-1,"How much do you trust people of another religion: completely, somewhat, not very much or not at all?"
MEX,Q62,trust,single_choice_4,4,Do not trust at all,586,1721,1741,0.34049970947123764,-1,"How much do you trust people of another religion: completely, somewhat, not very much or not at all?"
MEX,Q63,trust,single_choice_4,1,Trust completely,87,1719,1741,0.0506108202443281,-1,"How much do you trust people of another nationality:  completely, somewhat, not very much or not at all?"
MEX,Q63,trust,single_choice_4,2,Trust somewhat,314,1719,1741,0.18266433973240256,-1,"How much do you trust people of another nationality:  completely, somewhat, not very much or not at all?"
MEX,Q63,trust,single_choice_4,3,Do not trust very much,523,1719,1741,0.30424665503199533,-1,"How much do you trust people of another nationality:  completely, somewhat, not very much or not at all?"
MEX,Q63,trust,single_choice_4,4,Do not trust at all,795,1719,1741,0.462478184991274,-1,"How much do you trust people of another nationality:  completely, somewhat, not very much or not at all?"
MEX,Q64,trust,single_choice_4,1,A great deal,587,1736,1741,0.3381336405529954,-1,"How much confidence do you have in the churches: a great deal of confidence, quite a lot of confidence, not very much confidence or none at all?"
MEX,Q64,trust,single_choice_4,2,Quite a lot,487,1736,1741,0.2805299539170507,-1,"How much confidence do you have in the churches: a great deal of confidence, quite a lot of confidence, not very much confidence or none at all?"
MEX,Q64,trust,single_choice_4,3,Not very much,449,1736,1741,0.2586405529953917,-1,"How much confidence do you have in the churches: a great deal of confidence, quite a lot of confidence, not very much confidence or none at all?"
MEX,Q64,trust,single_choice_4,4,None at all,213,1736,1741,0.12269585253456221,-1,"How much confidence do you have in the churches: a great deal of confidence, quite a lot of confidence, not very much confidence or none at all?"
MEX,Q69,trust,single_choice_4,1,A great deal,104,1737,1741,0.059873344847438115,-1,"How much confidence do you have in the police: a great deal of confidence, quite a lot of confidence, not very much confidence or none at all?"
MEX,Q69,trust,single_choice_4,2,Quite a lot,269,1737,1741,0.15486470926885434,-1,"How much confidence do you have in the police: a great deal of confidence, quite a lot of confidence, not very much confidence or none at all?"
MEX,Q69,trust,single_choice_4,3,Not very much,557,1737,1741,0.3206678180771445,-1,"How much confidence do you have in the police: a great deal of confidence, quite a lot of confidence, not very much confidence or none at all?"
MEX,Q69,trust,single_choice_4,4,None at all,807,1737,1741,0.46459412780656306,-1,"How much confidence do you have in the police: a great deal of confidence, quite a lot of confidence, not very much confidence or none at all?"
MEX,Q70,trust,single_choice_4,1,A great deal,108,1717,1741,0.0629004076878276,-1,"How much confidence do you have in the courts: a great deal of confidence, quite a lot of confidence, not very much confidence or none at all?"
MEX,Q70,trust,single_choice_4,2,Quite a lot,274,1717,1741,0.15958066394874781,-1,"How much confidence do you have in the courts: a great deal of confidence, quite a lot of confidence, not very much confidence or none at all?"
MEX,Q70,trust,single_choice_4,3,Not very much,549,1717,1741,0.3197437390797903,-1,"How much confidence do you have in the courts: a great deal of confidence, quite a lot of confidence, not very much confidence or none at all?"
MEX,Q70,trust,single_choice_4,4,None at all,786,1717,1741,0.45777518928363425,-1,"How much confidence do you have in the courts: a great deal of confidence, quite a lot of confidence, not very much confidence or none at all?"
MEX,Q71,trust,single_choice_4,1,A great deal,79,1738,1741,0.045454545454545456,-1,"How much confidence do you have in the government: a great deal of confidence, quite a lot of confidence, not very much confidence or none at all?"
MEX,Q71,trust,single_choice_4,2,Quite a lot,225,1738,1741,0.12945914844649023,-1,"How much confidence do you have in the government: a great deal of confidence, quite a lot of confidence, not very much confidence or none at all?"
MEX,Q71,trust,single_choice_4,3,Not very much,492,1738,1741,0.28308400460299193,-1,"How much confidence do you have in the government: a great deal of confidence, quite a lot of confidence, not very much confidence or none at all?"
MEX,Q71,trust,single_choice_4,4,None at all,942,1738,1741,0.5420023014959724,-1,"How much confidence do you have in the government: a great deal of confidence, quite a lot of confidence, not very much confidence or none at all?"
MEX,Q73,trust,single_choice_4,1,A great deal,48,1720,1741,0.027906976744186046,-1,"How much confidence do you have in parliament: a great deal of confidence, quite a lot of confidence, not very much confidence or none at all?"
MEX,Q73,trust,single_choice_4,2,Quite a lot,203,1720,1741,0.11802325581395348,-1,"How much confidence do you have in parliament: a great deal of confidence, quite a lot of confidence, not very much confidence or none at all?"
MEX,Q73,trust,single_choice_4,3,Not very much,529,1720,1741,0.3075581395348837,-1,"How much confidence do you have in parliament: a great deal of confidence, quite a lot of confidence, not very much confidence or none at all?"
MEX,Q73,trust,single_choice_4,4,None at all,940,1720,1741,0.5465116279069767,-1,"How much confidence do you have in parliament: a great deal of confidence, quite a lot of confidence, not very much confidence or none at all?"
MEX,Q81,posrecip,single_choice_4,1,A great deal,276,1691,1741,0.16321703134240095,-1,"How much confidence do you have in charitable or humanitarian organizations: a great deal of confidence, quite a lot of confidence, not very much confidence or none at all?"
MEX,Q81,posrecip,single_choice_4,2,Quite a lot,527,1691,1741,0.3116499112950917,-1,"How much confidence do you have in charitable or humanitarian organizations: a great deal of confidence, quite a lot of confidence, not very much confidence or none at all?"
MEX,Q81,posrecip,single_choice_4,3,Not very much,496,1691,1741,0.29331756357185096,-1,"How much confidence do you have in charitable or humanitarian organizations: a great deal of confidence, quite a lot of confidence, not very much confidence or none at all?"
MEX,Q81,posrecip,single_choice_4,4,None at all,392,1691,1741,0.2318154937906564,-1,"How much confidence do you have in charitable or humanitarian organizations: a great deal of confidence, quite a lot of confidence, not very much confidence or none at all?"
MEX,Q99,altruism,single_choice_3,2,Active member,83,1738,1741,0.047756041426927506,1,"Are you an active member, an inactive member, or not a member of an environmental organization?"
MEX,Q99,altruism,single_choice_3,1,Inactive member,186,1738,1741,0.10701956271576525,1,"Are you an active member, an inactive member, or not a member of an environmental organization?"
MEX,Q99,altruism,single_choice_3,0,Don't belong,1469,1738,1741,0.8452243958573072,1,"Are you an active member, an inactive member, or not a member of an environmental organization?"
MEX,Q101,altruism,single_choice_3,2,Active member,111,1738,1741,0.06386651323360185,1,"Are you an active member, an inactive member, or not a member of humanitarian or a charitable organization?"
MEX,Q101,altruism,single_choice_3,1,Inactive member,208,1738,1741,0.11967779056386652,1,"Are you an active member, an inactive member, or not a member of humanitarian or a charitable organization?"
MEX,Q101,altruism,single_choice_3,0,Don't belong,1419,1738,1741,0.8164556962025317,1,"Are you an active member, an inactive member, or not a member of humanitarian or a charitable organization?"
MEX,Q103,altruism,single_choice_3,2,Active member,116,1740,1741,0.06666666666666667,1,"Are you an active member, an inactive member, or not a member of a self-help group or a mutual aid group?"
MEX,Q103,altruism,single_choice_3,1,Inactive member,212,1740,1741,0.12183908045977011,1,"Are you an active member, an inactive member, or not a member of a self-help group or a mutual aid group?"
MEX,Q103,altruism,single_choice_3,0,Don't belong,1412,1740,1741,0.8114942528735632,1,"Are you an active member, an inactive member, or not a member of a self-help group or a mutual aid group?"
MEX,Q106,risktaking,scale_1_10,1,nan,319,1728,1741,0.18460648148148148,1,"How would you place your views on this scale? 1 means you agree completely with statement A; 10 means you agree completely with statement B; and if your views fall somewhere in between, you can choose any number in between. Statement A: Incomes should be made more equal; Statement B: there should be greater incentives for individual effort?"
MEX,Q106,risktaking,scale_1_10,2,,94,1728,1741,0.05439814814814815,1,"How would you place your views on this scale? 1 means you agree completely with statement A; 10 means you agree completely with statement B; and if your views fall somewhere in between, you can choose any number in between. Statement A: Incomes should be made more equal; Statement B: there should be greater incentives for individual effort?"
MEX,Q106,risktaking,scale_1_10,3,,90,1728,1741,0.052083333333333336,1,"How would you place your views on this scale? 1 means you agree completely with statement A; 10 means you agree completely with statement B; and if your views fall somewhere in between, you can choose any number in between. Statement A: Incomes should be made more equal; Statement B: there should be greater incentives for individual effort?"
MEX,Q106,risktaking,scale_1_10,4,,86,1728,1741,0.04976851851851852,1,"How would you place your views on this scale? 1 means you agree completely with statement A; 10 means you agree completely with statement B; and if your views fall somewhere in between, you can choose any number in between. Statement A: Incomes should be made more equal; Statement B: there should be greater incentives for individual effort?"
MEX,Q106,risktaking,scale_1_10,5,,229,1728,1741,0.13252314814814814,1,"How would you place your views on this scale? 1 means you agree completely with statement A; 10 means you agree completely with statement B; and if your views fall somewhere in between, you can choose any number in between. Statement A: Incomes should be made more equal; Statement B: there should be greater incentives for individual effort?"
MEX,Q106,risktaking,scale_1_10,6,,129,1728,1741,0.07465277777777778,1,"How would you place your views on this scale? 1 means you agree completely with statement A; 10 means you agree completely with statement B; and if your views fall somewhere in between, you can choose any number in between. Statement A: Incomes should be made more equal; Statement B: there should be greater incentives for individual effort?"
MEX,Q106,risktaking,scale_1_10,7,,139,1728,1741,0.08043981481481481,1,"How would you place your views on this scale? 1 means you agree completely with statement A; 10 means you agree completely with statement B; and if your views fall somewhere in between, you can choose any number in between. Statement A: Incomes should be made more equal; Statement B: there should be greater incentives for individual effort?"
MEX,Q106,risktaking,scale_1_10,8,,198,1728,1741,0.11458333333333333,1,"How would you place your views on this scale? 1 means you agree completely with statement A; 10 means you agree completely with statement B; and if your views fall somewhere in between, you can choose any number in between. Statement A: Incomes should be made more equal; Statement B: there should be greater incentives for individual effort?"
MEX,Q106,risktaking,scale_1_10,9,,105,1728,1741,0.06076388888888889,1,"How would you place your views on this scale? 1 means you agree completely with statement A; 10 means you agree completely with statement B; and if your views fall somewhere in between, you can choose any number in between. Statement A: Incomes should be made more equal; Statement B: there should be greater incentives for individual effort?"
MEX,Q106,risktaking,scale_1_10,10,,339,1728,1741,0.19618055555555555,1,"How would you place your views on this scale? 1 means you agree completely with statement A; 10 means you agree completely with statement B; and if your views fall somewhere in between, you can choose any number in between. Statement A: Incomes should be made more equal; Statement B: there should be greater incentives for individual effort?"
MEX,Q107,risktaking,scale_1_10,1,nan,220,1670,1741,0.1317365269461078,1,"How would you place your views on this scale? 1 means you agree completely with statement A; 10 means you agree completely with statement B; and if your views fall somewhere in between, you can choose any number in between. Statement A: Private ownership of business and industry should be increased; Statement B: Government ownership of business and industry should be increased?"
MEX,Q107,risktaking,scale_1_10,2,,68,1670,1741,0.0407185628742515,1,"How would you place your views on this scale? 1 means you agree completely with statement A; 10 means you agree completely with statement B; and if your views fall somewhere in between, you can choose any number in between. Statement A: Private ownership of business and industry should be increased; Statement B: Government ownership of business and industry should be increased?"
MEX,Q107,risktaking,scale_1_10,3,,98,1670,1741,0.058682634730538925,1,"How would you place your views on this scale? 1 means you agree completely with statement A; 10 means you agree completely with statement B; and if your views fall somewhere in between, you can choose any number in between. Statement A: Private ownership of business and industry should be increased; Statement B: Government ownership of business and industry should be increased?"
MEX,Q107,risktaking,scale_1_10,4,,90,1670,1741,0.05389221556886228,1,"How would you place your views on this scale? 1 means you agree completely with statement A; 10 means you agree completely with statement B; and if your views fall somewhere in between, you can choose any number in between. Statement A: Private ownership of business and industry should be increased; Statement B: Government ownership of business and industry should be increased?"
MEX,Q107,risktaking,scale_1_10,5,,337,1670,1741,0.20179640718562875,1,"How would you place your views on this scale? 1 means you agree completely with statement A; 10 means you agree completely with statement B; and if your views fall somewhere in between, you can choose any number in between. Statement A: Private ownership of business and industry should be increased; Statement B: Government ownership of business and industry should be increased?"
MEX,Q107,risktaking,scale_1_10,6,,151,1670,1741,0.09041916167664671,1,"How would you place your views on this scale? 1 means you agree completely with statement A; 10 means you agree completely with statement B; and if your views fall somewhere in between, you can choose any number in between. Statement A: Private ownership of business and industry should be increased; Statement B: Government ownership of business and industry should be increased?"
MEX,Q107,risktaking,scale_1_10,7,,163,1670,1741,0.09760479041916167,1,"How would you place your views on this scale? 1 means you agree completely with statement A; 10 means you agree completely with statement B; and if your views fall somewhere in between, you can choose any number in between. Statement A: Private ownership of business and industry should be increased; Statement B: Government ownership of business and industry should be increased?"
MEX,Q107,risktaking,scale_1_10,8,,183,1670,1741,0.10958083832335329,1,"How would you place your views on this scale? 1 means you agree completely with statement A; 10 means you agree completely with statement B; and if your views fall somewhere in between, you can choose any number in between. Statement A: Private ownership of business and industry should be increased; Statement B: Government ownership of business and industry should be increased?"
MEX,Q107,risktaking,scale_1_10,9,,115,1670,1741,0.0688622754491018,1,"How would you place your views on this scale? 1 means you agree completely with statement A; 10 means you agree completely with statement B; and if your views fall somewhere in between, you can choose any number in between. Statement A: Private ownership of business and industry should be increased; Statement B: Government ownership of business and industry should be increased?"
MEX,Q107,risktaking,scale_1_10,10,,245,1670,1741,0.1467065868263473,1,"How would you place your views on this scale? 1 means you agree completely with statement A; 10 means you agree completely with statement B; and if your views fall somewhere in between, you can choose any number in between. Statement A: Private ownership of business and industry should be increased; Statement B: Government ownership of business and industry should be increased?"
MEX,Q109,risktaking,scale_1_10,1,nan,509,1729,1741,0.2943898207056102,-1,"How would you place your views on this scale? 1 means you agree completely with statement A; 10 means you agree completely with statement B; and if your views fall somewhere in between, you can choose any number in between. Statement A: Competition is good; Statement B:  Competition is harmful?"
MEX,Q109,risktaking,scale_1_10,2,,103,1729,1741,0.059572006940427996,-1,"How would you place your views on this scale? 1 means you agree completely with statement A; 10 means you agree completely with statement B; and if your views fall somewhere in between, you can choose any number in between. Statement A: Competition is good; Statement B:  Competition is harmful?"
MEX,Q109,risktaking,scale_1_10,3,,146,1729,1741,0.08444187391555813,-1,"How would you place your views on this scale? 1 means you agree completely with statement A; 10 means you agree completely with statement B; and if your views fall somewhere in between, you can choose any number in between. Statement A: Competition is good; Statement B:  Competition is harmful?"
MEX,Q109,risktaking,scale_1_10,4,,131,1729,1741,0.07576633892423366,-1,"How would you place your views on this scale? 1 means you agree completely with statement A; 10 means you agree completely with statement B; and if your views fall somewhere in between, you can choose any number in between. Statement A: Competition is good; Statement B:  Competition is harmful?"
MEX,Q109,risktaking,scale_1_10,5,,278,1729,1741,0.1607865818392134,-1,"How would you place your views on this scale? 1 means you agree completely with statement A; 10 means you agree completely with statement B; and if your views fall somewhere in between, you can choose any number in between. Statement A: Competition is good; Statement B:  Competition is harmful?"
MEX,Q109,risktaking,scale_1_10,6,,116,1729,1741,0.0670908039329092,-1,"How would you place your views on this scale? 1 means you agree completely with statement A; 10 means you agree completely with statement B; and if your views fall somewhere in between, you can choose any number in between. Statement A: Competition is good; Statement B:  Competition is harmful?"
MEX,Q109,risktaking,scale_1_10,7,,98,1729,1741,0.05668016194331984,-1,"How would you place your views on this scale? 1 means you agree completely with statement A; 10 means you agree completely with statement B; and if your views fall somewhere in between, you can choose any number in between. Statement A: Competition is good; Statement B:  Competition is harmful?"
MEX,Q109,risktaking,scale_1_10,8,,132,1729,1741,0.07634470792365529,-1,"How would you place your views on this scale? 1 means you agree completely with statement A; 10 means you agree completely with statement B; and if your views fall somewhere in between, you can choose any number in between. Statement A: Competition is good; Statement B:  Competition is harmful?"
MEX,Q109,risktaking,scale_1_10,9,,72,1729,1741,0.04164256795835743,-1,"How would you place your views on this scale? 1 means you agree completely with statement A; 10 means you agree completely with statement B; and if your views fall somewhere in between, you can choose any number in between. Statement A: Competition is good; Statement B:  Competition is harmful?"
MEX,Q109,risktaking,scale_1_10,10,,144,1729,1741,0.08328513591671487,-1,"How would you place your views on this scale? 1 means you agree completely with statement A; 10 means you agree completely with statement B; and if your views fall somewhere in between, you can choose any number in between. Statement A: Competition is good; Statement B:  Competition is harmful?"
MEX,Q174,posrecip,single_choice_2,1,To follow religious norms and ceremonies,254,1730,1741,0.14682080924855492,1,Which of the following statements do you agree with most: The basic meaning of religion is to follow religious norms and ceremonies; The basic meaning of religion is to do good to other people?
MEX,Q174,posrecip,single_choice_2,2,To do good to other people / To make sense of life after death,1476,1730,1741,0.8531791907514451,1,Which of the following statements do you agree with most: The basic meaning of religion is to follow religious norms and ceremonies; The basic meaning of religion is to do good to other people?
MEX,Q176,negrecip,scale_1_10,1,Completely agree,203,1724,1741,0.1177494199535963,1,"On a 10-point scale, how much do you agree or disagree that nowadays one often has trouble deciding which moral rules are the right ones to follow?"
MEX,Q176,negrecip,scale_1_10,2,2,75,1724,1741,0.043503480278422275,1,"On a 10-point scale, how much do you agree or disagree that nowadays one often has trouble deciding which moral rules are the right ones to follow?"
MEX,Q176,negrecip,scale_1_10,3,3,96,1724,1741,0.05568445475638051,1,"On a 10-point scale, how much do you agree or disagree that nowadays one often has trouble deciding which moral rules are the right ones to follow?"
MEX,Q176,negrecip,scale_1_10,4,4,101,1724,1741,0.058584686774941996,1,"On a 10-point scale, how much do you agree or disagree that nowadays one often has trouble deciding which moral rules are the right ones to follow?"
MEX,Q176,negrecip,scale_1_10,5,5,291,1724,1741,0.1687935034802784,1,"On a 10-point scale, how much do you agree or disagree that nowadays one often has trouble deciding which moral rules are the right ones to follow?"
MEX,Q176,negrecip,scale_1_10,6,6,175,1724,1741,0.10150812064965198,1,"On a 10-point scale, how much do you agree or disagree that nowadays one often has trouble deciding which moral rules are the right ones to follow?"
MEX,Q176,negrecip,scale_1_10,7,7,191,1724,1741,0.11078886310904873,1,"On a 10-point scale, how much do you agree or disagree that nowadays one often has trouble deciding which moral rules are the right ones to follow?"
MEX,Q176,negrecip,scale_1_10,8,8,232,1724,1741,0.1345707656612529,1,"On a 10-point scale, how much do you agree or disagree that nowadays one often has trouble deciding which moral rules are the right ones to follow?"
MEX,Q176,negrecip,scale_1_10,9,9,101,1724,1741,0.058584686774941996,1,"On a 10-point scale, how much do you agree or disagree that nowadays one often has trouble deciding which moral rules are the right ones to follow?"
MEX,Q176,negrecip,scale_1_10,10,Completely disagree,259,1724,1741,0.1502320185614849,1,"On a 10-point scale, how much do you agree or disagree that nowadays one often has trouble deciding which moral rules are the right ones to follow?"
MEX,Q177,negrecip,scale_1_10,1,Never justifiable,462,1719,1741,0.268760907504363,-1,"Do you think claiming government benefits to which you are not entitled can always be justified, never be justified, or something in between? Answer on a 10-point scale."
MEX,Q177,negrecip,scale_1_10,2,2,150,1719,1741,0.08726003490401396,-1,"Do you think claiming government benefits to which you are not entitled can always be justified, never be justified, or something in between? Answer on a 10-point scale."
MEX,Q177,negrecip,scale_1_10,3,3,143,1719,1741,0.08318789994182664,-1,"Do you think claiming government benefits to which you are not entitled can always be justified, never be justified, or something in between? Answer on a 10-point scale."
MEX,Q177,negrecip,scale_1_10,4,4,77,1719,1741,0.0447934845840605,-1,"Do you think claiming government benefits to which you are not entitled can always be justified, never be justified, or something in between? Answer on a 10-point scale."
MEX,Q177,negrecip,scale_1_10,5,5,215,1719,1741,0.12507271669575334,-1,"Do you think claiming government benefits to which you are not entitled can always be justified, never be justified, or something in between? Answer on a 10-point scale."
MEX,Q177,negrecip,scale_1_10,6,6,113,1719,1741,0.06573589296102385,-1,"Do you think claiming government benefits to which you are not entitled can always be justified, never be justified, or something in between? Answer on a 10-point scale."
MEX,Q177,negrecip,scale_1_10,7,7,137,1719,1741,0.07969749854566609,-1,"Do you think claiming government benefits to which you are not entitled can always be justified, never be justified, or something in between? Answer on a 10-point scale."
MEX,Q177,negrecip,scale_1_10,8,8,142,1719,1741,0.08260616637579989,-1,"Do you think claiming government benefits to which you are not entitled can always be justified, never be justified, or something in between? Answer on a 10-point scale."
MEX,Q177,negrecip,scale_1_10,9,9,73,1719,1741,0.04246655031995346,-1,"Do you think claiming government benefits to which you are not entitled can always be justified, never be justified, or something in between? Answer on a 10-point scale."
MEX,Q177,negrecip,scale_1_10,10,Always justifiable,207,1719,1741,0.12041884816753927,-1,"Do you think claiming government benefits to which you are not entitled can always be justified, never be justified, or something in between? Answer on a 10-point scale."
MEX,Q178,risktaking,scale_1_10,1,Never justifiable,513,1721,1741,0.2980825101685067,-1,"Do you think avoiding a fare on public transport can always be justified, never be justified, or something in between? Answer on a 10-point scale."
MEX,Q178,risktaking,scale_1_10,2,2,207,1721,1741,0.12027890761185357,-1,"Do you think avoiding a fare on public transport can always be justified, never be justified, or something in between? Answer on a 10-point scale."
MEX,Q178,risktaking,scale_1_10,3,3,125,1721,1741,0.0726321905868681,-1,"Do you think avoiding a fare on public transport can always be justified, never be justified, or something in between? Answer on a 10-point scale."
MEX,Q178,risktaking,scale_1_10,4,4,94,1721,1741,0.05461940732132481,-1,"Do you think avoiding a fare on public transport can always be justified, never be justified, or something in between? Answer on a 10-point scale."
MEX,Q178,risktaking,scale_1_10,5,5,193,1721,1741,0.11214410226612434,-1,"Do you think avoiding a fare on public transport can always be justified, never be justified, or something in between? Answer on a 10-point scale."
MEX,Q178,risktaking,scale_1_10,6,6,104,1721,1741,0.06042998256827426,-1,"Do you think avoiding a fare on public transport can always be justified, never be justified, or something in between? Answer on a 10-point scale."
MEX,Q178,risktaking,scale_1_10,7,7,122,1721,1741,0.07088901801278326,-1,"Do you think avoiding a fare on public transport can always be justified, never be justified, or something in between? Answer on a 10-point scale."
MEX,Q178,risktaking,scale_1_10,8,8,139,1721,1741,0.08076699593259733,-1,"Do you think avoiding a fare on public transport can always be justified, never be justified, or something in between? Answer on a 10-point scale."
MEX,Q178,risktaking,scale_1_10,9,9,71,1721,1741,0.04125508425334108,-1,"Do you think avoiding a fare on public transport can always be justified, never be justified, or something in between? Answer on a 10-point scale."
MEX,Q178,risktaking,scale_1_10,10,Always justifiable,153,1721,1741,0.08890180127832656,-1,"Do you think avoiding a fare on public transport can always be justified, never be justified, or something in between? Answer on a 10-point scale."
MEX,Q179,negrecip,scale_1_10,1,Never justifiable,1103,1733,1741,0.6364685516445471,-1,"Do you think stealing property can always be justified, never be justified, or something in between? Answer on a 10-point scale."
MEX,Q179,negrecip,scale_1_10,2,2,169,1733,1741,0.09751875360646278,-1,"Do you think stealing property can always be justified, never be justified, or something in between? Answer on a 10-point scale."
MEX,Q179,negrecip,scale_1_10,3,3,94,1733,1741,0.054241200230813615,-1,"Do you think stealing property can always be justified, never be justified, or something in between? Answer on a 10-point scale."
MEX,Q179,negrecip,scale_1_10,4,4,64,1733,1741,0.03693017888055395,-1,"Do you think stealing property can always be justified, never be justified, or something in between? Answer on a 10-point scale."
MEX,Q179,negrecip,scale_1_10,5,5,101,1733,1741,0.058280438545874204,-1,"Do you think stealing property can always be justified, never be justified, or something in between? Answer on a 10-point scale."
MEX,Q179,negrecip,scale_1_10,6,6,53,1733,1741,0.030582804385458743,-1,"Do you think stealing property can always be justified, never be justified, or something in between? Answer on a 10-point scale."
MEX,Q179,negrecip,scale_1_10,7,7,50,1733,1741,0.028851702250432775,-1,"Do you think stealing property can always be justified, never be justified, or something in between? Answer on a 10-point scale."
MEX,Q179,negrecip,scale_1_10,8,8,38,1733,1741,0.02192729371032891,-1,"Do you think stealing property can always be justified, never be justified, or something in between? Answer on a 10-point scale."
MEX,Q179,negrecip,scale_1_10,9,9,20,1733,1741,0.01154068090017311,-1,"Do you think stealing property can always be justified, never be justified, or something in between? Answer on a 10-point scale."
MEX,Q179,negrecip,scale_1_10,10,Always justifiable,41,1733,1741,0.023658395845354875,-1,"Do you think stealing property can always be justified, never be justified, or something in between? Answer on a 10-point scale."
MEX,Q195,negrecip,scale_1_10,1,Never justifiable,800,1712,1741,0.4672897196261682,1,"Do you think death penalty can always be justified, never be justified, or something in between? Answer on a 10-point scale."
MEX,Q195,negrecip,scale_1_10,2,2,134,1712,1741,0.07827102803738317,1,"Do you think death penalty can always be justified, never be justified, or something in between? Answer on a 10-point scale."
MEX,Q195,negrecip,scale_1_10,3,3,92,1712,1741,0.053738317757009345,1,"Do you think death penalty can always be justified, never be justified, or something in between? Answer on a 10-point scale."
MEX,Q195,negrecip,scale_1_10,4,4,58,1712,1741,0.03387850467289719,1,"Do you think death penalty can always be justified, never be justified, or something in between? Answer on a 10-point scale."
MEX,Q195,negrecip,scale_1_10,5,5,173,1712,1741,0.10105140186915888,1,"Do you think death penalty can always be justified, never be justified, or something in between? Answer on a 10-point scale."
MEX,Q195,negrecip,scale_1_10,6,6,89,1712,1741,0.051985981308411214,1,"Do you think death penalty can always be justified, never be justified, or something in between? Answer on a 10-point scale."
MEX,Q195,negrecip,scale_1_10,7,7,63,1712,1741,0.036799065420560745,1,"Do you think death penalty can always be justified, never be justified, or something in between? Answer on a 10-point scale."
MEX,Q195,negrecip,scale_1_10,8,8,80,1712,1741,0.04672897196261682,1,"Do you think death penalty can always be justified, never be justified, or something in between? Answer on a 10-point scale."
MEX,Q195,negrecip,scale_1_10,9,9,58,1712,1741,0.03387850467289719,1,"Do you think death penalty can always be justified, never be justified, or something in between? Answer on a 10-point scale."
MEX,Q195,negrecip,scale_1_10,10,Always justifiable,165,1712,1741,0.0963785046728972,1,"Do you think death penalty can always be justified, never be justified, or something in between? Answer on a 10-point scale."
NGA,Q12,posrecip,multiple_response_max_5,1,Yes,764,1237,1237,0.6176232821341956,1,Is tolerance and respect for other people one of the qualities children should be encouraged to learn at home?
NGA,Q12,posrecip,multiple_response_max_5,2,No,473,1237,1237,0.38237671786580435,1,Is tolerance and respect for other people one of the qualities children should be encouraged to learn at home?
NGA,Q13,patience,multiple_response_max_5,1,Yes,172,1237,1237,0.13904607922392886,1,"Is thrift, saving money and things one of the qualities children should be encouraged to learn at home?"
NGA,Q13,patience,multiple_response_max_5,2,No,1065,1237,1237,0.8609539207760711,1,"Is thrift, saving money and things one of the qualities children should be encouraged to learn at home?"
NGA,Q14,patience,multiple_response_max_5,1,Yes,257,1237,1237,0.20776071139854488,1,"Is determination, perseverance one of the qualities children should be encouraged to learn at home?"
NGA,Q14,patience,multiple_response_max_5,2,No,980,1237,1237,0.7922392886014551,1,"Is determination, perseverance one of the qualities children should be encouraged to learn at home?"
NGA,Q43,patience,single_choice_3,1,Good thing,467,1222,1237,0.3821603927986907,-1,"If this change were to happen, would it be a good thing, a bad thing, or would you not mind: less importance placed on work in our lives?"
NGA,Q43,patience,single_choice_3,2,Don't mind,203,1222,1237,0.16612111292962356,-1,"If this change were to happen, would it be a good thing, a bad thing, or would you not mind: less importance placed on work in our lives?"
NGA,Q43,patience,single_choice_3,3,Bad thing,552,1222,1237,0.45171849427168576,-1,"If this change were to happen, would it be a good thing, a bad thing, or would you not mind: less importance placed on work in our lives?"
NGA,Q50,patience,scale_1_10,1,Completely dissatisfied,173,1235,1237,0.14008097165991903,1,How satisfied are you with the financial situation of your household on a scale from 1 to 10?
NGA,Q50,patience,scale_1_10,2,2,104,1235,1237,0.08421052631578947,1,How satisfied are you with the financial situation of your household on a scale from 1 to 10?
NGA,Q50,patience,scale_1_10,3,3,172,1235,1237,0.13927125506072874,1,How satisfied are you with the financial situation of your household on a scale from 1 to 10?
NGA,Q50,patience,scale_1_10,4,4,157,1235,1237,0.12712550607287448,1,How satisfied are you with the financial situation of your household on a scale from 1 to 10?
NGA,Q50,patience,scale_1_10,5,5,151,1235,1237,0.12226720647773279,1,How satisfied are you with the financial situation of your household on a scale from 1 to 10?
NGA,Q50,patience,scale_1_10,6,6,127,1235,1237,0.10283400809716599,1,How satisfied are you with the financial situation of your household on a scale from 1 to 10?
NGA,Q50,patience,scale_1_10,7,7,117,1235,1237,0.09473684210526316,1,How satisfied are you with the financial situation of your household on a scale from 1 to 10?
NGA,Q50,patience,scale_1_10,8,8,115,1235,1237,0.0931174089068826,1,How satisfied are you with the financial situation of your household on a scale from 1 to 10?
NGA,Q50,patience,scale_1_10,9,9,39,1235,1237,0.031578947368421054,1,How satisfied are you with the financial situation of your household on a scale from 1 to 10?
NGA,Q50,patience,scale_1_10,10,Completely satisfied,80,1235,1237,0.06477732793522267,1,How satisfied are you with the financial situation of your household on a scale from 1 to 10?
NGA,Q57,trust,single_choice_2,1,Most people can be trusted,156,1230,1237,0.12682926829268293,-1,"Generally speaking, would you say that most people can be trusted or that you need to be very careful in dealing with people?"
NGA,Q57,trust,single_choice_2,2,Need to be very careful,1074,1230,1237,0.8731707317073171,-1,"Generally speaking, would you say that most people can be trusted or that you need to be very careful in dealing with people?"
NGA,Q58,trust,single_choice_4,1,Trust completely,744,1234,1237,0.6029173419773096,-1,"How much do you trust your family: completely, somewhat, not very much or not at all?"
NGA,Q58,trust,single_choice_4,2,Trust somewhat,349,1234,1237,0.28282009724473256,-1,"How much do you trust your family: completely, somewhat, not very much or not at all?"
NGA,Q58,trust,single_choice_4,3,Do not trust very much,118,1234,1237,0.09562398703403566,-1,"How much do you trust your family: completely, somewhat, not very much or not at all?"
NGA,Q58,trust,single_choice_4,4,Do not trust at all,23,1234,1237,0.018638573743922204,-1,"How much do you trust your family: completely, somewhat, not very much or not at all?"
NGA,Q59,trust,single_choice_4,1,Trust completely,253,1235,1237,0.2048582995951417,-1,"How much do you trust your neighborhood: completely, somewhat, not very much or not at all?"
NGA,Q59,trust,single_choice_4,2,Trust somewhat,509,1235,1237,0.4121457489878543,-1,"How much do you trust your neighborhood: completely, somewhat, not very much or not at all?"
NGA,Q59,trust,single_choice_4,3,Do not trust very much,327,1235,1237,0.2647773279352227,-1,"How much do you trust your neighborhood: completely, somewhat, not very much or not at all?"
NGA,Q59,trust,single_choice_4,4,Do not trust at all,146,1235,1237,0.11821862348178137,-1,"How much do you trust your neighborhood: completely, somewhat, not very much or not at all?"
NGA,Q60,trust,single_choice_4,1,Trust completely,229,1236,1237,0.18527508090614886,-1,"How much do you trust people you know personally: completely, somewhat, not very much or not at all?"
NGA,Q60,trust,single_choice_4,2,Trust somewhat,506,1236,1237,0.40938511326860844,-1,"How much do you trust people you know personally: completely, somewhat, not very much or not at all?"
NGA,Q60,trust,single_choice_4,3,Do not trust very much,353,1236,1237,0.28559870550161814,-1,"How much do you trust people you know personally: completely, somewhat, not very much or not at all?"
NGA,Q60,trust,single_choice_4,4,Do not trust at all,148,1236,1237,0.11974110032362459,-1,"How much do you trust people you know personally: completely, somewhat, not very much or not at all?"
NGA,Q61,trust,single_choice_4,1,Trust completely,69,1235,1237,0.055870445344129556,-1,"How much do you trust people you meet for the first time: completely, somewhat, not very much or not at all?"
NGA,Q61,trust,single_choice_4,2,Trust somewhat,252,1235,1237,0.2040485829959514,-1,"How much do you trust people you meet for the first time: completely, somewhat, not very much or not at all?"
NGA,Q61,trust,single_choice_4,3,Do not trust very much,476,1235,1237,0.3854251012145749,-1,"How much do you trust people you meet for the first time: completely, somewhat, not very much or not at all?"
NGA,Q61,trust,single_choice_4,4,Do not trust at all,438,1235,1237,0.35465587044534413,-1,"How much do you trust people you meet for the first time: completely, somewhat, not very much or not at all?"
NGA,Q62,trust,single_choice_4,1,Trust completely,116,1231,1237,0.09423233143785541,-1,"How much do you trust people of another religion: completely, somewhat, not very much or not at all?"
NGA,Q62,trust,single_choice_4,2,Trust somewhat,409,1231,1237,0.3322502030869212,-1,"How much do you trust people of another religion: completely, somewhat, not very much or not at all?"
NGA,Q62,trust,single_choice_4,3,Do not trust very much,424,1231,1237,0.34443541835905767,-1,"How much do you trust people of another religion: completely, somewhat, not very much or not at all?"
NGA,Q62,trust,single_choice_4,4,Do not trust at all,282,1231,1237,0.22908204711616573,-1,"How much do you trust people of another religion: completely, somewhat, not very much or not at all?"
NGA,Q63,trust,single_choice_4,1,Trust completely,64,1231,1237,0.05199025182778229,-1,"How much do you trust people of another nationality:  completely, somewhat, not very much or not at all?"
NGA,Q63,trust,single_choice_4,2,Trust somewhat,332,1231,1237,0.2696994313566206,-1,"How much do you trust people of another nationality:  completely, somewhat, not very much or not at all?"
NGA,Q63,trust,single_choice_4,3,Do not trust very much,457,1231,1237,0.37124289195775795,-1,"How much do you trust people of another nationality:  completely, somewhat, not very much or not at all?"
NGA,Q63,trust,single_choice_4,4,Do not trust at all,378,1231,1237,0.30706742485783917,-1,"How much do you trust people of another nationality:  completely, somewhat, not very much or not at all?"
NGA,Q64,trust,single_choice_4,1,A great deal,858,1235,1237,0.6947368421052632,-1,"How much confidence do you have in the churches: a great deal of confidence, quite a lot of confidence, not very much confidence or none at all?"
NGA,Q64,trust,single_choice_4,2,Quite a lot,234,1235,1237,0.18947368421052632,-1,"How much confidence do you have in the churches: a great deal of confidence, quite a lot of confidence, not very much confidence or none at all?"
NGA,Q64,trust,single_choice_4,3,Not very much,120,1235,1237,0.09716599190283401,-1,"How much confidence do you have in the churches: a great deal of confidence, quite a lot of confidence, not very much confidence or none at all?"
NGA,Q64,trust,single_choice_4,4,None at all,23,1235,1237,0.01862348178137652,-1,"How much confidence do you have in the churches: a great deal of confidence, quite a lot of confidence, not very much confidence or none at all?"
NGA,Q69,trust,single_choice_4,1,A great deal,105,1235,1237,0.08502024291497975,-1,"How much confidence do you have in the police: a great deal of confidence, quite a lot of confidence, not very much confidence or none at all?"
NGA,Q69,trust,single_choice_4,2,Quite a lot,229,1235,1237,0.1854251012145749,-1,"How much confidence do you have in the police: a great deal of confidence, quite a lot of confidence, not very much confidence or none at all?"
NGA,Q69,trust,single_choice_4,3,Not very much,391,1235,1237,0.31659919028340083,-1,"How much confidence do you have in the police: a great deal of confidence, quite a lot of confidence, not very much confidence or none at all?"
NGA,Q69,trust,single_choice_4,4,None at all,510,1235,1237,0.41295546558704455,-1,"How much confidence do you have in the police: a great deal of confidence, quite a lot of confidence, not very much confidence or none at all?"
NGA,Q70,trust,single_choice_4,1,A great deal,175,1224,1237,0.14297385620915032,-1,"How much confidence do you have in the courts: a great deal of confidence, quite a lot of confidence, not very much confidence or none at all?"
NGA,Q70,trust,single_choice_4,2,Quite a lot,358,1224,1237,0.29248366013071897,-1,"How much confidence do you have in the courts: a great deal of confidence, quite a lot of confidence, not very much confidence or none at all?"
NGA,Q70,trust,single_choice_4,3,Not very much,444,1224,1237,0.3627450980392157,-1,"How much confidence do you have in the courts: a great deal of confidence, quite a lot of confidence, not very much confidence or none at all?"
NGA,Q70,trust,single_choice_4,4,None at all,247,1224,1237,0.20179738562091504,-1,"How much confidence do you have in the courts: a great deal of confidence, quite a lot of confidence, not very much confidence or none at all?"
NGA,Q71,trust,single_choice_4,1,A great deal,179,1233,1237,0.14517437145174372,-1,"How much confidence do you have in the government: a great deal of confidence, quite a lot of confidence, not very much confidence or none at all?"
NGA,Q71,trust,single_choice_4,2,Quite a lot,320,1233,1237,0.259529602595296,-1,"How much confidence do you have in the government: a great deal of confidence, quite a lot of confidence, not very much confidence or none at all?"
NGA,Q71,trust,single_choice_4,3,Not very much,436,1233,1237,0.35360908353609083,-1,"How much confidence do you have in the government: a great deal of confidence, quite a lot of confidence, not very much confidence or none at all?"
NGA,Q71,trust,single_choice_4,4,None at all,298,1233,1237,0.24168694241686942,-1,"How much confidence do you have in the government: a great deal of confidence, quite a lot of confidence, not very much confidence or none at all?"
NGA,Q73,trust,single_choice_4,1,A great deal,103,1220,1237,0.08442622950819673,-1,"How much confidence do you have in parliament: a great deal of confidence, quite a lot of confidence, not very much confidence or none at all?"
NGA,Q73,trust,single_choice_4,2,Quite a lot,312,1220,1237,0.25573770491803277,-1,"How much confidence do you have in parliament: a great deal of confidence, quite a lot of confidence, not very much confidence or none at all?"
NGA,Q73,trust,single_choice_4,3,Not very much,498,1220,1237,0.4081967213114754,-1,"How much confidence do you have in parliament: a great deal of confidence, quite a lot of confidence, not very much confidence or none at all?"
NGA,Q73,trust,single_choice_4,4,None at all,307,1220,1237,0.25163934426229506,-1,"How much confidence do you have in parliament: a great deal of confidence, quite a lot of confidence, not very much confidence or none at all?"
NGA,Q81,posrecip,single_choice_4,1,A great deal,370,1202,1237,0.30782029950083195,-1,"How much confidence do you have in charitable or humanitarian organizations: a great deal of confidence, quite a lot of confidence, not very much confidence or none at all?"
NGA,Q81,posrecip,single_choice_4,2,Quite a lot,434,1202,1237,0.3610648918469218,-1,"How much confidence do you have in charitable or humanitarian organizations: a great deal of confidence, quite a lot of confidence, not very much confidence or none at all?"
NGA,Q81,posrecip,single_choice_4,3,Not very much,293,1202,1237,0.2437603993344426,-1,"How much confidence do you have in charitable or humanitarian organizations: a great deal of confidence, quite a lot of confidence, not very much confidence or none at all?"
NGA,Q81,posrecip,single_choice_4,4,None at all,105,1202,1237,0.08735440931780367,-1,"How much confidence do you have in charitable or humanitarian organizations: a great deal of confidence, quite a lot of confidence, not very much confidence or none at all?"
NGA,Q99,altruism,single_choice_3,2,Active member,112,1211,1237,0.09248554913294797,1,"Are you an active member, an inactive member, or not a member of an environmental organization?"
NGA,Q99,altruism,single_choice_3,1,Inactive member,142,1211,1237,0.11725846407927333,1,"Are you an active member, an inactive member, or not a member of an environmental organization?"
NGA,Q99,altruism,single_choice_3,0,Don't belong,957,1211,1237,0.7902559867877786,1,"Are you an active member, an inactive member, or not a member of an environmental organization?"
NGA,Q101,altruism,single_choice_3,2,Active member,121,1216,1237,0.09950657894736842,1,"Are you an active member, an inactive member, or not a member of humanitarian or a charitable organization?"
NGA,Q101,altruism,single_choice_3,1,Inactive member,160,1216,1237,0.13157894736842105,1,"Are you an active member, an inactive member, or not a member of humanitarian or a charitable organization?"
NGA,Q101,altruism,single_choice_3,0,Don't belong,935,1216,1237,0.7689144736842105,1,"Are you an active member, an inactive member, or not a member of humanitarian or a charitable organization?"
NGA,Q103,altruism,single_choice_3,2,Active member,175,1203,1237,0.14546965918536992,1,"Are you an active member, an inactive member, or not a member of a self-help group or a mutual aid group?"
NGA,Q103,altruism,single_choice_3,1,Inactive member,157,1203,1237,0.13050706566916043,1,"Are you an active member, an inactive member, or not a member of a self-help group or a mutual aid group?"
NGA,Q103,altruism,single_choice_3,0,Don't belong,871,1203,1237,0.7240232751454697,1,"Are you an active member, an inactive member, or not a member of a self-help group or a mutual aid group?"
NGA,Q106,risktaking,scale_1_10,1,nan,87,1232,1237,0.07061688311688312,1,"How would you place your views on this scale? 1 means you agree completely with statement A; 10 means you agree completely with statement B; and if your views fall somewhere in between, you can choose any number in between. Statement A: Incomes should be made more equal; Statement B: there should be greater incentives for individual effort?"
NGA,Q106,risktaking,scale_1_10,2,,37,1232,1237,0.030032467532467532,1,"How would you place your views on this scale? 1 means you agree completely with statement A; 10 means you agree completely with statement B; and if your views fall somewhere in between, you can choose any number in between. Statement A: Incomes should be made more equal; Statement B: there should be greater incentives for individual effort?"
NGA,Q106,risktaking,scale_1_10,3,,61,1232,1237,0.049512987012987016,1,"How would you place your views on this scale? 1 means you agree completely with statement A; 10 means you agree completely with statement B; and if your views fall somewhere in between, you can choose any number in between. Statement A: Incomes should be made more equal; Statement B: there should be greater incentives for individual effort?"
NGA,Q106,risktaking,scale_1_10,4,,39,1232,1237,0.03165584415584415,1,"How would you place your views on this scale? 1 means you agree completely with statement A; 10 means you agree completely with statement B; and if your views fall somewhere in between, you can choose any number in between. Statement A: Incomes should be made more equal; Statement B: there should be greater incentives for individual effort?"
NGA,Q106,risktaking,scale_1_10,5,,57,1232,1237,0.04626623376623377,1,"How would you place your views on this scale? 1 means you agree completely with statement A; 10 means you agree completely with statement B; and if your views fall somewhere in between, you can choose any number in between. Statement A: Incomes should be made more equal; Statement B: there should be greater incentives for individual effort?"
NGA,Q106,risktaking,scale_1_10,6,,73,1232,1237,0.05925324675324675,1,"How would you place your views on this scale? 1 means you agree completely with statement A; 10 means you agree completely with statement B; and if your views fall somewhere in between, you can choose any number in between. Statement A: Incomes should be made more equal; Statement B: there should be greater incentives for individual effort?"
NGA,Q106,risktaking,scale_1_10,7,,108,1232,1237,0.08766233766233766,1,"How would you place your views on this scale? 1 means you agree completely with statement A; 10 means you agree completely with statement B; and if your views fall somewhere in between, you can choose any number in between. Statement A: Incomes should be made more equal; Statement B: there should be greater incentives for individual effort?"
NGA,Q106,risktaking,scale_1_10,8,,146,1232,1237,0.1185064935064935,1,"How would you place your views on this scale? 1 means you agree completely with statement A; 10 means you agree completely with statement B; and if your views fall somewhere in between, you can choose any number in between. Statement A: Incomes should be made more equal; Statement B: there should be greater incentives for individual effort?"
NGA,Q106,risktaking,scale_1_10,9,,99,1232,1237,0.08035714285714286,1,"How would you place your views on this scale? 1 means you agree completely with statement A; 10 means you agree completely with statement B; and if your views fall somewhere in between, you can choose any number in between. Statement A: Incomes should be made more equal; Statement B: there should be greater incentives for individual effort?"
NGA,Q106,risktaking,scale_1_10,10,,525,1232,1237,0.42613636363636365,1,"How would you place your views on this scale? 1 means you agree completely with statement A; 10 means you agree completely with statement B; and if your views fall somewhere in between, you can choose any number in between. Statement A: Incomes should be made more equal; Statement B: there should be greater incentives for individual effort?"
NGA,Q107,risktaking,scale_1_10,1,nan,161,1233,1237,0.1305758313057583,1,"How would you place your views on this scale? 1 means you agree completely with statement A; 10 means you agree completely with statement B; and if your views fall somewhere in between, you can choose any number in between. Statement A: Private ownership of business and industry should be increased; Statement B: Government ownership of business and industry should be increased?"
NGA,Q107,risktaking,scale_1_10,2,,46,1233,1237,0.0373073803730738,1,"How would you place your views on this scale? 1 means you agree completely with statement A; 10 means you agree completely with statement B; and if your views fall somewhere in between, you can choose any number in between. Statement A: Private ownership of business and industry should be increased; Statement B: Government ownership of business and industry should be increased?"
NGA,Q107,risktaking,scale_1_10,3,,83,1233,1237,0.06731549067315491,1,"How would you place your views on this scale? 1 means you agree completely with statement A; 10 means you agree completely with statement B; and if your views fall somewhere in between, you can choose any number in between. Statement A: Private ownership of business and industry should be increased; Statement B: Government ownership of business and industry should be increased?"
NGA,Q107,risktaking,scale_1_10,4,,51,1233,1237,0.0413625304136253,1,"How would you place your views on this scale? 1 means you agree completely with statement A; 10 means you agree completely with statement B; and if your views fall somewhere in between, you can choose any number in between. Statement A: Private ownership of business and industry should be increased; Statement B: Government ownership of business and industry should be increased?"
NGA,Q107,risktaking,scale_1_10,5,,111,1233,1237,0.09002433090024331,1,"How would you place your views on this scale? 1 means you agree completely with statement A; 10 means you agree completely with statement B; and if your views fall somewhere in between, you can choose any number in between. Statement A: Private ownership of business and industry should be increased; Statement B: Government ownership of business and industry should be increased?"
NGA,Q107,risktaking,scale_1_10,6,,62,1233,1237,0.050283860502838604,1,"How would you place your views on this scale? 1 means you agree completely with statement A; 10 means you agree completely with statement B; and if your views fall somewhere in between, you can choose any number in between. Statement A: Private ownership of business and industry should be increased; Statement B: Government ownership of business and industry should be increased?"
NGA,Q107,risktaking,scale_1_10,7,,87,1233,1237,0.0705596107055961,1,"How would you place your views on this scale? 1 means you agree completely with statement A; 10 means you agree completely with statement B; and if your views fall somewhere in between, you can choose any number in between. Statement A: Private ownership of business and industry should be increased; Statement B: Government ownership of business and industry should be increased?"
NGA,Q107,risktaking,scale_1_10,8,,128,1233,1237,0.10381184103811841,1,"How would you place your views on this scale? 1 means you agree completely with statement A; 10 means you agree completely with statement B; and if your views fall somewhere in between, you can choose any number in between. Statement A: Private ownership of business and industry should be increased; Statement B: Government ownership of business and industry should be increased?"
NGA,Q107,risktaking,scale_1_10,9,,89,1233,1237,0.07218167072181671,1,"How would you place your views on this scale? 1 means you agree completely with statement A; 10 means you agree completely with statement B; and if your views fall somewhere in between, you can choose any number in between. Statement A: Private ownership of business and industry should be increased; Statement B: Government ownership of business and industry should be increased?"
NGA,Q107,risktaking,scale_1_10,10,,415,1233,1237,0.33657745336577455,1,"How would you place your views on this scale? 1 means you agree completely with statement A; 10 means you agree completely with statement B; and if your views fall somewhere in between, you can choose any number in between. Statement A: Private ownership of business and industry should be increased; Statement B: Government ownership of business and industry should be increased?"
NGA,Q109,risktaking,scale_1_10,1,nan,453,1235,1237,0.3668016194331984,-1,"How would you place your views on this scale? 1 means you agree completely with statement A; 10 means you agree completely with statement B; and if your views fall somewhere in between, you can choose any number in between. Statement A: Competition is good; Statement B:  Competition is harmful?"
NGA,Q109,risktaking,scale_1_10,2,,120,1235,1237,0.09716599190283401,-1,"How would you place your views on this scale? 1 means you agree completely with statement A; 10 means you agree completely with statement B; and if your views fall somewhere in between, you can choose any number in between. Statement A: Competition is good; Statement B:  Competition is harmful?"
NGA,Q109,risktaking,scale_1_10,3,,162,1235,1237,0.1311740890688259,-1,"How would you place your views on this scale? 1 means you agree completely with statement A; 10 means you agree completely with statement B; and if your views fall somewhere in between, you can choose any number in between. Statement A: Competition is good; Statement B:  Competition is harmful?"
NGA,Q109,risktaking,scale_1_10,4,,107,1235,1237,0.08663967611336032,-1,"How would you place your views on this scale? 1 means you agree completely with statement A; 10 means you agree completely with statement B; and if your views fall somewhere in between, you can choose any number in between. Statement A: Competition is good; Statement B:  Competition is harmful?"
NGA,Q109,risktaking,scale_1_10,5,,116,1235,1237,0.09392712550607288,-1,"How would you place your views on this scale? 1 means you agree completely with statement A; 10 means you agree completely with statement B; and if your views fall somewhere in between, you can choose any number in between. Statement A: Competition is good; Statement B:  Competition is harmful?"
NGA,Q109,risktaking,scale_1_10,6,,62,1235,1237,0.05020242914979757,-1,"How would you place your views on this scale? 1 means you agree completely with statement A; 10 means you agree completely with statement B; and if your views fall somewhere in between, you can choose any number in between. Statement A: Competition is good; Statement B:  Competition is harmful?"
NGA,Q109,risktaking,scale_1_10,7,,46,1235,1237,0.03724696356275304,-1,"How would you place your views on this scale? 1 means you agree completely with statement A; 10 means you agree completely with statement B; and if your views fall somewhere in between, you can choose any number in between. Statement A: Competition is good; Statement B:  Competition is harmful?"
NGA,Q109,risktaking,scale_1_10,8,,48,1235,1237,0.038866396761133605,-1,"How would you place your views on this scale? 1 means you agree completely with statement A; 10 means you agree completely with statement B; and if your views fall somewhere in between, you can choose any number in between. Statement A: Competition is good; Statement B:  Competition is harmful?"
NGA,Q109,risktaking,scale_1_10,9,,22,1235,1237,0.017813765182186234,-1,"How would you place your views on this scale? 1 means you agree completely with statement A; 10 means you agree completely with statement B; and if your views fall somewhere in between, you can choose any number in between. Statement A: Competition is good; Statement B:  Competition is harmful?"
NGA,Q109,risktaking,scale_1_10,10,,99,1235,1237,0.08016194331983806,-1,"How would you place your views on this scale? 1 means you agree completely with statement A; 10 means you agree completely with statement B; and if your views fall somewhere in between, you can choose any number in between. Statement A: Competition is good; Statement B:  Competition is harmful?"
NGA,Q174,posrecip,single_choice_2,1,To follow religious norms and ceremonies,473,1229,1237,0.38486574450772987,1,Which of the following statements do you agree with most: The basic meaning of religion is to follow religious norms and ceremonies; The basic meaning of religion is to do good to other people?
NGA,Q174,posrecip,single_choice_2,2,To do good to other people / To make sense of life after death,756,1229,1237,0.6151342554922702,1,Which of the following statements do you agree with most: The basic meaning of religion is to follow religious norms and ceremonies; The basic meaning of religion is to do good to other people?
NGA,Q176,negrecip,scale_1_10,1,Completely agree,241,1222,1237,0.1972176759410802,1,"On a 10-point scale, how much do you agree or disagree that nowadays one often has trouble deciding which moral rules are the right ones to follow?"
NGA,Q176,negrecip,scale_1_10,2,2,66,1222,1237,0.054009819967266774,1,"On a 10-point scale, how much do you agree or disagree that nowadays one often has trouble deciding which moral rules are the right ones to follow?"
NGA,Q176,negrecip,scale_1_10,3,3,120,1222,1237,0.09819967266775777,1,"On a 10-point scale, how much do you agree or disagree that nowadays one often has trouble deciding which moral rules are the right ones to follow?"
NGA,Q176,negrecip,scale_1_10,4,4,103,1222,1237,0.08428805237315876,1,"On a 10-point scale, how much do you agree or disagree that nowadays one often has trouble deciding which moral rules are the right ones to follow?"
NGA,Q176,negrecip,scale_1_10,5,5,158,1222,1237,0.12929623567921442,1,"On a 10-point scale, how much do you agree or disagree that nowadays one often has trouble deciding which moral rules are the right ones to follow?"
NGA,Q176,negrecip,scale_1_10,6,6,139,1222,1237,0.11374795417348608,1,"On a 10-point scale, how much do you agree or disagree that nowadays one often has trouble deciding which moral rules are the right ones to follow?"
NGA,Q176,negrecip,scale_1_10,7,7,124,1222,1237,0.10147299509001637,1,"On a 10-point scale, how much do you agree or disagree that nowadays one often has trouble deciding which moral rules are the right ones to follow?"
NGA,Q176,negrecip,scale_1_10,8,8,85,1222,1237,0.06955810147299508,1,"On a 10-point scale, how much do you agree or disagree that nowadays one often has trouble deciding which moral rules are the right ones to follow?"
NGA,Q176,negrecip,scale_1_10,9,9,55,1222,1237,0.045008183306055646,1,"On a 10-point scale, how much do you agree or disagree that nowadays one often has trouble deciding which moral rules are the right ones to follow?"
NGA,Q176,negrecip,scale_1_10,10,Completely disagree,131,1222,1237,0.1072013093289689,1,"On a 10-point scale, how much do you agree or disagree that nowadays one often has trouble deciding which moral rules are the right ones to follow?"
NGA,Q177,negrecip,scale_1_10,1,Never justifiable,822,1234,1237,0.6661264181523501,-1,"Do you think claiming government benefits to which you are not entitled can always be justified, never be justified, or something in between? Answer on a 10-point scale."
NGA,Q177,negrecip,scale_1_10,2,2,169,1234,1237,0.13695299837925445,-1,"Do you think claiming government benefits to which you are not entitled can always be justified, never be justified, or something in between? Answer on a 10-point scale."
NGA,Q177,negrecip,scale_1_10,3,3,97,1234,1237,0.07860615883306321,-1,"Do you think claiming government benefits to which you are not entitled can always be justified, never be justified, or something in between? Answer on a 10-point scale."
NGA,Q177,negrecip,scale_1_10,4,4,26,1234,1237,0.02106969205834684,-1,"Do you think claiming government benefits to which you are not entitled can always be justified, never be justified, or something in between? Answer on a 10-point scale."
NGA,Q177,negrecip,scale_1_10,5,5,26,1234,1237,0.02106969205834684,-1,"Do you think claiming government benefits to which you are not entitled can always be justified, never be justified, or something in between? Answer on a 10-point scale."
NGA,Q177,negrecip,scale_1_10,6,6,22,1234,1237,0.017828200972447326,-1,"Do you think claiming government benefits to which you are not entitled can always be justified, never be justified, or something in between? Answer on a 10-point scale."
NGA,Q177,negrecip,scale_1_10,7,7,11,1234,1237,0.008914100486223663,-1,"Do you think claiming government benefits to which you are not entitled can always be justified, never be justified, or something in between? Answer on a 10-point scale."
NGA,Q177,negrecip,scale_1_10,8,8,13,1234,1237,0.01053484602917342,-1,"Do you think claiming government benefits to which you are not entitled can always be justified, never be justified, or something in between? Answer on a 10-point scale."
NGA,Q177,negrecip,scale_1_10,9,9,6,1234,1237,0.004862236628849271,-1,"Do you think claiming government benefits to which you are not entitled can always be justified, never be justified, or something in between? Answer on a 10-point scale."
NGA,Q177,negrecip,scale_1_10,10,Always justifiable,42,1234,1237,0.03403565640194489,-1,"Do you think claiming government benefits to which you are not entitled can always be justified, never be justified, or something in between? Answer on a 10-point scale."
NGA,Q178,risktaking,scale_1_10,1,Never justifiable,815,1233,1237,0.6609894566098946,-1,"Do you think avoiding a fare on public transport can always be justified, never be justified, or something in between? Answer on a 10-point scale."
NGA,Q178,risktaking,scale_1_10,2,2,149,1233,1237,0.12084347120843471,-1,"Do you think avoiding a fare on public transport can always be justified, never be justified, or something in between? Answer on a 10-point scale."
NGA,Q178,risktaking,scale_1_10,3,3,106,1233,1237,0.08596918085969181,-1,"Do you think avoiding a fare on public transport can always be justified, never be justified, or something in between? Answer on a 10-point scale."
NGA,Q178,risktaking,scale_1_10,4,4,49,1233,1237,0.039740470397404706,-1,"Do you think avoiding a fare on public transport can always be justified, never be justified, or something in between? Answer on a 10-point scale."
NGA,Q178,risktaking,scale_1_10,5,5,35,1233,1237,0.028386050283860504,-1,"Do you think avoiding a fare on public transport can always be justified, never be justified, or something in between? Answer on a 10-point scale."
NGA,Q178,risktaking,scale_1_10,6,6,16,1233,1237,0.012976480129764802,-1,"Do you think avoiding a fare on public transport can always be justified, never be justified, or something in between? Answer on a 10-point scale."
NGA,Q178,risktaking,scale_1_10,7,7,6,1233,1237,0.004866180048661801,-1,"Do you think avoiding a fare on public transport can always be justified, never be justified, or something in between? Answer on a 10-point scale."
NGA,Q178,risktaking,scale_1_10,8,8,10,1233,1237,0.008110300081103,-1,"Do you think avoiding a fare on public transport can always be justified, never be justified, or something in between? Answer on a 10-point scale."
NGA,Q178,risktaking,scale_1_10,9,9,4,1233,1237,0.0032441200324412004,-1,"Do you think avoiding a fare on public transport can always be justified, never be justified, or something in between? Answer on a 10-point scale."
NGA,Q178,risktaking,scale_1_10,10,Always justifiable,43,1233,1237,0.034874290348742905,-1,"Do you think avoiding a fare on public transport can always be justified, never be justified, or something in between? Answer on a 10-point scale."
NGA,Q179,negrecip,scale_1_10,1,Never justifiable,927,1235,1237,0.7506072874493928,-1,"Do you think stealing property can always be justified, never be justified, or something in between? Answer on a 10-point scale."
NGA,Q179,negrecip,scale_1_10,2,2,115,1235,1237,0.0931174089068826,-1,"Do you think stealing property can always be justified, never be justified, or something in between? Answer on a 10-point scale."
NGA,Q179,negrecip,scale_1_10,3,3,89,1235,1237,0.07206477732793522,-1,"Do you think stealing property can always be justified, never be justified, or something in between? Answer on a 10-point scale."
NGA,Q179,negrecip,scale_1_10,4,4,37,1235,1237,0.029959514170040485,-1,"Do you think stealing property can always be justified, never be justified, or something in between? Answer on a 10-point scale."
NGA,Q179,negrecip,scale_1_10,5,5,19,1235,1237,0.015384615384615385,-1,"Do you think stealing property can always be justified, never be justified, or something in between? Answer on a 10-point scale."
NGA,Q179,negrecip,scale_1_10,6,6,9,1235,1237,0.0072874493927125505,-1,"Do you think stealing property can always be justified, never be justified, or something in between? Answer on a 10-point scale."
NGA,Q179,negrecip,scale_1_10,7,7,8,1235,1237,0.006477732793522267,-1,"Do you think stealing property can always be justified, never be justified, or something in between? Answer on a 10-point scale."
NGA,Q179,negrecip,scale_1_10,8,8,6,1235,1237,0.004858299595141701,-1,"Do you think stealing property can always be justified, never be justified, or something in between? Answer on a 10-point scale."
NGA,Q179,negrecip,scale_1_10,9,9,1,1235,1237,0.0008097165991902834,-1,"Do you think stealing property can always be justified, never be justified, or something in between? Answer on a 10-point scale."
NGA,Q179,negrecip,scale_1_10,10,Always justifiable,24,1235,1237,0.019433198380566803,-1,"Do you think stealing property can always be justified, never be justified, or something in between? Answer on a 10-point scale."
NGA,Q195,negrecip,scale_1_10,1,Never justifiable,671,1220,1237,0.55,1,"Do you think death penalty can always be justified, never be justified, or something in between? Answer on a 10-point scale."
NGA,Q195,negrecip,scale_1_10,2,2,145,1220,1237,0.11885245901639344,1,"Do you think death penalty can always be justified, never be justified, or something in between? Answer on a 10-point scale."
NGA,Q195,negrecip,scale_1_10,3,3,104,1220,1237,0.08524590163934426,1,"Do you think death penalty can always be justified, never be justified, or something in between? Answer on a 10-point scale."
NGA,Q195,negrecip,scale_1_10,4,4,60,1220,1237,0.04918032786885246,1,"Do you think death penalty can always be justified, never be justified, or something in between? Answer on a 10-point scale."
NGA,Q195,negrecip,scale_1_10,5,5,88,1220,1237,0.07213114754098361,1,"Do you think death penalty can always be justified, never be justified, or something in between? Answer on a 10-point scale."
NGA,Q195,negrecip,scale_1_10,6,6,27,1220,1237,0.022131147540983605,1,"Do you think death penalty can always be justified, never be justified, or something in between? Answer on a 10-point scale."
NGA,Q195,negrecip,scale_1_10,7,7,40,1220,1237,0.03278688524590164,1,"Do you think death penalty can always be justified, never be justified, or something in between? Answer on a 10-point scale."
NGA,Q195,negrecip,scale_1_10,8,8,19,1220,1237,0.01557377049180328,1,"Do you think death penalty can always be justified, never be justified, or something in between? Answer on a 10-point scale."
NGA,Q195,negrecip,scale_1_10,9,9,9,1220,1237,0.007377049180327869,1,"Do you think death penalty can always be justified, never be justified, or something in between? Answer on a 10-point scale."
NGA,Q195,negrecip,scale_1_10,10,Always justifiable,57,1220,1237,0.04672131147540984,1,"Do you think death penalty can always be justified, never be justified, or something in between? Answer on a 10-point scale."
RUS,Q12,posrecip,multiple_response_max_5,1,Yes,1019,1810,1810,0.5629834254143646,1,Is tolerance and respect for other people one of the qualities children should be encouraged to learn at home?
RUS,Q12,posrecip,multiple_response_max_5,2,No,791,1810,1810,0.43701657458563536,1,Is tolerance and respect for other people one of the qualities children should be encouraged to learn at home?
RUS,Q13,patience,multiple_response_max_5,1,Yes,870,1810,1810,0.48066298342541436,1,"Is thrift, saving money and things one of the qualities children should be encouraged to learn at home?"
RUS,Q13,patience,multiple_response_max_5,2,No,940,1810,1810,0.5193370165745856,1,"Is thrift, saving money and things one of the qualities children should be encouraged to learn at home?"
RUS,Q14,patience,multiple_response_max_5,1,Yes,715,1810,1810,0.39502762430939226,1,"Is determination, perseverance one of the qualities children should be encouraged to learn at home?"
RUS,Q14,patience,multiple_response_max_5,2,No,1095,1810,1810,0.6049723756906077,1,"Is determination, perseverance one of the qualities children should be encouraged to learn at home?"
RUS,Q43,patience,single_choice_3,1,Good thing,501,1695,1810,0.29557522123893804,-1,"If this change were to happen, would it be a good thing, a bad thing, or would you not mind: less importance placed on work in our lives?"
RUS,Q43,patience,single_choice_3,2,Don't mind,327,1695,1810,0.1929203539823009,-1,"If this change were to happen, would it be a good thing, a bad thing, or would you not mind: less importance placed on work in our lives?"
RUS,Q43,patience,single_choice_3,3,Bad thing,867,1695,1810,0.511504424778761,-1,"If this change were to happen, would it be a good thing, a bad thing, or would you not mind: less importance placed on work in our lives?"
RUS,Q50,patience,scale_1_10,1,Completely dissatisfied,110,1797,1810,0.06121313299944352,1,How satisfied are you with the financial situation of your household on a scale from 1 to 10?
RUS,Q50,patience,scale_1_10,2,2,93,1797,1810,0.05175292153589316,1,How satisfied are you with the financial situation of your household on a scale from 1 to 10?
RUS,Q50,patience,scale_1_10,3,3,127,1797,1810,0.07067334446299388,1,How satisfied are you with the financial situation of your household on a scale from 1 to 10?
RUS,Q50,patience,scale_1_10,4,4,178,1797,1810,0.09905397885364496,1,How satisfied are you with the financial situation of your household on a scale from 1 to 10?
RUS,Q50,patience,scale_1_10,5,5,363,1797,1810,0.2020033388981636,1,How satisfied are you with the financial situation of your household on a scale from 1 to 10?
RUS,Q50,patience,scale_1_10,6,6,317,1797,1810,0.17640511964385086,1,How satisfied are you with the financial situation of your household on a scale from 1 to 10?
RUS,Q50,patience,scale_1_10,7,7,279,1797,1810,0.15525876460767946,1,How satisfied are you with the financial situation of your household on a scale from 1 to 10?
RUS,Q50,patience,scale_1_10,8,8,186,1797,1810,0.10350584307178631,1,How satisfied are you with the financial situation of your household on a scale from 1 to 10?
RUS,Q50,patience,scale_1_10,9,9,54,1797,1810,0.03005008347245409,1,How satisfied are you with the financial situation of your household on a scale from 1 to 10?
RUS,Q50,patience,scale_1_10,10,Completely satisfied,90,1797,1810,0.05008347245409015,1,How satisfied are you with the financial situation of your household on a scale from 1 to 10?
RUS,Q57,trust,single_choice_2,1,Most people can be trusted,422,1765,1810,0.23909348441926345,-1,"Generally speaking, would you say that most people can be trusted or that you need to be very careful in dealing with people?"
RUS,Q57,trust,single_choice_2,2,Need to be very careful,1343,1765,1810,0.7609065155807365,-1,"Generally speaking, would you say that most people can be trusted or that you need to be very careful in dealing with people?"
RUS,Q58,trust,single_choice_4,1,Trust completely,1542,1805,1810,0.8542936288088643,-1,"How much do you trust your family: completely, somewhat, not very much or not at all?"
RUS,Q58,trust,single_choice_4,2,Trust somewhat,215,1805,1810,0.11911357340720222,-1,"How much do you trust your family: completely, somewhat, not very much or not at all?"
RUS,Q58,trust,single_choice_4,3,Do not trust very much,39,1805,1810,0.021606648199445983,-1,"How much do you trust your family: completely, somewhat, not very much or not at all?"
RUS,Q58,trust,single_choice_4,4,Do not trust at all,9,1805,1810,0.004986149584487534,-1,"How much do you trust your family: completely, somewhat, not very much or not at all?"
RUS,Q59,trust,single_choice_4,1,Trust completely,352,1783,1810,0.19742007851934942,-1,"How much do you trust your neighborhood: completely, somewhat, not very much or not at all?"
RUS,Q59,trust,single_choice_4,2,Trust somewhat,929,1783,1810,0.5210319685922602,-1,"How much do you trust your neighborhood: completely, somewhat, not very much or not at all?"
RUS,Q59,trust,single_choice_4,3,Do not trust very much,402,1783,1810,0.22546270330902973,-1,"How much do you trust your neighborhood: completely, somewhat, not very much or not at all?"
RUS,Q59,trust,single_choice_4,4,Do not trust at all,100,1783,1810,0.056085249579360626,-1,"How much do you trust your neighborhood: completely, somewhat, not very much or not at all?"
RUS,Q60,trust,single_choice_4,1,Trust completely,393,1792,1810,0.21930803571428573,-1,"How much do you trust people you know personally: completely, somewhat, not very much or not at all?"
RUS,Q60,trust,single_choice_4,2,Trust somewhat,997,1792,1810,0.5563616071428571,-1,"How much do you trust people you know personally: completely, somewhat, not very much or not at all?"
RUS,Q60,trust,single_choice_4,3,Do not trust very much,327,1792,1810,0.18247767857142858,-1,"How much do you trust people you know personally: completely, somewhat, not very much or not at all?"
RUS,Q60,trust,single_choice_4,4,Do not trust at all,75,1792,1810,0.04185267857142857,-1,"How much do you trust people you know personally: completely, somewhat, not very much or not at all?"
RUS,Q61,trust,single_choice_4,1,Trust completely,46,1772,1810,0.025959367945823927,-1,"How much do you trust people you meet for the first time: completely, somewhat, not very much or not at all?"
RUS,Q61,trust,single_choice_4,2,Trust somewhat,371,1772,1810,0.20936794582392776,-1,"How much do you trust people you meet for the first time: completely, somewhat, not very much or not at all?"
RUS,Q61,trust,single_choice_4,3,Do not trust very much,808,1772,1810,0.45598194130925507,-1,"How much do you trust people you meet for the first time: completely, somewhat, not very much or not at all?"
RUS,Q61,trust,single_choice_4,4,Do not trust at all,547,1772,1810,0.30869074492099324,-1,"How much do you trust people you meet for the first time: completely, somewhat, not very much or not at all?"
RUS,Q62,trust,single_choice_4,1,Trust completely,85,1636,1810,0.0519559902200489,-1,"How much do you trust people of another religion: completely, somewhat, not very much or not at all?"
RUS,Q62,trust,single_choice_4,2,Trust somewhat,558,1636,1810,0.3410757946210269,-1,"How much do you trust people of another religion: completely, somewhat, not very much or not at all?"
RUS,Q62,trust,single_choice_4,3,Do not trust very much,630,1636,1810,0.38508557457212717,-1,"How much do you trust people of another religion: completely, somewhat, not very much or not at all?"
RUS,Q62,trust,single_choice_4,4,Do not trust at all,363,1636,1810,0.22188264058679708,-1,"How much do you trust people of another religion: completely, somewhat, not very much or not at all?"
RUS,Q63,trust,single_choice_4,1,Trust completely,91,1641,1810,0.055453991468616695,-1,"How much do you trust people of another nationality:  completely, somewhat, not very much or not at all?"
RUS,Q63,trust,single_choice_4,2,Trust somewhat,581,1641,1810,0.35405240706886043,-1,"How much do you trust people of another nationality:  completely, somewhat, not very much or not at all?"
RUS,Q63,trust,single_choice_4,3,Do not trust very much,619,1641,1810,0.3772090188909202,-1,"How much do you trust people of another nationality:  completely, somewhat, not very much or not at all?"
RUS,Q63,trust,single_choice_4,4,Do not trust at all,350,1641,1810,0.21328458257160268,-1,"How much do you trust people of another nationality:  completely, somewhat, not very much or not at all?"
RUS,Q64,trust,single_choice_4,1,A great deal,429,1699,1810,0.25250147145379637,-1,"How much confidence do you have in the churches: a great deal of confidence, quite a lot of confidence, not very much confidence or none at all?"
RUS,Q64,trust,single_choice_4,2,Quite a lot,673,1699,1810,0.3961153619776339,-1,"How much confidence do you have in the churches: a great deal of confidence, quite a lot of confidence, not very much confidence or none at all?"
RUS,Q64,trust,single_choice_4,3,Not very much,362,1699,1810,0.21306650971159505,-1,"How much confidence do you have in the churches: a great deal of confidence, quite a lot of confidence, not very much confidence or none at all?"
RUS,Q64,trust,single_choice_4,4,None at all,235,1699,1810,0.1383166568569747,-1,"How much confidence do you have in the churches: a great deal of confidence, quite a lot of confidence, not very much confidence or none at all?"
RUS,Q69,trust,single_choice_4,1,A great deal,213,1759,1810,0.12109152927799886,-1,"How much confidence do you have in the police: a great deal of confidence, quite a lot of confidence, not very much confidence or none at all?"
RUS,Q69,trust,single_choice_4,2,Quite a lot,704,1759,1810,0.40022740193291645,-1,"How much confidence do you have in the police: a great deal of confidence, quite a lot of confidence, not very much confidence or none at all?"
RUS,Q69,trust,single_choice_4,3,Not very much,527,1759,1810,0.29960204661739626,-1,"How much confidence do you have in the police: a great deal of confidence, quite a lot of confidence, not very much confidence or none at all?"
RUS,Q69,trust,single_choice_4,4,None at all,315,1759,1810,0.17907902217168845,-1,"How much confidence do you have in the police: a great deal of confidence, quite a lot of confidence, not very much confidence or none at all?"
RUS,Q70,trust,single_choice_4,1,A great deal,183,1704,1810,0.1073943661971831,-1,"How much confidence do you have in the courts: a great deal of confidence, quite a lot of confidence, not very much confidence or none at all?"
RUS,Q70,trust,single_choice_4,2,Quite a lot,634,1704,1810,0.3720657276995305,-1,"How much confidence do you have in the courts: a great deal of confidence, quite a lot of confidence, not very much confidence or none at all?"
RUS,Q70,trust,single_choice_4,3,Not very much,565,1704,1810,0.3315727699530516,-1,"How much confidence do you have in the courts: a great deal of confidence, quite a lot of confidence, not very much confidence or none at all?"
RUS,Q70,trust,single_choice_4,4,None at all,322,1704,1810,0.18896713615023475,-1,"How much confidence do you have in the courts: a great deal of confidence, quite a lot of confidence, not very much confidence or none at all?"
RUS,Q71,trust,single_choice_4,1,A great deal,246,1745,1810,0.14097421203438396,-1,"How much confidence do you have in the government: a great deal of confidence, quite a lot of confidence, not very much confidence or none at all?"
RUS,Q71,trust,single_choice_4,2,Quite a lot,711,1745,1810,0.40744985673352435,-1,"How much confidence do you have in the government: a great deal of confidence, quite a lot of confidence, not very much confidence or none at all?"
RUS,Q71,trust,single_choice_4,3,Not very much,497,1745,1810,0.2848137535816619,-1,"How much confidence do you have in the government: a great deal of confidence, quite a lot of confidence, not very much confidence or none at all?"
RUS,Q71,trust,single_choice_4,4,None at all,291,1745,1810,0.1667621776504298,-1,"How much confidence do you have in the government: a great deal of confidence, quite a lot of confidence, not very much confidence or none at all?"
RUS,Q73,trust,single_choice_4,1,A great deal,129,1614,1810,0.07992565055762081,-1,"How much confidence do you have in parliament: a great deal of confidence, quite a lot of confidence, not very much confidence or none at all?"
RUS,Q73,trust,single_choice_4,2,Quite a lot,548,1614,1810,0.3395291201982652,-1,"How much confidence do you have in parliament: a great deal of confidence, quite a lot of confidence, not very much confidence or none at all?"
RUS,Q73,trust,single_choice_4,3,Not very much,572,1614,1810,0.3543990086741016,-1,"How much confidence do you have in parliament: a great deal of confidence, quite a lot of confidence, not very much confidence or none at all?"
RUS,Q73,trust,single_choice_4,4,None at all,365,1614,1810,0.22614622057001238,-1,"How much confidence do you have in parliament: a great deal of confidence, quite a lot of confidence, not very much confidence or none at all?"
RUS,Q81,posrecip,single_choice_4,1,A great deal,204,1548,1810,0.13178294573643412,-1,"How much confidence do you have in charitable or humanitarian organizations: a great deal of confidence, quite a lot of confidence, not very much confidence or none at all?"
RUS,Q81,posrecip,single_choice_4,2,Quite a lot,580,1548,1810,0.37467700258397935,-1,"How much confidence do you have in charitable or humanitarian organizations: a great deal of confidence, quite a lot of confidence, not very much confidence or none at all?"
RUS,Q81,posrecip,single_choice_4,3,Not very much,493,1548,1810,0.3184754521963824,-1,"How much confidence do you have in charitable or humanitarian organizations: a great deal of confidence, quite a lot of confidence, not very much confidence or none at all?"
RUS,Q81,posrecip,single_choice_4,4,None at all,271,1548,1810,0.17506459948320413,-1,"How much confidence do you have in charitable or humanitarian organizations: a great deal of confidence, quite a lot of confidence, not very much confidence or none at all?"
RUS,Q99,altruism,single_choice_3,2,Active member,11,1785,1810,0.0061624649859943975,1,"Are you an active member, an inactive member, or not a member of an environmental organization?"
RUS,Q99,altruism,single_choice_3,1,Inactive member,26,1785,1810,0.014565826330532213,1,"Are you an active member, an inactive member, or not a member of an environmental organization?"
RUS,Q99,altruism,single_choice_3,0,Don't belong,1748,1785,1810,0.9792717086834734,1,"Are you an active member, an inactive member, or not a member of an environmental organization?"
RUS,Q101,altruism,single_choice_3,2,Active member,15,1787,1810,0.008393956351426972,1,"Are you an active member, an inactive member, or not a member of humanitarian or a charitable organization?"
RUS,Q101,altruism,single_choice_3,1,Inactive member,44,1787,1810,0.024622271964185788,1,"Are you an active member, an inactive member, or not a member of humanitarian or a charitable organization?"
RUS,Q101,altruism,single_choice_3,0,Don't belong,1728,1787,1810,0.9669837716843872,1,"Are you an active member, an inactive member, or not a member of humanitarian or a charitable organization?"
RUS,Q103,altruism,single_choice_3,2,Active member,9,1785,1810,0.005042016806722689,1,"Are you an active member, an inactive member, or not a member of a self-help group or a mutual aid group?"
RUS,Q103,altruism,single_choice_3,1,Inactive member,26,1785,1810,0.014565826330532213,1,"Are you an active member, an inactive member, or not a member of a self-help group or a mutual aid group?"
RUS,Q103,altruism,single_choice_3,0,Don't belong,1750,1785,1810,0.9803921568627451,1,"Are you an active member, an inactive member, or not a member of a self-help group or a mutual aid group?"
RUS,Q106,risktaking,scale_1_10,1,nan,128,1769,1810,0.07235726399095534,1,"How would you place your views on this scale? 1 means you agree completely with statement A; 10 means you agree completely with statement B; and if your views fall somewhere in between, you can choose any number in between. Statement A: Incomes should be made more equal; Statement B: there should be greater incentives for individual effort?"
RUS,Q106,risktaking,scale_1_10,2,,43,1769,1810,0.02430751837196156,1,"How would you place your views on this scale? 1 means you agree completely with statement A; 10 means you agree completely with statement B; and if your views fall somewhere in between, you can choose any number in between. Statement A: Incomes should be made more equal; Statement B: there should be greater incentives for individual effort?"
RUS,Q106,risktaking,scale_1_10,3,,89,1769,1810,0.05031091011871114,1,"How would you place your views on this scale? 1 means you agree completely with statement A; 10 means you agree completely with statement B; and if your views fall somewhere in between, you can choose any number in between. Statement A: Incomes should be made more equal; Statement B: there should be greater incentives for individual effort?"
RUS,Q106,risktaking,scale_1_10,4,,101,1769,1810,0.0570944036178632,1,"How would you place your views on this scale? 1 means you agree completely with statement A; 10 means you agree completely with statement B; and if your views fall somewhere in between, you can choose any number in between. Statement A: Incomes should be made more equal; Statement B: there should be greater incentives for individual effort?"
RUS,Q106,risktaking,scale_1_10,5,,230,1769,1810,0.13001695873374788,1,"How would you place your views on this scale? 1 means you agree completely with statement A; 10 means you agree completely with statement B; and if your views fall somewhere in between, you can choose any number in between. Statement A: Incomes should be made more equal; Statement B: there should be greater incentives for individual effort?"
RUS,Q106,risktaking,scale_1_10,6,,195,1769,1810,0.11023176936122103,1,"How would you place your views on this scale? 1 means you agree completely with statement A; 10 means you agree completely with statement B; and if your views fall somewhere in between, you can choose any number in between. Statement A: Incomes should be made more equal; Statement B: there should be greater incentives for individual effort?"
RUS,Q106,risktaking,scale_1_10,7,,199,1769,1810,0.11249293386093838,1,"How would you place your views on this scale? 1 means you agree completely with statement A; 10 means you agree completely with statement B; and if your views fall somewhere in between, you can choose any number in between. Statement A: Incomes should be made more equal; Statement B: there should be greater incentives for individual effort?"
RUS,Q106,risktaking,scale_1_10,8,,218,1769,1810,0.12323346523459582,1,"How would you place your views on this scale? 1 means you agree completely with statement A; 10 means you agree completely with statement B; and if your views fall somewhere in between, you can choose any number in between. Statement A: Incomes should be made more equal; Statement B: there should be greater incentives for individual effort?"
RUS,Q106,risktaking,scale_1_10,9,,139,1769,1810,0.07857546636517806,1,"How would you place your views on this scale? 1 means you agree completely with statement A; 10 means you agree completely with statement B; and if your views fall somewhere in between, you can choose any number in between. Statement A: Incomes should be made more equal; Statement B: there should be greater incentives for individual effort?"
RUS,Q106,risktaking,scale_1_10,10,,427,1769,1810,0.2413793103448276,1,"How would you place your views on this scale? 1 means you agree completely with statement A; 10 means you agree completely with statement B; and if your views fall somewhere in between, you can choose any number in between. Statement A: Incomes should be made more equal; Statement B: there should be greater incentives for individual effort?"
RUS,Q107,risktaking,scale_1_10,1,nan,88,1629,1810,0.05402087170042971,1,"How would you place your views on this scale? 1 means you agree completely with statement A; 10 means you agree completely with statement B; and if your views fall somewhere in between, you can choose any number in between. Statement A: Private ownership of business and industry should be increased; Statement B: Government ownership of business and industry should be increased?"
RUS,Q107,risktaking,scale_1_10,2,,35,1629,1810,0.021485573971761818,1,"How would you place your views on this scale? 1 means you agree completely with statement A; 10 means you agree completely with statement B; and if your views fall somewhere in between, you can choose any number in between. Statement A: Private ownership of business and industry should be increased; Statement B: Government ownership of business and industry should be increased?"
RUS,Q107,risktaking,scale_1_10,3,,66,1629,1810,0.040515653775322284,1,"How would you place your views on this scale? 1 means you agree completely with statement A; 10 means you agree completely with statement B; and if your views fall somewhere in between, you can choose any number in between. Statement A: Private ownership of business and industry should be increased; Statement B: Government ownership of business and industry should be increased?"
RUS,Q107,risktaking,scale_1_10,4,,97,1629,1810,0.05954573357888275,1,"How would you place your views on this scale? 1 means you agree completely with statement A; 10 means you agree completely with statement B; and if your views fall somewhere in between, you can choose any number in between. Statement A: Private ownership of business and industry should be increased; Statement B: Government ownership of business and industry should be increased?"
RUS,Q107,risktaking,scale_1_10,5,,352,1629,1810,0.21608348680171885,1,"How would you place your views on this scale? 1 means you agree completely with statement A; 10 means you agree completely with statement B; and if your views fall somewhere in between, you can choose any number in between. Statement A: Private ownership of business and industry should be increased; Statement B: Government ownership of business and industry should be increased?"
RUS,Q107,risktaking,scale_1_10,6,,196,1629,1810,0.12031921424186617,1,"How would you place your views on this scale? 1 means you agree completely with statement A; 10 means you agree completely with statement B; and if your views fall somewhere in between, you can choose any number in between. Statement A: Private ownership of business and industry should be increased; Statement B: Government ownership of business and industry should be increased?"
RUS,Q107,risktaking,scale_1_10,7,,204,1629,1810,0.1252302025782689,1,"How would you place your views on this scale? 1 means you agree completely with statement A; 10 means you agree completely with statement B; and if your views fall somewhere in between, you can choose any number in between. Statement A: Private ownership of business and industry should be increased; Statement B: Government ownership of business and industry should be increased?"
RUS,Q107,risktaking,scale_1_10,8,,208,1629,1810,0.12768569674647023,1,"How would you place your views on this scale? 1 means you agree completely with statement A; 10 means you agree completely with statement B; and if your views fall somewhere in between, you can choose any number in between. Statement A: Private ownership of business and industry should be increased; Statement B: Government ownership of business and industry should be increased?"
RUS,Q107,risktaking,scale_1_10,9,,116,1629,1810,0.07120933087783916,1,"How would you place your views on this scale? 1 means you agree completely with statement A; 10 means you agree completely with statement B; and if your views fall somewhere in between, you can choose any number in between. Statement A: Private ownership of business and industry should be increased; Statement B: Government ownership of business and industry should be increased?"
RUS,Q107,risktaking,scale_1_10,10,,267,1629,1810,0.16390423572744015,1,"How would you place your views on this scale? 1 means you agree completely with statement A; 10 means you agree completely with statement B; and if your views fall somewhere in between, you can choose any number in between. Statement A: Private ownership of business and industry should be increased; Statement B: Government ownership of business and industry should be increased?"
RUS,Q109,risktaking,scale_1_10,1,nan,318,1710,1810,0.18596491228070175,-1,"How would you place your views on this scale? 1 means you agree completely with statement A; 10 means you agree completely with statement B; and if your views fall somewhere in between, you can choose any number in between. Statement A: Competition is good; Statement B:  Competition is harmful?"
RUS,Q109,risktaking,scale_1_10,2,,152,1710,1810,0.08888888888888889,-1,"How would you place your views on this scale? 1 means you agree completely with statement A; 10 means you agree completely with statement B; and if your views fall somewhere in between, you can choose any number in between. Statement A: Competition is good; Statement B:  Competition is harmful?"
RUS,Q109,risktaking,scale_1_10,3,,197,1710,1810,0.1152046783625731,-1,"How would you place your views on this scale? 1 means you agree completely with statement A; 10 means you agree completely with statement B; and if your views fall somewhere in between, you can choose any number in between. Statement A: Competition is good; Statement B:  Competition is harmful?"
RUS,Q109,risktaking,scale_1_10,4,,177,1710,1810,0.10350877192982456,-1,"How would you place your views on this scale? 1 means you agree completely with statement A; 10 means you agree completely with statement B; and if your views fall somewhere in between, you can choose any number in between. Statement A: Competition is good; Statement B:  Competition is harmful?"
RUS,Q109,risktaking,scale_1_10,5,,334,1710,1810,0.1953216374269006,-1,"How would you place your views on this scale? 1 means you agree completely with statement A; 10 means you agree completely with statement B; and if your views fall somewhere in between, you can choose any number in between. Statement A: Competition is good; Statement B:  Competition is harmful?"
RUS,Q109,risktaking,scale_1_10,6,,183,1710,1810,0.10701754385964912,-1,"How would you place your views on this scale? 1 means you agree completely with statement A; 10 means you agree completely with statement B; and if your views fall somewhere in between, you can choose any number in between. Statement A: Competition is good; Statement B:  Competition is harmful?"
RUS,Q109,risktaking,scale_1_10,7,,146,1710,1810,0.08538011695906433,-1,"How would you place your views on this scale? 1 means you agree completely with statement A; 10 means you agree completely with statement B; and if your views fall somewhere in between, you can choose any number in between. Statement A: Competition is good; Statement B:  Competition is harmful?"
RUS,Q109,risktaking,scale_1_10,8,,73,1710,1810,0.04269005847953217,-1,"How would you place your views on this scale? 1 means you agree completely with statement A; 10 means you agree completely with statement B; and if your views fall somewhere in between, you can choose any number in between. Statement A: Competition is good; Statement B:  Competition is harmful?"
RUS,Q109,risktaking,scale_1_10,9,,43,1710,1810,0.025146198830409357,-1,"How would you place your views on this scale? 1 means you agree completely with statement A; 10 means you agree completely with statement B; and if your views fall somewhere in between, you can choose any number in between. Statement A: Competition is good; Statement B:  Competition is harmful?"
RUS,Q109,risktaking,scale_1_10,10,,87,1710,1810,0.05087719298245614,-1,"How would you place your views on this scale? 1 means you agree completely with statement A; 10 means you agree completely with statement B; and if your views fall somewhere in between, you can choose any number in between. Statement A: Competition is good; Statement B:  Competition is harmful?"
RUS,Q174,posrecip,single_choice_2,1,To follow religious norms and ceremonies,351,1635,1810,0.21467889908256882,1,Which of the following statements do you agree with most: The basic meaning of religion is to follow religious norms and ceremonies; The basic meaning of religion is to do good to other people?
RUS,Q174,posrecip,single_choice_2,2,To do good to other people / To make sense of life after death,1284,1635,1810,0.7853211009174312,1,Which of the following statements do you agree with most: The basic meaning of religion is to follow religious norms and ceremonies; The basic meaning of religion is to do good to other people?
RUS,Q176,negrecip,scale_1_10,1,Completely agree,164,1691,1810,0.09698403311649911,1,"On a 10-point scale, how much do you agree or disagree that nowadays one often has trouble deciding which moral rules are the right ones to follow?"
RUS,Q176,negrecip,scale_1_10,2,2,60,1691,1810,0.03548196333530455,1,"On a 10-point scale, how much do you agree or disagree that nowadays one often has trouble deciding which moral rules are the right ones to follow?"
RUS,Q176,negrecip,scale_1_10,3,3,93,1691,1810,0.05499704316972206,1,"On a 10-point scale, how much do you agree or disagree that nowadays one often has trouble deciding which moral rules are the right ones to follow?"
RUS,Q176,negrecip,scale_1_10,4,4,138,1691,1810,0.08160851567120048,1,"On a 10-point scale, how much do you agree or disagree that nowadays one often has trouble deciding which moral rules are the right ones to follow?"
RUS,Q176,negrecip,scale_1_10,5,5,343,1691,1810,0.20283855706682435,1,"On a 10-point scale, how much do you agree or disagree that nowadays one often has trouble deciding which moral rules are the right ones to follow?"
RUS,Q176,negrecip,scale_1_10,6,6,229,1691,1810,0.1354228267297457,1,"On a 10-point scale, how much do you agree or disagree that nowadays one often has trouble deciding which moral rules are the right ones to follow?"
RUS,Q176,negrecip,scale_1_10,7,7,221,1691,1810,0.13069189828503844,1,"On a 10-point scale, how much do you agree or disagree that nowadays one often has trouble deciding which moral rules are the right ones to follow?"
RUS,Q176,negrecip,scale_1_10,8,8,177,1691,1810,0.10467179183914843,1,"On a 10-point scale, how much do you agree or disagree that nowadays one often has trouble deciding which moral rules are the right ones to follow?"
RUS,Q176,negrecip,scale_1_10,9,9,81,1691,1810,0.047900650502661145,1,"On a 10-point scale, how much do you agree or disagree that nowadays one often has trouble deciding which moral rules are the right ones to follow?"
RUS,Q176,negrecip,scale_1_10,10,Completely disagree,185,1691,1810,0.10940272028385571,1,"On a 10-point scale, how much do you agree or disagree that nowadays one often has trouble deciding which moral rules are the right ones to follow?"
RUS,Q177,negrecip,scale_1_10,1,Never justifiable,589,1723,1810,0.3418456181079512,-1,"Do you think claiming government benefits to which you are not entitled can always be justified, never be justified, or something in between? Answer on a 10-point scale."
RUS,Q177,negrecip,scale_1_10,2,2,143,1723,1810,0.08299477655252467,-1,"Do you think claiming government benefits to which you are not entitled can always be justified, never be justified, or something in between? Answer on a 10-point scale."
RUS,Q177,negrecip,scale_1_10,3,3,171,1723,1810,0.09924550203134068,-1,"Do you think claiming government benefits to which you are not entitled can always be justified, never be justified, or something in between? Answer on a 10-point scale."
RUS,Q177,negrecip,scale_1_10,4,4,127,1723,1810,0.07370864770748695,-1,"Do you think claiming government benefits to which you are not entitled can always be justified, never be justified, or something in between? Answer on a 10-point scale."
RUS,Q177,negrecip,scale_1_10,5,5,215,1723,1810,0.12478235635519443,-1,"Do you think claiming government benefits to which you are not entitled can always be justified, never be justified, or something in between? Answer on a 10-point scale."
RUS,Q177,negrecip,scale_1_10,6,6,119,1723,1810,0.06906558328496808,-1,"Do you think claiming government benefits to which you are not entitled can always be justified, never be justified, or something in between? Answer on a 10-point scale."
RUS,Q177,negrecip,scale_1_10,7,7,131,1723,1810,0.07603017991874637,-1,"Do you think claiming government benefits to which you are not entitled can always be justified, never be justified, or something in between? Answer on a 10-point scale."
RUS,Q177,negrecip,scale_1_10,8,8,75,1723,1810,0.04352872896111434,-1,"Do you think claiming government benefits to which you are not entitled can always be justified, never be justified, or something in between? Answer on a 10-point scale."
RUS,Q177,negrecip,scale_1_10,9,9,29,1723,1810,0.016831108531630876,-1,"Do you think claiming government benefits to which you are not entitled can always be justified, never be justified, or something in between? Answer on a 10-point scale."
RUS,Q177,negrecip,scale_1_10,10,Always justifiable,124,1723,1810,0.07196749854904237,-1,"Do you think claiming government benefits to which you are not entitled can always be justified, never be justified, or something in between? Answer on a 10-point scale."
RUS,Q178,risktaking,scale_1_10,1,Never justifiable,396,1775,1810,0.2230985915492958,-1,"Do you think avoiding a fare on public transport can always be justified, never be justified, or something in between? Answer on a 10-point scale."
RUS,Q178,risktaking,scale_1_10,2,2,120,1775,1810,0.0676056338028169,-1,"Do you think avoiding a fare on public transport can always be justified, never be justified, or something in between? Answer on a 10-point scale."
RUS,Q178,risktaking,scale_1_10,3,3,142,1775,1810,0.08,-1,"Do you think avoiding a fare on public transport can always be justified, never be justified, or something in between? Answer on a 10-point scale."
RUS,Q178,risktaking,scale_1_10,4,4,146,1775,1810,0.08225352112676056,-1,"Do you think avoiding a fare on public transport can always be justified, never be justified, or something in between? Answer on a 10-point scale."
RUS,Q178,risktaking,scale_1_10,5,5,235,1775,1810,0.1323943661971831,-1,"Do you think avoiding a fare on public transport can always be justified, never be justified, or something in between? Answer on a 10-point scale."
RUS,Q178,risktaking,scale_1_10,6,6,159,1775,1810,0.0895774647887324,-1,"Do you think avoiding a fare on public transport can always be justified, never be justified, or something in between? Answer on a 10-point scale."
RUS,Q178,risktaking,scale_1_10,7,7,175,1775,1810,0.09859154929577464,-1,"Do you think avoiding a fare on public transport can always be justified, never be justified, or something in between? Answer on a 10-point scale."
RUS,Q178,risktaking,scale_1_10,8,8,140,1775,1810,0.07887323943661972,-1,"Do you think avoiding a fare on public transport can always be justified, never be justified, or something in between? Answer on a 10-point scale."
RUS,Q178,risktaking,scale_1_10,9,9,49,1775,1810,0.0276056338028169,-1,"Do you think avoiding a fare on public transport can always be justified, never be justified, or something in between? Answer on a 10-point scale."
RUS,Q178,risktaking,scale_1_10,10,Always justifiable,213,1775,1810,0.12,-1,"Do you think avoiding a fare on public transport can always be justified, never be justified, or something in between? Answer on a 10-point scale."
RUS,Q179,negrecip,scale_1_10,1,Never justifiable,1092,1783,1810,0.612450925406618,-1,"Do you think stealing property can always be justified, never be justified, or something in between? Answer on a 10-point scale."
RUS,Q179,negrecip,scale_1_10,2,2,191,1783,1810,0.1071228266965788,-1,"Do you think stealing property can always be justified, never be justified, or something in between? Answer on a 10-point scale."
RUS,Q179,negrecip,scale_1_10,3,3,119,1783,1810,0.06674144699943915,-1,"Do you think stealing property can always be justified, never be justified, or something in between? Answer on a 10-point scale."
RUS,Q179,negrecip,scale_1_10,4,4,87,1783,1810,0.04879416713404375,-1,"Do you think stealing property can always be justified, never be justified, or something in between? Answer on a 10-point scale."
RUS,Q179,negrecip,scale_1_10,5,5,111,1783,1810,0.062254627033090294,-1,"Do you think stealing property can always be justified, never be justified, or something in between? Answer on a 10-point scale."
RUS,Q179,negrecip,scale_1_10,6,6,68,1783,1810,0.03813796971396523,-1,"Do you think stealing property can always be justified, never be justified, or something in between? Answer on a 10-point scale."
RUS,Q179,negrecip,scale_1_10,7,7,56,1783,1810,0.03140773976444195,-1,"Do you think stealing property can always be justified, never be justified, or something in between? Answer on a 10-point scale."
RUS,Q179,negrecip,scale_1_10,8,8,30,1783,1810,0.01682557487380819,-1,"Do you think stealing property can always be justified, never be justified, or something in between? Answer on a 10-point scale."
RUS,Q179,negrecip,scale_1_10,9,9,12,1783,1810,0.006730229949523275,-1,"Do you think stealing property can always be justified, never be justified, or something in between? Answer on a 10-point scale."
RUS,Q179,negrecip,scale_1_10,10,Always justifiable,17,1783,1810,0.009534492428491307,-1,"Do you think stealing property can always be justified, never be justified, or something in between? Answer on a 10-point scale."
RUS,Q195,negrecip,scale_1_10,1,Never justifiable,470,1653,1810,0.28433151845130067,1,"Do you think death penalty can always be justified, never be justified, or something in between? Answer on a 10-point scale."
RUS,Q195,negrecip,scale_1_10,2,2,97,1653,1810,0.05868118572292801,1,"Do you think death penalty can always be justified, never be justified, or something in between? Answer on a 10-point scale."
RUS,Q195,negrecip,scale_1_10,3,3,109,1653,1810,0.06594071385359952,1,"Do you think death penalty can always be justified, never be justified, or something in between? Answer on a 10-point scale."
RUS,Q195,negrecip,scale_1_10,4,4,118,1653,1810,0.07138535995160314,1,"Do you think death penalty can always be justified, never be justified, or something in between? Answer on a 10-point scale."
RUS,Q195,negrecip,scale_1_10,5,5,260,1653,1810,0.1572897761645493,1,"Do you think death penalty can always be justified, never be justified, or something in between? Answer on a 10-point scale."
RUS,Q195,negrecip,scale_1_10,6,6,160,1653,1810,0.09679370840895342,1,"Do you think death penalty can always be justified, never be justified, or something in between? Answer on a 10-point scale."
RUS,Q195,negrecip,scale_1_10,7,7,105,1653,1810,0.06352087114337568,1,"Do you think death penalty can always be justified, never be justified, or something in between? Answer on a 10-point scale."
RUS,Q195,negrecip,scale_1_10,8,8,100,1653,1810,0.060496067755595885,1,"Do you think death penalty can always be justified, never be justified, or something in between? Answer on a 10-point scale."
RUS,Q195,negrecip,scale_1_10,9,9,56,1653,1810,0.0338777979431337,1,"Do you think death penalty can always be justified, never be justified, or something in between? Answer on a 10-point scale."
RUS,Q195,negrecip,scale_1_10,10,Always justifiable,178,1653,1810,0.10768300060496068,1,"Do you think death penalty can always be justified, never be justified, or something in between? Answer on a 10-point scale."
TUR,Q12,posrecip,multiple_response_max_5,1,Yes,1529,2295,2415,0.6662309368191721,1,Is tolerance and respect for other people one of the qualities children should be encouraged to learn at home?
TUR,Q12,posrecip,multiple_response_max_5,2,No,766,2295,2415,0.3337690631808279,1,Is tolerance and respect for other people one of the qualities children should be encouraged to learn at home?
TUR,Q13,patience,multiple_response_max_5,1,Yes,878,2233,2415,0.39319301388266903,1,"Is thrift, saving money and things one of the qualities children should be encouraged to learn at home?"
TUR,Q13,patience,multiple_response_max_5,2,No,1355,2233,2415,0.606806986117331,1,"Is thrift, saving money and things one of the qualities children should be encouraged to learn at home?"
TUR,Q14,patience,multiple_response_max_5,1,Yes,927,2214,2415,0.4186991869918699,1,"Is determination, perseverance one of the qualities children should be encouraged to learn at home?"
TUR,Q14,patience,multiple_response_max_5,2,No,1287,2214,2415,0.5813008130081301,1,"Is determination, perseverance one of the qualities children should be encouraged to learn at home?"
TUR,Q43,patience,single_choice_3,1,Good thing,945,2375,2415,0.39789473684210525,-1,"If this change were to happen, would it be a good thing, a bad thing, or would you not mind: less importance placed on work in our lives?"
TUR,Q43,patience,single_choice_3,2,Don't mind,617,2375,2415,0.2597894736842105,-1,"If this change were to happen, would it be a good thing, a bad thing, or would you not mind: less importance placed on work in our lives?"
TUR,Q43,patience,single_choice_3,3,Bad thing,813,2375,2415,0.3423157894736842,-1,"If this change were to happen, would it be a good thing, a bad thing, or would you not mind: less importance placed on work in our lives?"
TUR,Q50,patience,scale_1_10,1,Completely dissatisfied,76,2403,2415,0.03162713275072826,1,How satisfied are you with the financial situation of your household on a scale from 1 to 10?
TUR,Q50,patience,scale_1_10,2,2,41,2403,2415,0.01706200582605077,1,How satisfied are you with the financial situation of your household on a scale from 1 to 10?
TUR,Q50,patience,scale_1_10,3,3,144,2403,2415,0.0599250936329588,1,How satisfied are you with the financial situation of your household on a scale from 1 to 10?
TUR,Q50,patience,scale_1_10,4,4,253,2403,2415,0.10528506034124012,1,How satisfied are you with the financial situation of your household on a scale from 1 to 10?
TUR,Q50,patience,scale_1_10,5,5,453,2403,2415,0.18851435705368288,1,How satisfied are you with the financial situation of your household on a scale from 1 to 10?
TUR,Q50,patience,scale_1_10,6,6,428,2403,2415,0.17811069496462756,1,How satisfied are you with the financial situation of your household on a scale from 1 to 10?
TUR,Q50,patience,scale_1_10,7,7,544,2403,2415,0.22638368705784437,1,How satisfied are you with the financial situation of your household on a scale from 1 to 10?
TUR,Q50,patience,scale_1_10,8,8,327,2403,2415,0.13607990012484394,1,How satisfied are you with the financial situation of your household on a scale from 1 to 10?
TUR,Q50,patience,scale_1_10,9,9,85,2403,2415,0.03537245110278818,1,How satisfied are you with the financial situation of your household on a scale from 1 to 10?
TUR,Q50,patience,scale_1_10,10,Completely satisfied,52,2403,2415,0.021639617145235122,1,How satisfied are you with the financial situation of your household on a scale from 1 to 10?
TUR,Q57,trust,single_choice_2,1,Most people can be trusted,338,2370,2415,0.14261603375527426,-1,"Generally speaking, would you say that most people can be trusted or that you need to be very careful in dealing with people?"
TUR,Q57,trust,single_choice_2,2,Need to be very careful,2032,2370,2415,0.8573839662447258,-1,"Generally speaking, would you say that most people can be trusted or that you need to be very careful in dealing with people?"
TUR,Q58,trust,single_choice_4,1,Trust completely,1995,2413,2415,0.8267716535433071,-1,"How much do you trust your family: completely, somewhat, not very much or not at all?"
TUR,Q58,trust,single_choice_4,2,Trust somewhat,345,2413,2415,0.14297554910899296,-1,"How much do you trust your family: completely, somewhat, not very much or not at all?"
TUR,Q58,trust,single_choice_4,3,Do not trust very much,65,2413,2415,0.026937422295897222,-1,"How much do you trust your family: completely, somewhat, not very much or not at all?"
TUR,Q58,trust,single_choice_4,4,Do not trust at all,8,2413,2415,0.003315375051802735,-1,"How much do you trust your family: completely, somewhat, not very much or not at all?"
TUR,Q59,trust,single_choice_4,1,Trust completely,481,2408,2415,0.19975083056478404,-1,"How much do you trust your neighborhood: completely, somewhat, not very much or not at all?"
TUR,Q59,trust,single_choice_4,2,Trust somewhat,1495,2408,2415,0.6208471760797342,-1,"How much do you trust your neighborhood: completely, somewhat, not very much or not at all?"
TUR,Q59,trust,single_choice_4,3,Do not trust very much,349,2408,2415,0.14493355481727574,-1,"How much do you trust your neighborhood: completely, somewhat, not very much or not at all?"
TUR,Q59,trust,single_choice_4,4,Do not trust at all,83,2408,2415,0.03446843853820598,-1,"How much do you trust your neighborhood: completely, somewhat, not very much or not at all?"
TUR,Q60,trust,single_choice_4,1,Trust completely,345,2409,2415,0.1432129514321295,-1,"How much do you trust people you know personally: completely, somewhat, not very much or not at all?"
TUR,Q60,trust,single_choice_4,2,Trust somewhat,1367,2409,2415,0.5674553756745537,-1,"How much do you trust people you know personally: completely, somewhat, not very much or not at all?"
TUR,Q60,trust,single_choice_4,3,Do not trust very much,508,2409,2415,0.21087588210875882,-1,"How much do you trust people you know personally: completely, somewhat, not very much or not at all?"
TUR,Q60,trust,single_choice_4,4,Do not trust at all,189,2409,2415,0.0784557907845579,-1,"How much do you trust people you know personally: completely, somewhat, not very much or not at all?"
TUR,Q61,trust,single_choice_4,1,Trust completely,78,2408,2415,0.03239202657807309,-1,"How much do you trust people you meet for the first time: completely, somewhat, not very much or not at all?"
TUR,Q61,trust,single_choice_4,2,Trust somewhat,529,2408,2415,0.2196843853820598,-1,"How much do you trust people you meet for the first time: completely, somewhat, not very much or not at all?"
TUR,Q61,trust,single_choice_4,3,Do not trust very much,1113,2408,2415,0.4622093023255814,-1,"How much do you trust people you meet for the first time: completely, somewhat, not very much or not at all?"
TUR,Q61,trust,single_choice_4,4,Do not trust at all,688,2408,2415,0.2857142857142857,-1,"How much do you trust people you meet for the first time: completely, somewhat, not very much or not at all?"
TUR,Q62,trust,single_choice_4,1,Trust completely,77,2307,2415,0.03337667967056784,-1,"How much do you trust people of another religion: completely, somewhat, not very much or not at all?"
TUR,Q62,trust,single_choice_4,2,Trust somewhat,714,2307,2415,0.3094928478543563,-1,"How much do you trust people of another religion: completely, somewhat, not very much or not at all?"
TUR,Q62,trust,single_choice_4,3,Do not trust very much,1007,2307,2415,0.4364976159514521,-1,"How much do you trust people of another religion: completely, somewhat, not very much or not at all?"
TUR,Q62,trust,single_choice_4,4,Do not trust at all,509,2307,2415,0.22063285652362374,-1,"How much do you trust people of another religion: completely, somewhat, not very much or not at all?"
TUR,Q63,trust,single_choice_4,1,Trust completely,71,2321,2415,0.03059026281775097,-1,"How much do you trust people of another nationality:  completely, somewhat, not very much or not at all?"
TUR,Q63,trust,single_choice_4,2,Trust somewhat,679,2321,2415,0.2925463162429987,-1,"How much do you trust people of another nationality:  completely, somewhat, not very much or not at all?"
TUR,Q63,trust,single_choice_4,3,Do not trust very much,1052,2321,2415,0.45325290822921155,-1,"How much do you trust people of another nationality:  completely, somewhat, not very much or not at all?"
TUR,Q63,trust,single_choice_4,4,Do not trust at all,519,2321,2415,0.2236105127100388,-1,"How much do you trust people of another nationality:  completely, somewhat, not very much or not at all?"
TUR,Q64,trust,single_choice_4,1,A great deal,526,2379,2415,0.2211013030685162,-1,"How much confidence do you have in the churches: a great deal of confidence, quite a lot of confidence, not very much confidence or none at all?"
TUR,Q64,trust,single_choice_4,2,Quite a lot,1175,2379,2415,0.4939050021017234,-1,"How much confidence do you have in the churches: a great deal of confidence, quite a lot of confidence, not very much confidence or none at all?"
TUR,Q64,trust,single_choice_4,3,Not very much,524,2379,2415,0.22026061370323666,-1,"How much confidence do you have in the churches: a great deal of confidence, quite a lot of confidence, not very much confidence or none at all?"
TUR,Q64,trust,single_choice_4,4,None at all,154,2379,2415,0.06473308112652375,-1,"How much confidence do you have in the churches: a great deal of confidence, quite a lot of confidence, not very much confidence or none at all?"
TUR,Q69,trust,single_choice_4,1,A great deal,920,2397,2415,0.3838130997079683,-1,"How much confidence do you have in the police: a great deal of confidence, quite a lot of confidence, not very much confidence or none at all?"
TUR,Q69,trust,single_choice_4,2,Quite a lot,1100,2397,2415,0.458906967042136,-1,"How much confidence do you have in the police: a great deal of confidence, quite a lot of confidence, not very much confidence or none at all?"
TUR,Q69,trust,single_choice_4,3,Not very much,277,2397,2415,0.11556111806424697,-1,"How much confidence do you have in the police: a great deal of confidence, quite a lot of confidence, not very much confidence or none at all?"
TUR,Q69,trust,single_choice_4,4,None at all,100,2397,2415,0.041718815185648725,-1,"How much confidence do you have in the police: a great deal of confidence, quite a lot of confidence, not very much confidence or none at all?"
TUR,Q70,trust,single_choice_4,1,A great deal,606,2388,2415,0.2537688442211055,-1,"How much confidence do you have in the courts: a great deal of confidence, quite a lot of confidence, not very much confidence or none at all?"
TUR,Q70,trust,single_choice_4,2,Quite a lot,1174,2388,2415,0.4916247906197655,-1,"How much confidence do you have in the courts: a great deal of confidence, quite a lot of confidence, not very much confidence or none at all?"
TUR,Q70,trust,single_choice_4,3,Not very much,437,2388,2415,0.18299832495812396,-1,"How much confidence do you have in the courts: a great deal of confidence, quite a lot of confidence, not very much confidence or none at all?"
TUR,Q70,trust,single_choice_4,4,None at all,171,2388,2415,0.07160804020100503,-1,"How much confidence do you have in the courts: a great deal of confidence, quite a lot of confidence, not very much confidence or none at all?"
TUR,Q71,trust,single_choice_4,1,A great deal,580,2376,2415,0.2441077441077441,-1,"How much confidence do you have in the government: a great deal of confidence, quite a lot of confidence, not very much confidence or none at all?"
TUR,Q71,trust,single_choice_4,2,Quite a lot,1081,2376,2415,0.45496632996632996,-1,"How much confidence do you have in the government: a great deal of confidence, quite a lot of confidence, not very much confidence or none at all?"
TUR,Q71,trust,single_choice_4,3,Not very much,526,2376,2415,0.22138047138047137,-1,"How much confidence do you have in the government: a great deal of confidence, quite a lot of confidence, not very much confidence or none at all?"
TUR,Q71,trust,single_choice_4,4,None at all,189,2376,2415,0.07954545454545454,-1,"How much confidence do you have in the government: a great deal of confidence, quite a lot of confidence, not very much confidence or none at all?"
TUR,Q73,trust,single_choice_4,1,A great deal,296,2348,2415,0.1260647359454855,-1,"How much confidence do you have in parliament: a great deal of confidence, quite a lot of confidence, not very much confidence or none at all?"
TUR,Q73,trust,single_choice_4,2,Quite a lot,1132,2348,2415,0.48211243611584326,-1,"How much confidence do you have in parliament: a great deal of confidence, quite a lot of confidence, not very much confidence or none at all?"
TUR,Q73,trust,single_choice_4,3,Not very much,682,2348,2415,0.29045996592844975,-1,"How much confidence do you have in parliament: a great deal of confidence, quite a lot of confidence, not very much confidence or none at all?"
TUR,Q73,trust,single_choice_4,4,None at all,238,2348,2415,0.10136286201022146,-1,"How much confidence do you have in parliament: a great deal of confidence, quite a lot of confidence, not very much confidence or none at all?"
TUR,Q81,posrecip,single_choice_4,1,A great deal,290,2322,2415,0.12489233419465978,-1,"How much confidence do you have in charitable or humanitarian organizations: a great deal of confidence, quite a lot of confidence, not very much confidence or none at all?"
TUR,Q81,posrecip,single_choice_4,2,Quite a lot,1114,2322,2415,0.4797588285960379,-1,"How much confidence do you have in charitable or humanitarian organizations: a great deal of confidence, quite a lot of confidence, not very much confidence or none at all?"
TUR,Q81,posrecip,single_choice_4,3,Not very much,614,2322,2415,0.26442721791559,-1,"How much confidence do you have in charitable or humanitarian organizations: a great deal of confidence, quite a lot of confidence, not very much confidence or none at all?"
TUR,Q81,posrecip,single_choice_4,4,None at all,304,2322,2415,0.13092161929371232,-1,"How much confidence do you have in charitable or humanitarian organizations: a great deal of confidence, quite a lot of confidence, not very much confidence or none at all?"
TUR,Q99,altruism,single_choice_3,2,Active member,18,2371,2415,0.007591733445803458,1,"Are you an active member, an inactive member, or not a member of an environmental organization?"
TUR,Q99,altruism,single_choice_3,1,Inactive member,104,2371,2415,0.043863348797975536,1,"Are you an active member, an inactive member, or not a member of an environmental organization?"
TUR,Q99,altruism,single_choice_3,0,Don't belong,2249,2371,2415,0.948544917756221,1,"Are you an active member, an inactive member, or not a member of an environmental organization?"
TUR,Q101,altruism,single_choice_3,2,Active member,29,2372,2415,0.012225969645868466,1,"Are you an active member, an inactive member, or not a member of humanitarian or a charitable organization?"
TUR,Q101,altruism,single_choice_3,1,Inactive member,119,2372,2415,0.050168634064080946,1,"Are you an active member, an inactive member, or not a member of humanitarian or a charitable organization?"
TUR,Q101,altruism,single_choice_3,0,Don't belong,2224,2372,2415,0.9376053962900506,1,"Are you an active member, an inactive member, or not a member of humanitarian or a charitable organization?"
TUR,Q103,altruism,single_choice_3,2,Active member,6,2371,2415,0.0025305778152678194,1,"Are you an active member, an inactive member, or not a member of a self-help group or a mutual aid group?"
TUR,Q103,altruism,single_choice_3,1,Inactive member,70,2371,2415,0.029523407844791228,1,"Are you an active member, an inactive member, or not a member of a self-help group or a mutual aid group?"
TUR,Q103,altruism,single_choice_3,0,Don't belong,2295,2371,2415,0.967946014339941,1,"Are you an active member, an inactive member, or not a member of a self-help group or a mutual aid group?"
TUR,Q106,risktaking,scale_1_10,1,nan,313,2362,2415,0.13251481795088907,1,"How would you place your views on this scale? 1 means you agree completely with statement A; 10 means you agree completely with statement B; and if your views fall somewhere in between, you can choose any number in between. Statement A: Incomes should be made more equal; Statement B: there should be greater incentives for individual effort?"
TUR,Q106,risktaking,scale_1_10,2,,158,2362,2415,0.06689246401354784,1,"How would you place your views on this scale? 1 means you agree completely with statement A; 10 means you agree completely with statement B; and if your views fall somewhere in between, you can choose any number in between. Statement A: Incomes should be made more equal; Statement B: there should be greater incentives for individual effort?"
TUR,Q106,risktaking,scale_1_10,3,,216,2362,2415,0.09144792548687553,1,"How would you place your views on this scale? 1 means you agree completely with statement A; 10 means you agree completely with statement B; and if your views fall somewhere in between, you can choose any number in between. Statement A: Incomes should be made more equal; Statement B: there should be greater incentives for individual effort?"
TUR,Q106,risktaking,scale_1_10,4,,237,2362,2415,0.10033869602032176,1,"How would you place your views on this scale? 1 means you agree completely with statement A; 10 means you agree completely with statement B; and if your views fall somewhere in between, you can choose any number in between. Statement A: Incomes should be made more equal; Statement B: there should be greater incentives for individual effort?"
TUR,Q106,risktaking,scale_1_10,5,,305,2362,2415,0.12912785774767147,1,"How would you place your views on this scale? 1 means you agree completely with statement A; 10 means you agree completely with statement B; and if your views fall somewhere in between, you can choose any number in between. Statement A: Incomes should be made more equal; Statement B: there should be greater incentives for individual effort?"
TUR,Q106,risktaking,scale_1_10,6,,319,2362,2415,0.1350550381033023,1,"How would you place your views on this scale? 1 means you agree completely with statement A; 10 means you agree completely with statement B; and if your views fall somewhere in between, you can choose any number in between. Statement A: Incomes should be made more equal; Statement B: there should be greater incentives for individual effort?"
TUR,Q106,risktaking,scale_1_10,7,,277,2362,2415,0.11727349703640982,1,"How would you place your views on this scale? 1 means you agree completely with statement A; 10 means you agree completely with statement B; and if your views fall somewhere in between, you can choose any number in between. Statement A: Incomes should be made more equal; Statement B: there should be greater incentives for individual effort?"
TUR,Q106,risktaking,scale_1_10,8,,283,2362,2415,0.11981371718882303,1,"How would you place your views on this scale? 1 means you agree completely with statement A; 10 means you agree completely with statement B; and if your views fall somewhere in between, you can choose any number in between. Statement A: Incomes should be made more equal; Statement B: there should be greater incentives for individual effort?"
TUR,Q106,risktaking,scale_1_10,9,,93,2362,2415,0.03937341236240474,1,"How would you place your views on this scale? 1 means you agree completely with statement A; 10 means you agree completely with statement B; and if your views fall somewhere in between, you can choose any number in between. Statement A: Incomes should be made more equal; Statement B: there should be greater incentives for individual effort?"
TUR,Q106,risktaking,scale_1_10,10,,161,2362,2415,0.06816257408975444,1,"How would you place your views on this scale? 1 means you agree completely with statement A; 10 means you agree completely with statement B; and if your views fall somewhere in between, you can choose any number in between. Statement A: Incomes should be made more equal; Statement B: there should be greater incentives for individual effort?"
TUR,Q107,risktaking,scale_1_10,1,nan,136,2296,2415,0.059233449477351915,1,"How would you place your views on this scale? 1 means you agree completely with statement A; 10 means you agree completely with statement B; and if your views fall somewhere in between, you can choose any number in between. Statement A: Private ownership of business and industry should be increased; Statement B: Government ownership of business and industry should be increased?"
TUR,Q107,risktaking,scale_1_10,2,,46,2296,2415,0.02003484320557491,1,"How would you place your views on this scale? 1 means you agree completely with statement A; 10 means you agree completely with statement B; and if your views fall somewhere in between, you can choose any number in between. Statement A: Private ownership of business and industry should be increased; Statement B: Government ownership of business and industry should be increased?"
TUR,Q107,risktaking,scale_1_10,3,,144,2296,2415,0.0627177700348432,1,"How would you place your views on this scale? 1 means you agree completely with statement A; 10 means you agree completely with statement B; and if your views fall somewhere in between, you can choose any number in between. Statement A: Private ownership of business and industry should be increased; Statement B: Government ownership of business and industry should be increased?"
TUR,Q107,risktaking,scale_1_10,4,,208,2296,2415,0.09059233449477352,1,"How would you place your views on this scale? 1 means you agree completely with statement A; 10 means you agree completely with statement B; and if your views fall somewhere in between, you can choose any number in between. Statement A: Private ownership of business and industry should be increased; Statement B: Government ownership of business and industry should be increased?"
TUR,Q107,risktaking,scale_1_10,5,,362,2296,2415,0.15766550522648085,1,"How would you place your views on this scale? 1 means you agree completely with statement A; 10 means you agree completely with statement B; and if your views fall somewhere in between, you can choose any number in between. Statement A: Private ownership of business and industry should be increased; Statement B: Government ownership of business and industry should be increased?"
TUR,Q107,risktaking,scale_1_10,6,,378,2296,2415,0.16463414634146342,1,"How would you place your views on this scale? 1 means you agree completely with statement A; 10 means you agree completely with statement B; and if your views fall somewhere in between, you can choose any number in between. Statement A: Private ownership of business and industry should be increased; Statement B: Government ownership of business and industry should be increased?"
TUR,Q107,risktaking,scale_1_10,7,,333,2296,2415,0.14503484320557491,1,"How would you place your views on this scale? 1 means you agree completely with statement A; 10 means you agree completely with statement B; and if your views fall somewhere in between, you can choose any number in between. Statement A: Private ownership of business and industry should be increased; Statement B: Government ownership of business and industry should be increased?"
TUR,Q107,risktaking,scale_1_10,8,,326,2296,2415,0.14198606271777003,1,"How would you place your views on this scale? 1 means you agree completely with statement A; 10 means you agree completely with statement B; and if your views fall somewhere in between, you can choose any number in between. Statement A: Private ownership of business and industry should be increased; Statement B: Government ownership of business and industry should be increased?"
TUR,Q107,risktaking,scale_1_10,9,,136,2296,2415,0.059233449477351915,1,"How would you place your views on this scale? 1 means you agree completely with statement A; 10 means you agree completely with statement B; and if your views fall somewhere in between, you can choose any number in between. Statement A: Private ownership of business and industry should be increased; Statement B: Government ownership of business and industry should be increased?"
TUR,Q107,risktaking,scale_1_10,10,,227,2296,2415,0.09886759581881534,1,"How would you place your views on this scale? 1 means you agree completely with statement A; 10 means you agree completely with statement B; and if your views fall somewhere in between, you can choose any number in between. Statement A: Private ownership of business and industry should be increased; Statement B: Government ownership of business and industry should be increased?"
TUR,Q109,risktaking,scale_1_10,1,nan,413,2385,2415,0.17316561844863732,-1,"How would you place your views on this scale? 1 means you agree completely with statement A; 10 means you agree completely with statement B; and if your views fall somewhere in between, you can choose any number in between. Statement A: Competition is good; Statement B:  Competition is harmful?"
TUR,Q109,risktaking,scale_1_10,2,,152,2385,2415,0.06373165618448637,-1,"How would you place your views on this scale? 1 means you agree completely with statement A; 10 means you agree completely with statement B; and if your views fall somewhere in between, you can choose any number in between. Statement A: Competition is good; Statement B:  Competition is harmful?"
TUR,Q109,risktaking,scale_1_10,3,,246,2385,2415,0.10314465408805032,-1,"How would you place your views on this scale? 1 means you agree completely with statement A; 10 means you agree completely with statement B; and if your views fall somewhere in between, you can choose any number in between. Statement A: Competition is good; Statement B:  Competition is harmful?"
TUR,Q109,risktaking,scale_1_10,4,,306,2385,2415,0.12830188679245283,-1,"How would you place your views on this scale? 1 means you agree completely with statement A; 10 means you agree completely with statement B; and if your views fall somewhere in between, you can choose any number in between. Statement A: Competition is good; Statement B:  Competition is harmful?"
TUR,Q109,risktaking,scale_1_10,5,,370,2385,2415,0.15513626834381553,-1,"How would you place your views on this scale? 1 means you agree completely with statement A; 10 means you agree completely with statement B; and if your views fall somewhere in between, you can choose any number in between. Statement A: Competition is good; Statement B:  Competition is harmful?"
TUR,Q109,risktaking,scale_1_10,6,,315,2385,2415,0.1320754716981132,-1,"How would you place your views on this scale? 1 means you agree completely with statement A; 10 means you agree completely with statement B; and if your views fall somewhere in between, you can choose any number in between. Statement A: Competition is good; Statement B:  Competition is harmful?"
TUR,Q109,risktaking,scale_1_10,7,,258,2385,2415,0.10817610062893082,-1,"How would you place your views on this scale? 1 means you agree completely with statement A; 10 means you agree completely with statement B; and if your views fall somewhere in between, you can choose any number in between. Statement A: Competition is good; Statement B:  Competition is harmful?"
TUR,Q109,risktaking,scale_1_10,8,,158,2385,2415,0.06624737945492662,-1,"How would you place your views on this scale? 1 means you agree completely with statement A; 10 means you agree completely with statement B; and if your views fall somewhere in between, you can choose any number in between. Statement A: Competition is good; Statement B:  Competition is harmful?"
TUR,Q109,risktaking,scale_1_10,9,,62,2385,2415,0.0259958071278826,-1,"How would you place your views on this scale? 1 means you agree completely with statement A; 10 means you agree completely with statement B; and if your views fall somewhere in between, you can choose any number in between. Statement A: Competition is good; Statement B:  Competition is harmful?"
TUR,Q109,risktaking,scale_1_10,10,,105,2385,2415,0.0440251572327044,-1,"How would you place your views on this scale? 1 means you agree completely with statement A; 10 means you agree completely with statement B; and if your views fall somewhere in between, you can choose any number in between. Statement A: Competition is good; Statement B:  Competition is harmful?"
TUR,Q174,posrecip,single_choice_2,1,To follow religious norms and ceremonies,1274,2322,2415,0.5486649440137812,1,Which of the following statements do you agree with most: The basic meaning of religion is to follow religious norms and ceremonies; The basic meaning of religion is to do good to other people?
TUR,Q174,posrecip,single_choice_2,2,To do good to other people / To make sense of life after death,1048,2322,2415,0.45133505598621876,1,Which of the following statements do you agree with most: The basic meaning of religion is to follow religious norms and ceremonies; The basic meaning of religion is to do good to other people?
TUR,Q176,negrecip,scale_1_10,1,Completely agree,150,2314,2415,0.06482281763180639,1,"On a 10-point scale, how much do you agree or disagree that nowadays one often has trouble deciding which moral rules are the right ones to follow?"
TUR,Q176,negrecip,scale_1_10,2,2,82,2314,2415,0.03543647363872083,1,"On a 10-point scale, how much do you agree or disagree that nowadays one often has trouble deciding which moral rules are the right ones to follow?"
TUR,Q176,negrecip,scale_1_10,3,3,184,2314,2415,0.07951598962834917,1,"On a 10-point scale, how much do you agree or disagree that nowadays one often has trouble deciding which moral rules are the right ones to follow?"
TUR,Q176,negrecip,scale_1_10,4,4,247,2314,2415,0.10674157303370786,1,"On a 10-point scale, how much do you agree or disagree that nowadays one often has trouble deciding which moral rules are the right ones to follow?"
TUR,Q176,negrecip,scale_1_10,5,5,420,2314,2415,0.1815038893690579,1,"On a 10-point scale, how much do you agree or disagree that nowadays one often has trouble deciding which moral rules are the right ones to follow?"
TUR,Q176,negrecip,scale_1_10,6,6,361,2314,2415,0.15600691443388073,1,"On a 10-point scale, how much do you agree or disagree that nowadays one often has trouble deciding which moral rules are the right ones to follow?"
TUR,Q176,negrecip,scale_1_10,7,7,313,2314,2415,0.13526361279170268,1,"On a 10-point scale, how much do you agree or disagree that nowadays one often has trouble deciding which moral rules are the right ones to follow?"
TUR,Q176,negrecip,scale_1_10,8,8,282,2314,2415,0.12186689714779603,1,"On a 10-point scale, how much do you agree or disagree that nowadays one often has trouble deciding which moral rules are the right ones to follow?"
TUR,Q176,negrecip,scale_1_10,9,9,125,2314,2415,0.054019014693171996,1,"On a 10-point scale, how much do you agree or disagree that nowadays one often has trouble deciding which moral rules are the right ones to follow?"
TUR,Q176,negrecip,scale_1_10,10,Completely disagree,150,2314,2415,0.06482281763180639,1,"On a 10-point scale, how much do you agree or disagree that nowadays one often has trouble deciding which moral rules are the right ones to follow?"
TUR,Q177,negrecip,scale_1_10,1,Never justifiable,1777,2397,2415,0.7413433458489779,-1,"Do you think claiming government benefits to which you are not entitled can always be justified, never be justified, or something in between? Answer on a 10-point scale."
TUR,Q177,negrecip,scale_1_10,2,2,133,2397,2415,0.05548602419691281,-1,"Do you think claiming government benefits to which you are not entitled can always be justified, never be justified, or something in between? Answer on a 10-point scale."
TUR,Q177,negrecip,scale_1_10,3,3,127,2397,2415,0.052982895285773886,-1,"Do you think claiming government benefits to which you are not entitled can always be justified, never be justified, or something in between? Answer on a 10-point scale."
TUR,Q177,negrecip,scale_1_10,4,4,101,2397,2415,0.042136003337505216,-1,"Do you think claiming government benefits to which you are not entitled can always be justified, never be justified, or something in between? Answer on a 10-point scale."
TUR,Q177,negrecip,scale_1_10,5,5,71,2397,2415,0.0296203587818106,-1,"Do you think claiming government benefits to which you are not entitled can always be justified, never be justified, or something in between? Answer on a 10-point scale."
TUR,Q177,negrecip,scale_1_10,6,6,64,2397,2415,0.026700041718815185,-1,"Do you think claiming government benefits to which you are not entitled can always be justified, never be justified, or something in between? Answer on a 10-point scale."
TUR,Q177,negrecip,scale_1_10,7,7,55,2397,2415,0.0229453483521068,-1,"Do you think claiming government benefits to which you are not entitled can always be justified, never be justified, or something in between? Answer on a 10-point scale."
TUR,Q177,negrecip,scale_1_10,8,8,45,2397,2415,0.01877346683354193,-1,"Do you think claiming government benefits to which you are not entitled can always be justified, never be justified, or something in between? Answer on a 10-point scale."
TUR,Q177,negrecip,scale_1_10,9,9,17,2397,2415,0.0070921985815602835,-1,"Do you think claiming government benefits to which you are not entitled can always be justified, never be justified, or something in between? Answer on a 10-point scale."
TUR,Q177,negrecip,scale_1_10,10,Always justifiable,7,2397,2415,0.002920317062995411,-1,"Do you think claiming government benefits to which you are not entitled can always be justified, never be justified, or something in between? Answer on a 10-point scale."
TUR,Q178,risktaking,scale_1_10,1,Never justifiable,1646,2388,2415,0.6892797319932998,-1,"Do you think avoiding a fare on public transport can always be justified, never be justified, or something in between? Answer on a 10-point scale."
TUR,Q178,risktaking,scale_1_10,2,2,145,2388,2415,0.06072026800670017,-1,"Do you think avoiding a fare on public transport can always be justified, never be justified, or something in between? Answer on a 10-point scale."
TUR,Q178,risktaking,scale_1_10,3,3,162,2388,2415,0.0678391959798995,-1,"Do you think avoiding a fare on public transport can always be justified, never be justified, or something in between? Answer on a 10-point scale."
TUR,Q178,risktaking,scale_1_10,4,4,101,2388,2415,0.042294807370184255,-1,"Do you think avoiding a fare on public transport can always be justified, never be justified, or something in between? Answer on a 10-point scale."
TUR,Q178,risktaking,scale_1_10,5,5,109,2388,2415,0.045644891122278056,-1,"Do you think avoiding a fare on public transport can always be justified, never be justified, or something in between? Answer on a 10-point scale."
TUR,Q178,risktaking,scale_1_10,6,6,82,2388,2415,0.03433835845896147,-1,"Do you think avoiding a fare on public transport can always be justified, never be justified, or something in between? Answer on a 10-point scale."
TUR,Q178,risktaking,scale_1_10,7,7,69,2388,2415,0.028894472361809045,-1,"Do you think avoiding a fare on public transport can always be justified, never be justified, or something in between? Answer on a 10-point scale."
TUR,Q178,risktaking,scale_1_10,8,8,34,2388,2415,0.01423785594639866,-1,"Do you think avoiding a fare on public transport can always be justified, never be justified, or something in between? Answer on a 10-point scale."
TUR,Q178,risktaking,scale_1_10,9,9,11,2388,2415,0.0046063651591289785,-1,"Do you think avoiding a fare on public transport can always be justified, never be justified, or something in between? Answer on a 10-point scale."
TUR,Q178,risktaking,scale_1_10,10,Always justifiable,29,2388,2415,0.012144053601340033,-1,"Do you think avoiding a fare on public transport can always be justified, never be justified, or something in between? Answer on a 10-point scale."
TUR,Q179,negrecip,scale_1_10,1,Never justifiable,1972,2404,2415,0.8202995008319468,-1,"Do you think stealing property can always be justified, never be justified, or something in between? Answer on a 10-point scale."
TUR,Q179,negrecip,scale_1_10,2,2,109,2404,2415,0.04534109816971714,-1,"Do you think stealing property can always be justified, never be justified, or something in between? Answer on a 10-point scale."
TUR,Q179,negrecip,scale_1_10,3,3,88,2404,2415,0.036605657237936774,-1,"Do you think stealing property can always be justified, never be justified, or something in between? Answer on a 10-point scale."
TUR,Q179,negrecip,scale_1_10,4,4,49,2404,2415,0.02038269550748752,-1,"Do you think stealing property can always be justified, never be justified, or something in between? Answer on a 10-point scale."
TUR,Q179,negrecip,scale_1_10,5,5,48,2404,2415,0.019966722129783693,-1,"Do you think stealing property can always be justified, never be justified, or something in between? Answer on a 10-point scale."
TUR,Q179,negrecip,scale_1_10,6,6,47,2404,2415,0.019550748752079867,-1,"Do you think stealing property can always be justified, never be justified, or something in between? Answer on a 10-point scale."
TUR,Q179,negrecip,scale_1_10,7,7,44,2404,2415,0.018302828618968387,-1,"Do you think stealing property can always be justified, never be justified, or something in between? Answer on a 10-point scale."
TUR,Q179,negrecip,scale_1_10,8,8,34,2404,2415,0.014143094841930116,-1,"Do you think stealing property can always be justified, never be justified, or something in between? Answer on a 10-point scale."
TUR,Q179,negrecip,scale_1_10,9,9,10,2404,2415,0.004159733777038269,-1,"Do you think stealing property can always be justified, never be justified, or something in between? Answer on a 10-point scale."
TUR,Q179,negrecip,scale_1_10,10,Always justifiable,3,2404,2415,0.0012479201331114808,-1,"Do you think stealing property can always be justified, never be justified, or something in between? Answer on a 10-point scale."
TUR,Q195,negrecip,scale_1_10,1,Never justifiable,1208,2354,2415,0.5131690739167375,1,"Do you think death penalty can always be justified, never be justified, or something in between? Answer on a 10-point scale."
TUR,Q195,negrecip,scale_1_10,2,2,135,2354,2415,0.05734919286321156,1,"Do you think death penalty can always be justified, never be justified, or something in between? Answer on a 10-point scale."
TUR,Q195,negrecip,scale_1_10,3,3,123,2354,2415,0.052251486830926085,1,"Do you think death penalty can always be justified, never be justified, or something in between? Answer on a 10-point scale."
TUR,Q195,negrecip,scale_1_10,4,4,138,2354,2415,0.05862361937128292,1,"Do you think death penalty can always be justified, never be justified, or something in between? Answer on a 10-point scale."
TUR,Q195,negrecip,scale_1_10,5,5,170,2354,2415,0.07221750212404418,1,"Do you think death penalty can always be justified, never be justified, or something in between? Answer on a 10-point scale."
TUR,Q195,negrecip,scale_1_10,6,6,165,2354,2415,0.07009345794392523,1,"Do you think death penalty can always be justified, never be justified, or something in between? Answer on a 10-point scale."
TUR,Q195,negrecip,scale_1_10,7,7,132,2354,2415,0.056074766355140186,1,"Do you think death penalty can always be justified, never be justified, or something in between? Answer on a 10-point scale."
TUR,Q195,negrecip,scale_1_10,8,8,93,2354,2415,0.0395072217502124,1,"Do you think death penalty can always be justified, never be justified, or something in between? Answer on a 10-point scale."
TUR,Q195,negrecip,scale_1_10,9,9,53,2354,2415,0.022514868309260833,1,"Do you think death penalty can always be justified, never be justified, or something in between? Answer on a 10-point scale."
TUR,Q195,negrecip,scale_1_10,10,Always justifiable,137,2354,2415,0.05819881053525913,1,"Do you think death penalty can always be justified, never be justified, or something in between? Answer on a 10-point scale."
USA,Q12,posrecip,multiple_response_max_5,1,Yes,1799,2592,2596,0.6940586419753086,1,Is tolerance and respect for other people one of the qualities children should be encouraged to learn at home?
USA,Q12,posrecip,multiple_response_max_5,2,No,793,2592,2596,0.30594135802469136,1,Is tolerance and respect for other people one of the qualities children should be encouraged to learn at home?
USA,Q13,patience,multiple_response_max_5,1,Yes,694,2592,2596,0.26774691358024694,1,"Is thrift, saving money and things one of the qualities children should be encouraged to learn at home?"
USA,Q13,patience,multiple_response_max_5,2,No,1898,2592,2596,0.7322530864197531,1,"Is thrift, saving money and things one of the qualities children should be encouraged to learn at home?"
USA,Q14,patience,multiple_response_max_5,1,Yes,1045,2592,2596,0.40316358024691357,1,"Is determination, perseverance one of the qualities children should be encouraged to learn at home?"
USA,Q14,patience,multiple_response_max_5,2,No,1547,2592,2596,0.5968364197530864,1,"Is determination, perseverance one of the qualities children should be encouraged to learn at home?"
USA,Q43,patience,single_choice_3,1,Good thing,851,2582,2596,0.3295894655305964,-1,"If this change were to happen, would it be a good thing, a bad thing, or would you not mind: less importance placed on work in our lives?"
USA,Q43,patience,single_choice_3,2,Don't mind,1026,2582,2596,0.39736638264910923,-1,"If this change were to happen, would it be a good thing, a bad thing, or would you not mind: less importance placed on work in our lives?"
USA,Q43,patience,single_choice_3,3,Bad thing,705,2582,2596,0.27304415182029435,-1,"If this change were to happen, would it be a good thing, a bad thing, or would you not mind: less importance placed on work in our lives?"
USA,Q50,patience,scale_1_10,1,Completely dissatisfied,151,2573,2596,0.0586863583365721,1,How satisfied are you with the financial situation of your household on a scale from 1 to 10?
USA,Q50,patience,scale_1_10,2,2,91,2573,2596,0.035367275553828216,1,How satisfied are you with the financial situation of your household on a scale from 1 to 10?
USA,Q50,patience,scale_1_10,3,3,157,2573,2596,0.06101826661484648,1,How satisfied are you with the financial situation of your household on a scale from 1 to 10?
USA,Q50,patience,scale_1_10,4,4,229,2573,2596,0.08900116595413914,1,How satisfied are you with the financial situation of your household on a scale from 1 to 10?
USA,Q50,patience,scale_1_10,5,5,357,2573,2596,0.13874854255732608,1,How satisfied are you with the financial situation of your household on a scale from 1 to 10?
USA,Q50,patience,scale_1_10,6,6,339,2573,2596,0.1317528177225029,1,How satisfied are you with the financial situation of your household on a scale from 1 to 10?
USA,Q50,patience,scale_1_10,7,7,412,2573,2596,0.16012436844150796,1,How satisfied are you with the financial situation of your household on a scale from 1 to 10?
USA,Q50,patience,scale_1_10,8,8,438,2573,2596,0.17022930431403033,1,How satisfied are you with the financial situation of your household on a scale from 1 to 10?
USA,Q50,patience,scale_1_10,9,9,237,2573,2596,0.09211037699183833,1,How satisfied are you with the financial situation of your household on a scale from 1 to 10?
USA,Q50,patience,scale_1_10,10,Completely satisfied,162,2573,2596,0.06296152351340847,1,How satisfied are you with the financial situation of your household on a scale from 1 to 10?
USA,Q57,trust,single_choice_2,1,Most people can be trusted,1028,2587,2596,0.39737147274835716,-1,"Generally speaking, would you say that most people can be trusted or that you need to be very careful in dealing with people?"
USA,Q57,trust,single_choice_2,2,Need to be very careful,1559,2587,2596,0.6026285272516428,-1,"Generally speaking, would you say that most people can be trusted or that you need to be very careful in dealing with people?"
USA,Q58,trust,single_choice_4,1,Trust completely,1552,2588,2596,0.5996908809891809,-1,"How much do you trust your family: completely, somewhat, not very much or not at all?"
USA,Q58,trust,single_choice_4,2,Trust somewhat,901,2588,2596,0.348145285935085,-1,"How much do you trust your family: completely, somewhat, not very much or not at all?"
USA,Q58,trust,single_choice_4,3,Do not trust very much,107,2588,2596,0.04134466769706337,-1,"How much do you trust your family: completely, somewhat, not very much or not at all?"
USA,Q58,trust,single_choice_4,4,Do not trust at all,28,2588,2596,0.010819165378670788,-1,"How much do you trust your family: completely, somewhat, not very much or not at all?"
USA,Q59,trust,single_choice_4,1,Trust completely,260,2584,2596,0.10061919504643962,-1,"How much do you trust your neighborhood: completely, somewhat, not very much or not at all?"
USA,Q59,trust,single_choice_4,2,Trust somewhat,1593,2584,2596,0.6164860681114551,-1,"How much do you trust your neighborhood: completely, somewhat, not very much or not at all?"
USA,Q59,trust,single_choice_4,3,Do not trust very much,587,2584,2596,0.22716718266253869,-1,"How much do you trust your neighborhood: completely, somewhat, not very much or not at all?"
USA,Q59,trust,single_choice_4,4,Do not trust at all,144,2584,2596,0.05572755417956656,-1,"How much do you trust your neighborhood: completely, somewhat, not very much or not at all?"
USA,Q60,trust,single_choice_4,1,Trust completely,759,2578,2596,0.2944142746314973,-1,"How much do you trust people you know personally: completely, somewhat, not very much or not at all?"
USA,Q60,trust,single_choice_4,2,Trust somewhat,1596,2578,2596,0.6190845616757176,-1,"How much do you trust people you know personally: completely, somewhat, not very much or not at all?"
USA,Q60,trust,single_choice_4,3,Do not trust very much,193,2578,2596,0.07486423584173778,-1,"How much do you trust people you know personally: completely, somewhat, not very much or not at all?"
USA,Q60,trust,single_choice_4,4,Do not trust at all,30,2578,2596,0.011636927851047323,-1,"How much do you trust people you know personally: completely, somewhat, not very much or not at all?"
USA,Q61,trust,single_choice_4,1,Trust completely,33,2584,2596,0.012770897832817337,-1,"How much do you trust people you meet for the first time: completely, somewhat, not very much or not at all?"
USA,Q61,trust,single_choice_4,2,Trust somewhat,971,2584,2596,0.37577399380804954,-1,"How much do you trust people you meet for the first time: completely, somewhat, not very much or not at all?"
USA,Q61,trust,single_choice_4,3,Do not trust very much,1137,2584,2596,0.44001547987616096,-1,"How much do you trust people you meet for the first time: completely, somewhat, not very much or not at all?"
USA,Q61,trust,single_choice_4,4,Do not trust at all,443,2584,2596,0.17143962848297215,-1,"How much do you trust people you meet for the first time: completely, somewhat, not very much or not at all?"
USA,Q62,trust,single_choice_4,1,Trust completely,194,2567,2596,0.07557460070120764,-1,"How much do you trust people of another religion: completely, somewhat, not very much or not at all?"
USA,Q62,trust,single_choice_4,2,Trust somewhat,1718,2567,2596,0.6692637319828594,-1,"How much do you trust people of another religion: completely, somewhat, not very much or not at all?"
USA,Q62,trust,single_choice_4,3,Do not trust very much,537,2567,2596,0.20919361121932217,-1,"How much do you trust people of another religion: completely, somewhat, not very much or not at all?"
USA,Q62,trust,single_choice_4,4,Do not trust at all,118,2567,2596,0.04596805609661083,-1,"How much do you trust people of another religion: completely, somewhat, not very much or not at all?"
USA,Q63,trust,single_choice_4,1,Trust completely,201,2563,2596,0.07842372220054623,-1,"How much do you trust people of another nationality:  completely, somewhat, not very much or not at all?"
USA,Q63,trust,single_choice_4,2,Trust somewhat,1716,2563,2596,0.6695278969957081,-1,"How much do you trust people of another nationality:  completely, somewhat, not very much or not at all?"
USA,Q63,trust,single_choice_4,3,Do not trust very much,536,2563,2596,0.2091299258681233,-1,"How much do you trust people of another nationality:  completely, somewhat, not very much or not at all?"
USA,Q63,trust,single_choice_4,4,Do not trust at all,110,2563,2596,0.04291845493562232,-1,"How much do you trust people of another nationality:  completely, somewhat, not very much or not at all?"
USA,Q64,trust,single_choice_4,1,A great deal,319,2571,2596,0.12407623492804357,-1,"How much confidence do you have in the churches: a great deal of confidence, quite a lot of confidence, not very much confidence or none at all?"
USA,Q64,trust,single_choice_4,2,Quite a lot,1004,2571,2596,0.39050952936600547,-1,"How much confidence do you have in the churches: a great deal of confidence, quite a lot of confidence, not very much confidence or none at all?"
USA,Q64,trust,single_choice_4,3,Not very much,940,2571,2596,0.36561649163749516,-1,"How much confidence do you have in the churches: a great deal of confidence, quite a lot of confidence, not very much confidence or none at all?"
USA,Q64,trust,single_choice_4,4,None at all,308,2571,2596,0.11979774406845585,-1,"How much confidence do you have in the churches: a great deal of confidence, quite a lot of confidence, not very much confidence or none at all?"
USA,Q69,trust,single_choice_4,1,A great deal,480,2578,2596,0.18619084561675717,-1,"How much confidence do you have in the police: a great deal of confidence, quite a lot of confidence, not very much confidence or none at all?"
USA,Q69,trust,single_choice_4,2,Quite a lot,1298,2578,2596,0.5034910783553141,-1,"How much confidence do you have in the police: a great deal of confidence, quite a lot of confidence, not very much confidence or none at all?"
USA,Q69,trust,single_choice_4,3,Not very much,636,2578,2596,0.24670287044220326,-1,"How much confidence do you have in the police: a great deal of confidence, quite a lot of confidence, not very much confidence or none at all?"
USA,Q69,trust,single_choice_4,4,None at all,164,2578,2596,0.06361520558572537,-1,"How much confidence do you have in the police: a great deal of confidence, quite a lot of confidence, not very much confidence or none at all?"
USA,Q70,trust,single_choice_4,1,A great deal,275,2567,2596,0.10712894429294897,-1,"How much confidence do you have in the courts: a great deal of confidence, quite a lot of confidence, not very much confidence or none at all?"
USA,Q70,trust,single_choice_4,2,Quite a lot,1204,2567,2596,0.46902999610440205,-1,"How much confidence do you have in the courts: a great deal of confidence, quite a lot of confidence, not very much confidence or none at all?"
USA,Q70,trust,single_choice_4,3,Not very much,907,2567,2596,0.35333073626801714,-1,"How much confidence do you have in the courts: a great deal of confidence, quite a lot of confidence, not very much confidence or none at all?"
USA,Q70,trust,single_choice_4,4,None at all,181,2567,2596,0.07051032333463186,-1,"How much confidence do you have in the courts: a great deal of confidence, quite a lot of confidence, not very much confidence or none at all?"
USA,Q71,trust,single_choice_4,1,A great deal,190,2579,2596,0.07367196587824738,-1,"How much confidence do you have in the government: a great deal of confidence, quite a lot of confidence, not very much confidence or none at all?"
USA,Q71,trust,single_choice_4,2,Quite a lot,610,2579,2596,0.2365257851880574,-1,"How much confidence do you have in the government: a great deal of confidence, quite a lot of confidence, not very much confidence or none at all?"
USA,Q71,trust,single_choice_4,3,Not very much,986,2579,2596,0.38231872818922064,-1,"How much confidence do you have in the government: a great deal of confidence, quite a lot of confidence, not very much confidence or none at all?"
USA,Q71,trust,single_choice_4,4,None at all,793,2579,2596,0.3074835207444746,-1,"How much confidence do you have in the government: a great deal of confidence, quite a lot of confidence, not very much confidence or none at all?"
USA,Q73,trust,single_choice_4,1,A great deal,40,2569,2596,0.015570260801868432,-1,"How much confidence do you have in parliament: a great deal of confidence, quite a lot of confidence, not very much confidence or none at all?"
USA,Q73,trust,single_choice_4,2,Quite a lot,324,2569,2596,0.1261191124951343,-1,"How much confidence do you have in parliament: a great deal of confidence, quite a lot of confidence, not very much confidence or none at all?"
USA,Q73,trust,single_choice_4,3,Not very much,1557,2569,2596,0.6060724017127287,-1,"How much confidence do you have in parliament: a great deal of confidence, quite a lot of confidence, not very much confidence or none at all?"
USA,Q73,trust,single_choice_4,4,None at all,648,2569,2596,0.2522382249902686,-1,"How much confidence do you have in parliament: a great deal of confidence, quite a lot of confidence, not very much confidence or none at all?"
USA,Q81,posrecip,single_choice_4,1,A great deal,334,2569,2596,0.1300116776956014,-1,"How much confidence do you have in charitable or humanitarian organizations: a great deal of confidence, quite a lot of confidence, not very much confidence or none at all?"
USA,Q81,posrecip,single_choice_4,2,Quite a lot,1325,2569,2596,0.5157648890618918,-1,"How much confidence do you have in charitable or humanitarian organizations: a great deal of confidence, quite a lot of confidence, not very much confidence or none at all?"
USA,Q81,posrecip,single_choice_4,3,Not very much,788,2569,2596,0.3067341377968081,-1,"How much confidence do you have in charitable or humanitarian organizations: a great deal of confidence, quite a lot of confidence, not very much confidence or none at all?"
USA,Q81,posrecip,single_choice_4,4,None at all,122,2569,2596,0.047489295445698715,-1,"How much confidence do you have in charitable or humanitarian organizations: a great deal of confidence, quite a lot of confidence, not very much confidence or none at all?"
USA,Q99,altruism,single_choice_3,2,Active member,164,2573,2596,0.06373882627283327,1,"Are you an active member, an inactive member, or not a member of an environmental organization?"
USA,Q99,altruism,single_choice_3,1,Inactive member,341,2573,2596,0.13253012048192772,1,"Are you an active member, an inactive member, or not a member of an environmental organization?"
USA,Q99,altruism,single_choice_3,0,Don't belong,2068,2573,2596,0.803731053245239,1,"Are you an active member, an inactive member, or not a member of an environmental organization?"
USA,Q101,altruism,single_choice_3,2,Active member,488,2557,2596,0.19084865076261243,1,"Are you an active member, an inactive member, or not a member of humanitarian or a charitable organization?"
USA,Q101,altruism,single_choice_3,1,Inactive member,388,2557,2596,0.15174032068830662,1,"Are you an active member, an inactive member, or not a member of humanitarian or a charitable organization?"
USA,Q101,altruism,single_choice_3,0,Don't belong,1681,2557,2596,0.657411028549081,1,"Are you an active member, an inactive member, or not a member of humanitarian or a charitable organization?"
USA,Q103,altruism,single_choice_3,2,Active member,152,2540,2596,0.05984251968503937,1,"Are you an active member, an inactive member, or not a member of a self-help group or a mutual aid group?"
USA,Q103,altruism,single_choice_3,1,Inactive member,216,2540,2596,0.08503937007874016,1,"Are you an active member, an inactive member, or not a member of a self-help group or a mutual aid group?"
USA,Q103,altruism,single_choice_3,0,Don't belong,2172,2540,2596,0.8551181102362204,1,"Are you an active member, an inactive member, or not a member of a self-help group or a mutual aid group?"
USA,Q106,risktaking,scale_1_10,1,nan,517,2574,2596,0.20085470085470086,1,"How would you place your views on this scale? 1 means you agree completely with statement A; 10 means you agree completely with statement B; and if your views fall somewhere in between, you can choose any number in between. Statement A: Incomes should be made more equal; Statement B: there should be greater incentives for individual effort?"
USA,Q106,risktaking,scale_1_10,2,,115,2574,2596,0.04467754467754468,1,"How would you place your views on this scale? 1 means you agree completely with statement A; 10 means you agree completely with statement B; and if your views fall somewhere in between, you can choose any number in between. Statement A: Incomes should be made more equal; Statement B: there should be greater incentives for individual effort?"
USA,Q106,risktaking,scale_1_10,3,,222,2574,2596,0.08624708624708624,1,"How would you place your views on this scale? 1 means you agree completely with statement A; 10 means you agree completely with statement B; and if your views fall somewhere in between, you can choose any number in between. Statement A: Incomes should be made more equal; Statement B: there should be greater incentives for individual effort?"
USA,Q106,risktaking,scale_1_10,4,,226,2574,2596,0.08780108780108781,1,"How would you place your views on this scale? 1 means you agree completely with statement A; 10 means you agree completely with statement B; and if your views fall somewhere in between, you can choose any number in between. Statement A: Incomes should be made more equal; Statement B: there should be greater incentives for individual effort?"
USA,Q106,risktaking,scale_1_10,5,,442,2574,2596,0.1717171717171717,1,"How would you place your views on this scale? 1 means you agree completely with statement A; 10 means you agree completely with statement B; and if your views fall somewhere in between, you can choose any number in between. Statement A: Incomes should be made more equal; Statement B: there should be greater incentives for individual effort?"
USA,Q106,risktaking,scale_1_10,6,,273,2574,2596,0.10606060606060606,1,"How would you place your views on this scale? 1 means you agree completely with statement A; 10 means you agree completely with statement B; and if your views fall somewhere in between, you can choose any number in between. Statement A: Incomes should be made more equal; Statement B: there should be greater incentives for individual effort?"
USA,Q106,risktaking,scale_1_10,7,,286,2574,2596,0.1111111111111111,1,"How would you place your views on this scale? 1 means you agree completely with statement A; 10 means you agree completely with statement B; and if your views fall somewhere in between, you can choose any number in between. Statement A: Incomes should be made more equal; Statement B: there should be greater incentives for individual effort?"
USA,Q106,risktaking,scale_1_10,8,,174,2574,2596,0.0675990675990676,1,"How would you place your views on this scale? 1 means you agree completely with statement A; 10 means you agree completely with statement B; and if your views fall somewhere in between, you can choose any number in between. Statement A: Incomes should be made more equal; Statement B: there should be greater incentives for individual effort?"
USA,Q106,risktaking,scale_1_10,9,,71,2574,2596,0.027583527583527584,1,"How would you place your views on this scale? 1 means you agree completely with statement A; 10 means you agree completely with statement B; and if your views fall somewhere in between, you can choose any number in between. Statement A: Incomes should be made more equal; Statement B: there should be greater incentives for individual effort?"
USA,Q106,risktaking,scale_1_10,10,,248,2574,2596,0.09634809634809635,1,"How would you place your views on this scale? 1 means you agree completely with statement A; 10 means you agree completely with statement B; and if your views fall somewhere in between, you can choose any number in between. Statement A: Incomes should be made more equal; Statement B: there should be greater incentives for individual effort?"
USA,Q107,risktaking,scale_1_10,1,nan,661,2573,2596,0.2568985619898951,1,"How would you place your views on this scale? 1 means you agree completely with statement A; 10 means you agree completely with statement B; and if your views fall somewhere in between, you can choose any number in between. Statement A: Private ownership of business and industry should be increased; Statement B: Government ownership of business and industry should be increased?"
USA,Q107,risktaking,scale_1_10,2,,242,2573,2596,0.0940536338904003,1,"How would you place your views on this scale? 1 means you agree completely with statement A; 10 means you agree completely with statement B; and if your views fall somewhere in between, you can choose any number in between. Statement A: Private ownership of business and industry should be increased; Statement B: Government ownership of business and industry should be increased?"
USA,Q107,risktaking,scale_1_10,3,,360,2573,2596,0.13991449669646328,1,"How would you place your views on this scale? 1 means you agree completely with statement A; 10 means you agree completely with statement B; and if your views fall somewhere in between, you can choose any number in between. Statement A: Private ownership of business and industry should be increased; Statement B: Government ownership of business and industry should be increased?"
USA,Q107,risktaking,scale_1_10,4,,301,2573,2596,0.11698406529343179,1,"How would you place your views on this scale? 1 means you agree completely with statement A; 10 means you agree completely with statement B; and if your views fall somewhere in between, you can choose any number in between. Statement A: Private ownership of business and industry should be increased; Statement B: Government ownership of business and industry should be increased?"
USA,Q107,risktaking,scale_1_10,5,,578,2573,2596,0.22464049747376602,1,"How would you place your views on this scale? 1 means you agree completely with statement A; 10 means you agree completely with statement B; and if your views fall somewhere in between, you can choose any number in between. Statement A: Private ownership of business and industry should be increased; Statement B: Government ownership of business and industry should be increased?"
USA,Q107,risktaking,scale_1_10,6,,163,2573,2596,0.06335017489312086,1,"How would you place your views on this scale? 1 means you agree completely with statement A; 10 means you agree completely with statement B; and if your views fall somewhere in between, you can choose any number in between. Statement A: Private ownership of business and industry should be increased; Statement B: Government ownership of business and industry should be increased?"
USA,Q107,risktaking,scale_1_10,7,,118,2573,2596,0.04586086280606296,1,"How would you place your views on this scale? 1 means you agree completely with statement A; 10 means you agree completely with statement B; and if your views fall somewhere in between, you can choose any number in between. Statement A: Private ownership of business and industry should be increased; Statement B: Government ownership of business and industry should be increased?"
USA,Q107,risktaking,scale_1_10,8,,63,2573,2596,0.024485036921881073,1,"How would you place your views on this scale? 1 means you agree completely with statement A; 10 means you agree completely with statement B; and if your views fall somewhere in between, you can choose any number in between. Statement A: Private ownership of business and industry should be increased; Statement B: Government ownership of business and industry should be increased?"
USA,Q107,risktaking,scale_1_10,9,,20,2573,2596,0.00777302759424796,1,"How would you place your views on this scale? 1 means you agree completely with statement A; 10 means you agree completely with statement B; and if your views fall somewhere in between, you can choose any number in between. Statement A: Private ownership of business and industry should be increased; Statement B: Government ownership of business and industry should be increased?"
USA,Q107,risktaking,scale_1_10,10,,67,2573,2596,0.026039642440730666,1,"How would you place your views on this scale? 1 means you agree completely with statement A; 10 means you agree completely with statement B; and if your views fall somewhere in between, you can choose any number in between. Statement A: Private ownership of business and industry should be increased; Statement B: Government ownership of business and industry should be increased?"
USA,Q109,risktaking,scale_1_10,1,nan,788,2576,2596,0.3059006211180124,-1,"How would you place your views on this scale? 1 means you agree completely with statement A; 10 means you agree completely with statement B; and if your views fall somewhere in between, you can choose any number in between. Statement A: Competition is good; Statement B:  Competition is harmful?"
USA,Q109,risktaking,scale_1_10,2,,334,2576,2596,0.1296583850931677,-1,"How would you place your views on this scale? 1 means you agree completely with statement A; 10 means you agree completely with statement B; and if your views fall somewhere in between, you can choose any number in between. Statement A: Competition is good; Statement B:  Competition is harmful?"
USA,Q109,risktaking,scale_1_10,3,,411,2576,2596,0.1595496894409938,-1,"How would you place your views on this scale? 1 means you agree completely with statement A; 10 means you agree completely with statement B; and if your views fall somewhere in between, you can choose any number in between. Statement A: Competition is good; Statement B:  Competition is harmful?"
USA,Q109,risktaking,scale_1_10,4,,314,2576,2596,0.12189440993788819,-1,"How would you place your views on this scale? 1 means you agree completely with statement A; 10 means you agree completely with statement B; and if your views fall somewhere in between, you can choose any number in between. Statement A: Competition is good; Statement B:  Competition is harmful?"
USA,Q109,risktaking,scale_1_10,5,,418,2576,2596,0.1622670807453416,-1,"How would you place your views on this scale? 1 means you agree completely with statement A; 10 means you agree completely with statement B; and if your views fall somewhere in between, you can choose any number in between. Statement A: Competition is good; Statement B:  Competition is harmful?"
USA,Q109,risktaking,scale_1_10,6,,116,2576,2596,0.04503105590062112,-1,"How would you place your views on this scale? 1 means you agree completely with statement A; 10 means you agree completely with statement B; and if your views fall somewhere in between, you can choose any number in between. Statement A: Competition is good; Statement B:  Competition is harmful?"
USA,Q109,risktaking,scale_1_10,7,,85,2576,2596,0.03299689440993789,-1,"How would you place your views on this scale? 1 means you agree completely with statement A; 10 means you agree completely with statement B; and if your views fall somewhere in between, you can choose any number in between. Statement A: Competition is good; Statement B:  Competition is harmful?"
USA,Q109,risktaking,scale_1_10,8,,41,2576,2596,0.01591614906832298,-1,"How would you place your views on this scale? 1 means you agree completely with statement A; 10 means you agree completely with statement B; and if your views fall somewhere in between, you can choose any number in between. Statement A: Competition is good; Statement B:  Competition is harmful?"
USA,Q109,risktaking,scale_1_10,9,,21,2576,2596,0.008152173913043478,-1,"How would you place your views on this scale? 1 means you agree completely with statement A; 10 means you agree completely with statement B; and if your views fall somewhere in between, you can choose any number in between. Statement A: Competition is good; Statement B:  Competition is harmful?"
USA,Q109,risktaking,scale_1_10,10,,48,2576,2596,0.018633540372670808,-1,"How would you place your views on this scale? 1 means you agree completely with statement A; 10 means you agree completely with statement B; and if your views fall somewhere in between, you can choose any number in between. Statement A: Competition is good; Statement B:  Competition is harmful?"
USA,Q174,posrecip,single_choice_2,1,To follow religious norms and ceremonies,564,2553,2596,0.2209165687426557,1,Which of the following statements do you agree with most: The basic meaning of religion is to follow religious norms and ceremonies; The basic meaning of religion is to do good to other people?
USA,Q174,posrecip,single_choice_2,2,To do good to other people / To make sense of life after death,1989,2553,2596,0.7790834312573442,1,Which of the following statements do you agree with most: The basic meaning of religion is to follow religious norms and ceremonies; The basic meaning of religion is to do good to other people?
USA,Q176,negrecip,scale_1_10,1,Completely agree,242,2575,2596,0.09398058252427184,1,"On a 10-point scale, how much do you agree or disagree that nowadays one often has trouble deciding which moral rules are the right ones to follow?"
USA,Q176,negrecip,scale_1_10,2,2,133,2575,2596,0.051650485436893205,1,"On a 10-point scale, how much do you agree or disagree that nowadays one often has trouble deciding which moral rules are the right ones to follow?"
USA,Q176,negrecip,scale_1_10,3,3,303,2575,2596,0.11766990291262136,1,"On a 10-point scale, how much do you agree or disagree that nowadays one often has trouble deciding which moral rules are the right ones to follow?"
USA,Q176,negrecip,scale_1_10,4,4,281,2575,2596,0.10912621359223301,1,"On a 10-point scale, how much do you agree or disagree that nowadays one often has trouble deciding which moral rules are the right ones to follow?"
USA,Q176,negrecip,scale_1_10,5,5,448,2575,2596,0.17398058252427184,1,"On a 10-point scale, how much do you agree or disagree that nowadays one often has trouble deciding which moral rules are the right ones to follow?"
USA,Q176,negrecip,scale_1_10,6,6,177,2575,2596,0.06873786407766991,1,"On a 10-point scale, how much do you agree or disagree that nowadays one often has trouble deciding which moral rules are the right ones to follow?"
USA,Q176,negrecip,scale_1_10,7,7,211,2575,2596,0.08194174757281554,1,"On a 10-point scale, how much do you agree or disagree that nowadays one often has trouble deciding which moral rules are the right ones to follow?"
USA,Q176,negrecip,scale_1_10,8,8,284,2575,2596,0.11029126213592233,1,"On a 10-point scale, how much do you agree or disagree that nowadays one often has trouble deciding which moral rules are the right ones to follow?"
USA,Q176,negrecip,scale_1_10,9,9,173,2575,2596,0.06718446601941748,1,"On a 10-point scale, how much do you agree or disagree that nowadays one often has trouble deciding which moral rules are the right ones to follow?"
USA,Q176,negrecip,scale_1_10,10,Completely disagree,323,2575,2596,0.1254368932038835,1,"On a 10-point scale, how much do you agree or disagree that nowadays one often has trouble deciding which moral rules are the right ones to follow?"
USA,Q177,negrecip,scale_1_10,1,Never justifiable,1370,2568,2596,0.5334890965732088,-1,"Do you think claiming government benefits to which you are not entitled can always be justified, never be justified, or something in between? Answer on a 10-point scale."
USA,Q177,negrecip,scale_1_10,2,2,330,2568,2596,0.12850467289719625,-1,"Do you think claiming government benefits to which you are not entitled can always be justified, never be justified, or something in between? Answer on a 10-point scale."
USA,Q177,negrecip,scale_1_10,3,3,220,2568,2596,0.08566978193146417,-1,"Do you think claiming government benefits to which you are not entitled can always be justified, never be justified, or something in between? Answer on a 10-point scale."
USA,Q177,negrecip,scale_1_10,4,4,126,2568,2596,0.04906542056074766,-1,"Do you think claiming government benefits to which you are not entitled can always be justified, never be justified, or something in between? Answer on a 10-point scale."
USA,Q177,negrecip,scale_1_10,5,5,258,2568,2596,0.10046728971962617,-1,"Do you think claiming government benefits to which you are not entitled can always be justified, never be justified, or something in between? Answer on a 10-point scale."
USA,Q177,negrecip,scale_1_10,6,6,92,2568,2596,0.03582554517133956,-1,"Do you think claiming government benefits to which you are not entitled can always be justified, never be justified, or something in between? Answer on a 10-point scale."
USA,Q177,negrecip,scale_1_10,7,7,57,2568,2596,0.02219626168224299,-1,"Do you think claiming government benefits to which you are not entitled can always be justified, never be justified, or something in between? Answer on a 10-point scale."
USA,Q177,negrecip,scale_1_10,8,8,35,2568,2596,0.013629283489096573,-1,"Do you think claiming government benefits to which you are not entitled can always be justified, never be justified, or something in between? Answer on a 10-point scale."
USA,Q177,negrecip,scale_1_10,9,9,16,2568,2596,0.006230529595015576,-1,"Do you think claiming government benefits to which you are not entitled can always be justified, never be justified, or something in between? Answer on a 10-point scale."
USA,Q177,negrecip,scale_1_10,10,Always justifiable,64,2568,2596,0.024922118380062305,-1,"Do you think claiming government benefits to which you are not entitled can always be justified, never be justified, or something in between? Answer on a 10-point scale."
USA,Q178,risktaking,scale_1_10,1,Never justifiable,1064,2568,2596,0.4143302180685358,-1,"Do you think avoiding a fare on public transport can always be justified, never be justified, or something in between? Answer on a 10-point scale."
USA,Q178,risktaking,scale_1_10,2,2,332,2568,2596,0.1292834890965732,-1,"Do you think avoiding a fare on public transport can always be justified, never be justified, or something in between? Answer on a 10-point scale."
USA,Q178,risktaking,scale_1_10,3,3,300,2568,2596,0.11682242990654206,-1,"Do you think avoiding a fare on public transport can always be justified, never be justified, or something in between? Answer on a 10-point scale."
USA,Q178,risktaking,scale_1_10,4,4,167,2568,2596,0.06503115264797507,-1,"Do you think avoiding a fare on public transport can always be justified, never be justified, or something in between? Answer on a 10-point scale."
USA,Q178,risktaking,scale_1_10,5,5,377,2568,2596,0.14680685358255452,-1,"Do you think avoiding a fare on public transport can always be justified, never be justified, or something in between? Answer on a 10-point scale."
USA,Q178,risktaking,scale_1_10,6,6,146,2568,2596,0.05685358255451713,-1,"Do you think avoiding a fare on public transport can always be justified, never be justified, or something in between? Answer on a 10-point scale."
USA,Q178,risktaking,scale_1_10,7,7,85,2568,2596,0.033099688473520246,-1,"Do you think avoiding a fare on public transport can always be justified, never be justified, or something in between? Answer on a 10-point scale."
USA,Q178,risktaking,scale_1_10,8,8,40,2568,2596,0.01557632398753894,-1,"Do you think avoiding a fare on public transport can always be justified, never be justified, or something in between? Answer on a 10-point scale."
USA,Q178,risktaking,scale_1_10,9,9,11,2568,2596,0.004283489096573208,-1,"Do you think avoiding a fare on public transport can always be justified, never be justified, or something in between? Answer on a 10-point scale."
USA,Q178,risktaking,scale_1_10,10,Always justifiable,46,2568,2596,0.01791277258566978,-1,"Do you think avoiding a fare on public transport can always be justified, never be justified, or something in between? Answer on a 10-point scale."
USA,Q179,negrecip,scale_1_10,1,Never justifiable,1735,2568,2596,0.6756230529595015,-1,"Do you think stealing property can always be justified, never be justified, or something in between? Answer on a 10-point scale."
USA,Q179,negrecip,scale_1_10,2,2,346,2568,2596,0.13473520249221183,-1,"Do you think stealing property can always be justified, never be justified, or something in between? Answer on a 10-point scale."
USA,Q179,negrecip,scale_1_10,3,3,151,2568,2596,0.0588006230529595,-1,"Do you think stealing property can always be justified, never be justified, or something in between? Answer on a 10-point scale."
USA,Q179,negrecip,scale_1_10,4,4,65,2568,2596,0.025311526479750778,-1,"Do you think stealing property can always be justified, never be justified, or something in between? Answer on a 10-point scale."
USA,Q179,negrecip,scale_1_10,5,5,136,2568,2596,0.0529595015576324,-1,"Do you think stealing property can always be justified, never be justified, or something in between? Answer on a 10-point scale."
USA,Q179,negrecip,scale_1_10,6,6,45,2568,2596,0.017523364485981307,-1,"Do you think stealing property can always be justified, never be justified, or something in between? Answer on a 10-point scale."
USA,Q179,negrecip,scale_1_10,7,7,24,2568,2596,0.009345794392523364,-1,"Do you think stealing property can always be justified, never be justified, or something in between? Answer on a 10-point scale."
USA,Q179,negrecip,scale_1_10,8,8,26,2568,2596,0.010124610591900311,-1,"Do you think stealing property can always be justified, never be justified, or something in between? Answer on a 10-point scale."
USA,Q179,negrecip,scale_1_10,9,9,7,2568,2596,0.0027258566978193145,-1,"Do you think stealing property can always be justified, never be justified, or something in between? Answer on a 10-point scale."
USA,Q179,negrecip,scale_1_10,10,Always justifiable,33,2568,2596,0.012850467289719626,-1,"Do you think stealing property can always be justified, never be justified, or something in between? Answer on a 10-point scale."
USA,Q195,negrecip,scale_1_10,1,Never justifiable,349,2566,2596,0.13600935307872175,1,"Do you think death penalty can always be justified, never be justified, or something in between? Answer on a 10-point scale."
USA,Q195,negrecip,scale_1_10,2,2,190,2566,2596,0.0740452065471551,1,"Do you think death penalty can always be justified, never be justified, or something in between? Answer on a 10-point scale."
USA,Q195,negrecip,scale_1_10,3,3,162,2566,2596,0.06313328137178488,1,"Do you think death penalty can always be justified, never be justified, or something in between? Answer on a 10-point scale."
USA,Q195,negrecip,scale_1_10,4,4,135,2566,2596,0.052611067809820736,1,"Do you think death penalty can always be justified, never be justified, or something in between? Answer on a 10-point scale."
USA,Q195,negrecip,scale_1_10,5,5,505,2566,2596,0.19680436477007016,1,"Do you think death penalty can always be justified, never be justified, or something in between? Answer on a 10-point scale."
USA,Q195,negrecip,scale_1_10,6,6,205,2566,2596,0.0798908807482463,1,"Do you think death penalty can always be justified, never be justified, or something in between? Answer on a 10-point scale."
USA,Q195,negrecip,scale_1_10,7,7,264,2566,2596,0.10288386593920498,1,"Do you think death penalty can always be justified, never be justified, or something in between? Answer on a 10-point scale."
USA,Q195,negrecip,scale_1_10,8,8,323,2566,2596,0.12587685113016367,1,"Do you think death penalty can always be justified, never be justified, or something in between? Answer on a 10-point scale."
USA,Q195,negrecip,scale_1_10,9,9,130,2566,2596,0.05066250974279034,1,"Do you think death penalty can always be justified, never be justified, or something in between? Answer on a 10-point scale."
USA,Q195,negrecip,scale_1_10,10,Always justifiable,303,2566,2596,0.11808261886204209,1,"Do you think death penalty can always be justified, never be justified, or something in between? Answer on a 10-point scale."
