{
  "timestamp": "2026-03-02T05:13:25.839455",
  "config": {
    "teacher_model": "claude-sonnet-4-6",
    "scenarios_per_dim": 5,
    "qc_distance_thresh": 0.2,
    "concurrency": 2,
    "temperature_gen": 0.8,
    "temperature_score": 0.1,
    "seed": 42
  },
  "countries": {
    "ARG": {
      "trust": -0.2067333310842514,
      "risktaking": 0.041503168642520905,
      "patience": -0.22930797934532166,
      "altruism": 0.02734668180346489,
      "posrecip": 0.15967930853366852,
      "negrecip": -0.14045727252960205
    },
    "MEX": {
      "trust": -0.3570720851421356,
      "risktaking": -0.13891679048538208,
      "patience": -0.10842810571193695,
      "altruism": -0.8130887150764465,
      "posrecip": -1.0379811525344849,
      "negrecip": -0.1146494597196579
    },
    "USA": {
      "trust": 0.15036696195602417,
      "risktaking": 0.11658679693937302,
      "patience": 0.8112621307373047,
      "altruism": 0.40642887353897095,
      "posrecip": 0.20365002751350403,
      "negrecip": 0.011553643271327019
    },
    "PAK": {
      "trust": -0.10337088257074356,
      "risktaking": 0.019619442522525787,
      "patience": -0.08310799300670624,
      "altruism": -0.27611401677131653,
      "posrecip": -0.02244466543197632,
      "negrecip": 0.15996569395065308
    }
  },
  "wvs_item_map_n": 30,
  "tier_2_items": [
    "Q57",
    "Q59",
    "Q61",
    "Q62",
    "Q63",
    "Q64",
    "Q69",
    "Q70",
    "Q71",
    "Q13",
    "Q14",
    "Q43",
    "Q106",
    "Q107",
    "Q109",
    "Q12",
    "Q174",
    "Q176",
    "Q177",
    "Q179",
    "Q101",
    "Q99"
  ],
  "tier_3_items": [
    "Q58",
    "Q60",
    "Q73",
    "Q50",
    "Q178",
    "Q81",
    "Q195",
    "Q103"
  ],
  "qc_stats": {
    "total": 120,
    "score_fail": 0,
    "mono_fail": 19,
    "dist_fail": 1,
    "pass": 100
  },
  "per_dim_counts": {
    "patience": 20,
    "trust": 19,
    "posrecip": 19,
    "altruism": 17,
    "negrecip": 15,
    "risktaking": 10
  },
  "per_country_counts": {
    "MEX": 30,
    "PAK": 26,
    "ARG": 23,
    "USA": 21
  },
  "mean_feature_distance": 0.5985,
  "mean_contamination_ratio": 2.2252,
  "per_dim_contamination": {
    "trust": 2.9855,
    "risktaking": 1.9816,
    "patience": 1.3999,
    "altruism": 2.2457,
    "posrecip": 2.0958,
    "negrecip": 2.6656
  }
}