arm,country,item,dimension,raw,normalized,human_available,tvd
adapter,ARG,Q43,patience,1.9090614694070687,0.45453073470353433,True,0.65692085571211223
adapter_persona,ARG,Q43,patience,1.7025679811377352,0.35128399056886761,True,0.49341865523397999
armA,ARG,Q43,patience,1.8853460103273392,0.44267300516366959,True,0.34628218701511615
armB,ARG,Q43,patience,1,0,True,0.84760943269852529
base,ARG,Q43,patience,1.9772230264275823,0.48861151321379115,True,0.70108274269680682
base_fixed_USA,ARG,Q43,patience,1.9654621002804156,0.48273105014020778,True,0.6799479913616453
persona,ARG,Q43,patience,2.0805450644073575,0.54027253220367877,True,0.55156452586182492
uniform,ARG,Q43,patience,2,0.5,True,0.2906024545572834
human,ARG,Q43,patience,2.4715452205891424,0.73577261029457119,True,0
adapter,ARG,Q50,patience,6.1694434678194217,0.57438260753549131,True,0.60349385276439471
adapter_persona,ARG,Q50,patience,5.5947102988334274,0.51052336653704744,True,0.44108221083429705
armA,ARG,Q50,patience,5.3853460103273392,0.48726066781414878,True,0.21489356543801891
armB,ARG,Q50,patience,1,0,True,0.9163238171601763
base,ARG,Q50,patience,6.2781176192182144,0.58645751324646822,True,0.5851054496615018
base_fixed_USA,ARG,Q50,patience,6.3070745276425102,0.58967494751583449,True,0.59130986792793117
persona,ARG,Q50,patience,5.4205536360070692,0.49117262622300767,True,0.62183573233242084
uniform,ARG,Q50,patience,5.5,0.5,True,0.20910455498565361
human,ARG,Q50,patience,5.8023687366924808,0.53359652629916454,True,0
adapter,ARG,Q57,trust,0.06754669113962912,0.06754669113962912,True,0.13349641538087825
adapter_persona,ARG,Q57,trust,0.0069038377902678029,0.0069038377902678029,True,0.19413926873023957
armA,ARG,Q57,trust,0.39663333445787424,0.39663333445787424,True,0.19559022793736691
armB,ARG,Q57,trust,0,0,True,0.20104310652050736
base,ARG,Q57,trust,0.2689414213699951,0.2689414213699951,True,0.067898314849487745
base_fixed_USA,ARG,Q57,trust,0.24508501313237169,0.24508501313237169,True,0.044041906611864357
persona,ARG,Q57,trust,0.010986942630593102,0.010986942630593102,True,0.19005616388991425
uniform,ARG,Q57,trust,0.5,0.5,True,0.29895689347949261
human,ARG,Q57,trust,0.20104310652050736,0.20104310652050736,True,0
adapter,ARG,Q58,trust,3.7032971056250714,0.9010990352083571,True,0.18500407966213062
adapter_persona,ARG,Q58,trust,3.3933424457517996,0.79778081525059985,True,0.43015923094687858
armA,ARG,Q58,trust,2.3966333344578739,0.4655444448192913,True,0.65074431550073053
armB,ARG,Q58,trust,1,0,True,0.99763756399593895
base,ARG,Q58,trust,3.458967312914293,0.81965577097143105,True,0.41917213727215669
base_fixed_USA,ARG,Q58,trust,3.4583392679043596,0.81944642263478651,True,0.41903728536866697
persona,ARG,Q58,trust,3.6102429494240793,0.87008098314135973,True,0.26629236593751476
uniform,ARG,Q58,trust,2.5,0.5,True,0.62058288233881986
human,ARG,Q58,trust,3.8476131314223725,0.94920437714079087,True,0
adapter,ARG,Q59,trust,3.0090960987702555,0.66969869959008521,True,0.40808167342963797
adapter_persona,ARG,Q59,trust,2.9228544474658822,0.64095148248862743,True,0.27007772314392442
armA,ARG,Q59,trust,2.3966333344578739,0.4655444448192913,True,0.32122124463312279
armB,ARG,Q59,trust,1,0,True,0.95372741892156587
base,ARG,Q59,trust,2.983595522284181,0.6611985074280603,True,0.39638973489091511
base_fixed_USA,ARG,Q59,trust,2.983595522284181,0.6611985074280603,True,0.39638973489091511
persona,ARG,Q59,trust,2.8131807051326843,0.60439356837756142,True,0.2385368958342029
uniform,ARG,Q59,trust,2.5,0.5,True,0.27988874915755585
human,ARG,Q59,trust,3.0034093668558763,0.66780312228529215,True,0
adapter,ARG,Q60,trust,3.1982479092443223,0.73274930308144082,True,0.28569094000322715
adapter_persona,ARG,Q60,trust,3.1301686942327516,0.71005623141091723,True,0.15039896065978342
armA,ARG,Q60,trust,2.3966333344578739,0.4655444448192913,True,0.33276591847810855
armB,ARG,Q60,trust,1,0,True,0.9496759667044723
base,ARG,Q60,trust,3.1744187249712632,0.72480624165708774,True,0.30208891345195998
base_fixed_USA,ARG,Q60,trust,3.1939495615702511,0.731316520523417,True,0.28297797836145033
persona,ARG,Q60,trust,3.0299714742437089,0.67665715808123628,True,0.29181564828568179
uniform,ARG,Q60,trust,2.5,0.5,True,0.2914334230025416
human,ARG,Q60,trust,3.0223799697530778,0.67412665658435922,True,0
adapter,ARG,Q61,trust,2.8538385622225508,0.61794618740751694,True,0.57129622434648564
adapter_persona,ARG,Q61,trust,2.6831850617586883,0.56106168725289607,True,0.36012913168295718
armA,ARG,Q61,trust,2.3966333344578739,0.4655444448192913,True,0.22611879430965126
armB,ARG,Q61,trust,1,0,True,0.76717557705087969
base,ARG,Q61,trust,2.8862271848811725,0.62874239496039086,True,0.59609923305611423
base_fixed_USA,ARG,Q61,trust,2.8862271848811716,0.62874239496039053,True,0.59609923305611412
persona,ARG,Q61,trust,2.2657325022549499,0.42191083408498331,True,0.2547803420776934
uniform,ARG,Q61,trust,2.5,0.5,True,0.22440749056691359
human,ARG,Q61,trust,2.1316689764398529,0.37722299214661764,True,0
adapter,ARG,Q62,trust,2.9905822525491201,0.66352741751637334,True,0.5004777863661487
adapter_persona,ARG,Q62,trust,2.8335477954858819,0.61118259849529399,True,0.25245254844100568
armA,ARG,Q62,trust,2.3966333344578739,0.4655444448192913,True,0.23050164238572901
armB,ARG,Q62,trust,1,0,True,0.87904834495879003
base,ARG,Q62,trust,2.9833965110535146,0.66113217035117156,True,0.49390728842896353
base_fixed_USA,ARG,Q62,trust,2.9830138094600915,0.66100460315336385,True,0.49372267510342704
persona,ARG,Q62,trust,2.8975831070109979,0.63252770233699929,True,0.33756703987604253
uniform,ARG,Q62,trust,2.5,0.5,True,0.22879033864299131
human,ARG,Q62,trust,2.6424375792383215,0.54747919307944048,True,0
adapter,ARG,Q63,trust,2.9915974834368178,0.66386582781227255,True,0.46757540577013973
adapter_persona,ARG,Q63,trust,2.8727408550378657,0.62424695167928856,True,0.26853169320604969
armA,ARG,Q63,trust,2.3966333344578739,0.4655444448192913,True,0.25098873160390078
armB,ARG,Q63,trust,1,0,True,0.86726042365952671
base,ARG,Q63,trust,2.9770270168155579,0.65900900560518594,True,0.46057234490740595
base_fixed_USA,ARG,Q63,trust,2.9708565747832969,0.6569521915944323,True,0.4548035736351051
persona,ARG,Q63,trust,2.762117061871995,0.58737235395733167,True,0.23884548236025527
uniform,ARG,Q63,trust,2.5,0.5,True,0.24927742786116314
human,ARG,Q63,trust,2.5709515395532483,0.52365051318441613,True,0
adapter,ARG,Q64,trust,2.8492791558657795,0.61642638528859317,True,0.24025756689289335
adapter_persona,ARG,Q64,trust,2.8498618161934224,0.6166206053978075,True,0.087547009502227283
armA,ARG,Q64,trust,2.3966333344578739,0.4655444448192913,True,0.15337026750879279
armB,ARG,Q64,trust,1,0,True,0.86469592589288247
base,ARG,Q64,trust,2.7190908498138544,0.5730302832712848,True,0.21213292244889492
base_fixed_USA,ARG,Q64,trust,2.7121755996547465,0.57072519988491555,True,0.20865821546686986
persona,ARG,Q64,trust,2.6233339129637594,0.54111130432125309,True,0.064973057113927868
uniform,ARG,Q64,trust,2.5,0.5,True,0.15165896376605512
human,ARG,Q64,trust,2.6653816051799781,0.55512720172665941,True,0
adapter,ARG,Q69,trust,2.8268490913878956,0.60894969712929858,True,0.46748608506302491
adapter_persona,ARG,Q69,trust,2.340922352438688,0.44697411747956267,True,0.25827417091013533
armA,ARG,Q69,trust,2.3966333344578739,0.4655444448192913,True,0.17741052069276045
armB,ARG,Q69,trust,1,0,True,0.73300509655950552
base,ARG,Q69,trust,2.8239255680105337,0.60797518933684458,True,0.46625558539121092
base_fixed_USA,ARG,Q69,trust,2.8239255680105337,0.60797518933684458,True,0.46625558539121092
persona,ARG,Q69,trust,2.1446110685976589,0.38153702286588631,True,0.36516363913654665
uniform,ARG,Q69,trust,2.5,0.5,True,0.19857237470453756
human,ARG,Q69,trust,2.0917386014644506,0.36391286715481685,True,0
adapter,ARG,Q70,trust,2.8115150262358921,0.60383834207863074,True,0.56990429114590024
adapter_persona,ARG,Q70,trust,2.2961882781017504,0.43206275936725014,True,0.32288212272321948
armA,ARG,Q70,trust,2.3966333344578739,0.4655444448192913,True,0.26267857670394623
armB,ARG,Q70,trust,1,0,True,0.62912756739764086
base,ARG,Q70,trust,2.7842146278064543,0.59473820926881815,True,0.54562261811744805
base_fixed_USA,ARG,Q70,trust,2.8090073137919416,0.60300243793064723,True,0.5688440515519011
persona,ARG,Q70,trust,2.0908872042941025,0.36362906809803414,True,0.3809338574731001
uniform,ARG,Q70,trust,2.5,0.5,True,0.30401107217951318
human,ARG,Q70,trust,1.8425402747977004,0.28084675826590016,True,0
adapter,ARG,Q71,trust,2.2727031823118486,0.42423439410394953,True,0.35817500766653998
adapter_persona,ARG,Q71,trust,2.2657266704026919,0.42190889013423066,True,0.27792330090148087
armA,ARG,Q71,trust,2.3966333344578739,0.4655444448192913,True,0.17211480166429166
armB,ARG,Q71,trust,1,0,True,0.6854786197913616
base,ARG,Q71,trust,2.2989848745952024,0.43299495819840078,True,0.3500867824836611
base_fixed_USA,ARG,Q71,trust,2.2980648346585788,0.43268827821952627,True,0.34938711786479792
persona,ARG,Q71,trust,2.0170767151845457,0.33902557172818187,True,0.51928518521737232
uniform,ARG,Q71,trust,2.5,0.5,True,0.20227623482620233
human,ARG,Q71,trust,2.0317881111698073,0.34392937038993576,True,0
adapter,ARG,Q73,trust,2.5491291165331007,0.51637637217770027,True,0.34704781072145496
adapter_persona,ARG,Q73,trust,2.4126108112889382,0.47087027042964608,True,0.29557112075103709
armA,ARG,Q73,trust,2.3966333344578739,0.4655444448192913,True,0.24481168602050341
armB,ARG,Q73,trust,1,0,True,0.65128784116612715
base,ARG,Q73,trust,2.5257526779952375,0.50858422599841246,True,0.33872051967871641
base_fixed_USA,ARG,Q73,trust,2.4940816124279097,0.49802720414263657,True,0.33932241078084963
persona,ARG,Q73,trust,2.0733980580572937,0.35779935268576457,True,0.35462651291115621
uniform,ARG,Q73,trust,2.5,0.5,True,0.28614418149607035
human,ARG,Q73,trust,1.8790731252702095,0.29302437509006984,True,0
adapter,ARG,Q81,posrecip,3.0107505566711157,0.67025018555703852,True,0.33286217428043297
adapter_persona,ARG,Q81,posrecip,2.9562758231670281,0.65209194105567603,True,0.11931785966184137
armA,ARG,Q81,posrecip,2.5798396542668343,0.52661321808894479,True,0.22582525870194217
armB,ARG,Q81,posrecip,4,1,True,0.79828526728654758
base,ARG,Q81,posrecip,2.9243805538575098,0.64146018461916998,True,0.31189989009352465
base_fixed_USA,ARG,Q81,posrecip,2.933953426269869,0.64465114208995633,True,0.30517286598910714
persona,ARG,Q81,posrecip,2.7515488887780979,0.58384962959269926,True,0.14356364715647352
uniform,ARG,Q81,posrecip,2.5,0.5,True,0.23328917669364185
human,ARG,Q81,posrecip,2.8044760432059332,0.60149201440197775,True,0
adapter,ARG,Q99,altruism,1.7917623109074921,0.89588115545374603,True,0.88789171904396003
adapter_persona,ARG,Q99,altruism,1.4504767888829082,0.7252383944414541,True,0.91239053052480956
armA,ARG,Q99,altruism,1.0136733409017322,0.50683667045086611,True,0.60871053335179148
armB,ARG,Q99,altruism,2,1,True,0.98276152526965677
base,ARG,Q99,altruism,1.3267352684482283,0.66336763422411416,True,0.70166059136424763
base_fixed_USA,ARG,Q99,altruism,1.2792851299000041,0.63964256495000205,True,0.68519912057977672
persona,ARG,Q99,altruism,0.37718449177365998,0.18859224588682999,True,0.26377497921397441
uniform,ARG,Q99,altruism,1,0.5,True,0.60189723375164728
human,ARG,Q99,altruism,0.082007907645362615,0.041003953822681308,True,0
adapter,ARG,Q101,altruism,1.7307355704716361,0.86536778523581803,True,0.84426535740905884
adapter_persona,ARG,Q101,altruism,1.4868737135190795,0.74343685675953974,True,0.8849001162709591
armA,ARG,Q101,altruism,1.0136733409017322,0.50683667045086611,True,0.57481364628098719
armB,ARG,Q101,altruism,2,1,True,0.97107802769533991
base,ARG,Q101,altruism,1.22445469264022,0.61222734632011,True,0.6428185775609162
base_fixed_USA,ARG,Q101,altruism,1.2169858475220729,0.60849292376103647,True,0.65142080030000638
persona,ARG,Q101,altruism,0.6222047315969691,0.31110236579848455,True,0.42334695011773515
uniform,ARG,Q101,altruism,1,0.5,True,0.56800034668084287
human,ARG,Q101,altruism,0.12758829229048391,0.063794146145241953,True,0
adapter,ARG,Q103,altruism,1.334845322655734,0.66742266132786698,True,0.69576148516424174
adapter_persona,ARG,Q103,altruism,1.4629939256574727,0.73149696282873633,True,0.89301423535897995
armA,ARG,Q103,altruism,1.0136733409017322,0.50683667045086611,True,0.60860898054520218
armB,ARG,Q103,altruism,2,1,True,0.9872358744046501
base,ARG,Q103,altruism,0.64442636526289543,0.32221318263144771,True,0.32537000914366809
base_fixed_USA,ARG,Q103,altruism,0.64442636526289543,0.32221318263144771,True,0.32537000914366809
persona,ARG,Q103,altruism,0.19752980696193873,0.098764903480969363,True,0.08467975731881483
uniform,ARG,Q103,altruism,1,0.5,True,0.60179568094505798
human,ARG,Q103,altruism,0.077635111316958647,0.038817555658479323,True,0
adapter,ARG,Q106,risktaking,5.408106120811313,0.48978956897903481,True,0.63453306020061806
adapter_persona,ARG,Q106,risktaking,5.206603929352621,0.46740043659473568,True,0.49332002645612422
armA,ARG,Q106,risktaking,5.5207515843212596,0.50230573159125103,True,0.13263857913655247
armB,ARG,Q106,risktaking,10,1,True,0.90798435118753618
base,ARG,Q106,risktaking,5.4266832344593858,0.49185369271770951,True,0.57366778490633041
base_fixed_USA,ARG,Q106,risktaking,5.406422350591277,0.48960248339903079,True,0.57394836115598424
persona,ARG,Q106,risktaking,5.3865878277091781,0.48739864752324202,True,0.52406309412665097
uniform,ARG,Q106,risktaking,5.5,0.5,True,0.13250899859227194
human,ARG,Q106,risktaking,5.530000295423342,0.50333336615814916,True,0
adapter,ARG,Q107,risktaking,5.1689934310996879,0.46322149234440979,True,0.42697469708951119
adapter_persona,ARG,Q107,risktaking,5.5139619784700944,0.50155133094112159,True,0.228436213162198
armA,ARG,Q107,risktaking,5.5207515843212596,0.50230573159125103,True,0.20967026820780726
armB,ARG,Q107,risktaking,10,1,True,0.90040410469057575
base,ARG,Q107,risktaking,5.6316956880982296,0.51463285423313665,True,0.25948876129805343
base_fixed_USA,ARG,Q107,risktaking,5.6359970598218077,0.51511078442464531,True,0.24599796911228922
persona,ARG,Q107,risktaking,6.2665899922310766,0.58517666580345296,True,0.25393609263714473
uniform,ARG,Q107,risktaking,5.5,0.5,True,0.21066880274510025
human,ARG,Q107,risktaking,6.030527072322216,0.55894745248024624,True,0
adapter,ARG,Q109,risktaking,5.0756941245399307,0.45285490272665896,True,0.54022832501141183
adapter_persona,ARG,Q109,risktaking,5.1359879079863759,0.45955421199848623,True,0.39797201966901169
armA,ARG,Q109,risktaking,5.5207515843212596,0.50230573159125103,True,0.16774753032622122
armB,ARG,Q109,risktaking,10,1,True,0.91923407919446509
base,ARG,Q109,risktaking,5.1801595692905993,0.46446217436562215,True,0.50717667766152164
base_fixed_USA,ARG,Q109,risktaking,5.2018321541790646,0.46687023935322941,True,0.50406851561817212
persona,ARG,Q109,risktaking,5.3810026514385658,0.48677807238206289,True,0.40460793440713438
uniform,ARG,Q109,risktaking,5.5,0.5,True,0.16560569594602997
human,ARG,Q109,risktaking,4.8304901259619504,0.42561001399577225,True,0
adapter,ARG,Q174,posrecip,0.0043315020205639005,0.0043315020205639005,True,0.13781878245708334
adapter_persona,ARG,Q174,posrecip,0.059210256136677034,0.059210256136677034,True,0.082940028340970223
armA,ARG,Q174,posrecip,0.57983965426683426,0.57983965426683426,True,0.43768936978918699
armB,ARG,Q174,posrecip,1,1,True,0.85784971552235278
base,ARG,Q174,posrecip,0.0071214287457351012,0.0071214287457351012,True,0.13502885573191215
base_fixed_USA,ARG,Q174,posrecip,0.0062899021368924002,0.0062899021368924002,True,0.13586038234075482
persona,ARG,Q174,posrecip,0.022977369910025601,0.022977369910025601,True,0.11917291456762161
uniform,ARG,Q174,posrecip,0.5,0.5,True,0.35784971552235278
human,ARG,Q174,posrecip,0.14215028447764724,0.14215028447764724,True,0
adapter,ARG,Q176,negrecip,5.931952229959812,0.54799469221775687,True,0.44558024815566138
adapter_persona,ARG,Q176,negrecip,6.6535840087345832,0.6281760009705093,True,0.25012430238376354
armA,ARG,Q176,negrecip,5.429771363735199,0.49219681819279987,True,0.2420611847742874
armB,ARG,Q176,negrecip,1,0,True,0.84616437489055973
base,ARG,Q176,negrecip,5.5248470768246758,0.5027607863138529,True,0.48675048196659226
base_fixed_USA,ARG,Q176,negrecip,5.5807928879954485,0.50897698755504983,True,0.46111976431601748
persona,ARG,Q176,negrecip,5.7050976009851375,0.522788622331682,True,0.32059859240539251
uniform,ARG,Q176,negrecip,5.5,0.5,True,0.24244400005836669
human,ARG,Q176,negrecip,5.595112721486041,0.51056808016511568,True,0
adapter,ARG,Q177,negrecip,7.3946316880155223,0.71051463200172471,True,0.17990374950494456
adapter_persona,ARG,Q177,negrecip,6.0500232884253045,0.56111369871392269,True,0.41096741265028708
armA,ARG,Q177,negrecip,5.4297713637351972,0.4921968181927997,True,0.28141050091215564
armB,ARG,Q177,negrecip,1,0,True,0.89614180221799722
base,ARG,Q177,negrecip,9.2714888886603468,0.91905432096226081,True,0.47190959342100414
base_fixed_USA,ARG,Q177,negrecip,9.274825983144984,0.91942510923833154,True,0.47600028186538629
persona,ARG,Q177,negrecip,7.1436621930245821,0.68262913255828694,True,0.18649887509445481
uniform,ARG,Q177,negrecip,5.5,0.5,True,0.28102672824958175
human,ARG,Q177,negrecip,6.6020495091060001,0.62244994545622223,True,0
adapter,ARG,Q178,risktaking,5.9274766908163183,0.54749741009070207,True,0.62012353950990051
adapter_persona,ARG,Q178,risktaking,5.7111471396717635,0.52346079329686257,True,0.59264361106151331
armA,ARG,Q178,risktaking,5.5207515843212596,0.50230573159125103,True,0.40298348892151453
armB,ARG,Q178,risktaking,10,1,True,0.98027466777726757
base,ARG,Q178,risktaking,6.0472899274888281,0.56080999194320313,True,0.58315807400184716
base_fixed_USA,ARG,Q178,risktaking,5.9162516417148865,0.54625018241276513,True,0.58223165935176135
persona,ARG,Q178,risktaking,5.9302062778060076,0.54780069753400085,True,0.6053370083820595
uniform,ARG,Q178,risktaking,5.5,0.5,True,0.40172707778270933
human,ARG,Q178,risktaking,3.0999251040381619,0.23332501155979576,True,0
adapter,ARG,Q179,negrecip,7.3216563095946885,0.70240625662163203,True,0.4262129185295021
adapter_persona,ARG,Q179,negrecip,8.0600872216183923,0.78445413573537692,True,0.2730070698168266
armA,ARG,Q179,negrecip,5.4297713637351972,0.4921968181927997,True,0.68269648650012638
armB,ARG,Q179,negrecip,1,0,True,0.99999999999999989
base,ARG,Q179,negrecip,9.4694291359763909,0.94104768177515452,True,0.11792853991399027
base_fixed_USA,ARG,Q179,negrecip,9.4510912345383602,0.93901013717092896,True,0.11626887744246632
persona,ARG,Q179,negrecip,9.3930476535280309,0.93256085039200343,True,0.1632709391018082
uniform,ARG,Q179,negrecip,5.5,0.5,True,0.67890905665697732
human,ARG,Q179,negrecip,9.236714140457595,0.91519046005084392,True,0
adapter,ARG,Q195,negrecip,5.6030498758758682,0.51144998620842985,True,0.66399334924670972
adapter_persona,ARG,Q195,negrecip,3.7396583956076785,0.30440648840085316,True,0.33206040970878903
armA,ARG,Q195,negrecip,5.429771363735199,0.49219681819279987,True,0.44757566266076509
armB,ARG,Q195,negrecip,1,0,True,0.45136811691975803
base,ARG,Q195,negrecip,5.6019156309017575,0.51132395898908412,True,0.65356147362827199
base_fixed_USA,ARG,Q195,negrecip,5.5195581846511379,0.50217313162790422,True,0.64955464652669825
persona,ARG,Q195,negrecip,4.1034584076829415,0.34482871196477127,True,0.37528584367149315
uniform,ARG,Q195,negrecip,5.5,0.5,True,0.45184662436718348
human,ARG,Q195,negrecip,3.2051696660301325,0.24501885178112584,True,0
adapter,BRA,Q43,patience,1.9915373222390176,0.49576866111950879,True,0.74332779412023486
adapter_persona,BRA,Q43,patience,1.9438333044441247,0.47191665222206236,True,0.47204420288953186
armA,BRA,Q43,patience,1.8699799031019206,0.43498995155096032,True,0.1379043059945152
armB,BRA,Q43,patience,1,0,True,0.64508238073722934
base,BRA,Q43,patience,1.9720544194523646,0.4860272097261823,True,0.67305680370000009
base_fixed_USA,BRA,Q43,patience,1.9654621002804156,0.48273105014020778,True,0.66688674043746698
persona,BRA,Q43,patience,2.0344533739291801,0.51722668696459007,True,0.57736547081715073
uniform,BRA,Q43,patience,2,0.5,True,0.096598437601246492
human,BRA,Q43,patience,2.053429865742372,0.52671493287118598,True,0
adapter,BRA,Q50,patience,5.9154099591453466,0.54615666212726077,True,0.72141856744718802
adapter_persona,BRA,Q50,patience,5.6109037962627903,0.51232264402919891,True,0.48675569097434029
armA,BRA,Q50,patience,5.3699799031019211,0.48555332256688011,True,0.21528384131509526
armB,BRA,Q50,patience,1,0,True,0.9033979570208841
base,BRA,Q50,patience,6.320539056170877,0.59117100624120855,True,0.6651007841560177
base_fixed_USA,BRA,Q50,patience,6.3070745276425102,0.58967494751583449,True,0.66186921511473629
persona,BRA,Q50,patience,5.8848554056386124,0.54276171173762355,True,0.56683236983251439
uniform,BRA,Q50,patience,5.5,0.5,True,0.20173973390670447
human,BRA,Q50,patience,6.0555593897095292,0.56172882107883659,True,0
adapter,BRA,Q57,trust,0.0010817152527255003,0.0010817152527255003,True,0.065397720530228381
adapter_persona,BRA,Q57,trust,0.0010649625504390004,0.0010649625504390004,True,0.065414473232514883
armA,BRA,Q57,trust,0.49865543062333018,0.49865543062333018,True,0.43217599484037628
armB,BRA,Q57,trust,0,0,True,0.066479435782953872
base,BRA,Q57,trust,0.26588047309981694,0.26588047309981694,True,0.19940103731686304
base_fixed_USA,BRA,Q57,trust,0.24508501313237169,0.24508501313237169,True,0.17860557734941784
persona,BRA,Q57,trust,0.060086650174007598,0.060086650174007598,True,0.0063927856089462699
uniform,BRA,Q57,trust,0.5,0.5,True,0.4335205642170461
human,BRA,Q57,trust,0.06647943578295383,0.06647943578295383,True,0
adapter,BRA,Q58,trust,3.3471958907385173,0.7823986302461724,True,0.31866407984401024
adapter_persona,BRA,Q58,trust,3.2671887823574712,0.75572959411915708,True,0.36660632276562638
armA,BRA,Q58,trust,2.4986554306233302,0.49955181020777673,True,0.40529944753317776
armB,BRA,Q58,trust,1,0,True,0.97745710364689309
base,BRA,Q58,trust,3.4824117207947269,0.82747057359824228,True,0.17281370738004753
base_fixed_USA,BRA,Q58,trust,3.4583392679043596,0.81944642263478651,True,0.19583379909577148
persona,BRA,Q58,trust,3.7515135420447581,0.91717118068158598,True,0.1808827552387994
uniform,BRA,Q58,trust,2.5,0.5,True,0.40476161981362407
human,BRA,Q58,trust,3.4549670542524522,0.81832235141748411,True,0
adapter,BRA,Q59,trust,2.9858734199083452,0.66195780663611503,True,0.55175495049477552
adapter_persona,BRA,Q59,trust,2.8264720158237573,0.6088240052745858,True,0.39690970183803814
armA,BRA,Q59,trust,2.4986554306233302,0.49955181020777673,True,0.19269642095760309
armB,BRA,Q59,trust,1,0,True,0.80708675837336519
base,BRA,Q59,trust,2.9832703265110219,0.66109010883700725,True,0.48003530648981912
base_fixed_USA,BRA,Q59,trust,2.983595522284181,0.6611985074280603,True,0.48353327920766326
persona,BRA,Q59,trust,2.9424555194647488,0.64748517315491627,True,0.39266079539230114
uniform,BRA,Q59,trust,2.5,0.5,True,0.19269613169886349
human,BRA,Q59,trust,2.4588200177864219,0.48627333926214061,True,0
adapter,BRA,Q60,trust,3.0293094301415531,0.67643647671385099,True,0.466640386178647
adapter_persona,BRA,Q60,trust,3.0143653552791467,0.67145511842638228,True,0.33061173803674665
armA,BRA,Q60,trust,2.4986554306233302,0.49955181020777673,True,0.27484088992760847
armB,BRA,Q60,trust,1,0,True,0.89116180322126159
base,BRA,Q60,trust,3.1813854330712408,0.72712847769041355,True,0.38226357925405424
base_fixed_USA,BRA,Q60,trust,3.1939495615702511,0.731316520523417,True,0.38255418963071897
persona,BRA,Q60,trust,3.1406646405649443,0.71355488018831481,True,0.368959652921242
uniform,BRA,Q60,trust,2.5,0.5,True,0.27484060066886884
human,BRA,Q60,trust,2.618607042139133,0.53953568071304436,True,0
adapter,BRA,Q61,trust,2.6478231453066954,0.54927438176889842,True,0.48239657126405411
adapter_persona,BRA,Q61,trust,2.5457898039692903,0.51526326798976341,True,0.43340859399849635
armA,BRA,Q61,trust,2.4986554306233302,0.49955181020777673,True,0.26819078012519459
armB,BRA,Q61,trust,1,0,True,0.54246640594112905
base,BRA,Q61,trust,2.8851287746917778,0.62837625823059262,True,0.66677323691881074
base_fixed_USA,BRA,Q61,trust,2.8862271848811716,0.62874239496039053,True,0.6688112170542474
persona,BRA,Q61,trust,2.4642836234855676,0.48809454116185585,True,0.46429727224883854
uniform,BRA,Q61,trust,2.5,0.5,True,0.26872860784474828
human,BRA,Q61,trust,1.7987639478287247,0.2662546492762416,True,0
adapter,BRA,Q62,trust,2.9839853410911084,0.66132844703036942,True,0.5016395887816415
adapter_persona,BRA,Q62,trust,2.7871481257265769,0.59571604190885896,True,0.30655835653934926
armA,BRA,Q62,trust,2.4986554306233302,0.49955181020777673,True,0.23706982849802155
armB,BRA,Q62,trust,1,0,True,0.82128245226040786
base,BRA,Q62,trust,2.9828848533647601,0.66096161778825335,True,0.47069074798890126
base_fixed_USA,BRA,Q62,trust,2.9830138094600915,0.66100460315336385,True,0.47677256070241791
persona,BRA,Q62,trust,2.9841680945239504,0.66138936484131683,True,0.37970178962034684
uniform,BRA,Q62,trust,2.5,0.5,True,0.23706953923928192
human,BRA,Q62,trust,2.4695316143516028,0.48984387145053426,True,0
adapter,BRA,Q63,trust,2.9662094783353377,0.65540315944511252,True,0.61038551191817925
adapter_persona,BRA,Q63,trust,2.8192722597258415,0.60642408657528046,True,0.45774493718841081
armA,BRA,Q63,trust,2.4986554306233302,0.49955181020777673,True,0.20495695877634801
armB,BRA,Q63,trust,1,0,True,0.6532497256282066
base,BRA,Q63,trust,2.9781201320889199,0.6593733773629733,True,0.57510078487321281
base_fixed_USA,BRA,Q63,trust,2.9708565747832969,0.6569521915944323,True,0.57048900838497463
persona,BRA,Q63,trust,2.9420548405883311,0.6473516135294437,True,0.50138340702207596
uniform,BRA,Q63,trust,2.5,0.5,True,0.20536018497553629
human,BRA,Q63,trust,2.0945690452242594,0.36485634840808645,True,0
adapter,BRA,Q64,trust,2.5352659332208765,0.51175531107362549,True,0.29923966892211173
adapter_persona,BRA,Q64,trust,2.6231131168680415,0.5410377056226805,True,0.23173501918929745
armA,BRA,Q64,trust,2.4986554306233302,0.49955181020777673,True,0.23710959506281831
armB,BRA,Q64,trust,1,0,True,0.86420962916073241
base,BRA,Q64,trust,2.7263790113469155,0.57545967044897184,True,0.19717606952862501
base_fixed_USA,BRA,Q64,trust,2.7121755996547465,0.57072519988491555,True,0.19508186507369521
persona,BRA,Q64,trust,2.7554957728967162,0.5851652576322387,True,0.097790959885659418
uniform,BRA,Q64,trust,2.5,0.5,True,0.23697499354245297
human,BRA,Q64,trust,2.7491332527061911,0.58304441756873038,True,0
adapter,BRA,Q69,trust,2.5834803458004925,0.52782678193349752,True,0.32300348636360732
adapter_persona,BRA,Q69,trust,2.1842767680294348,0.39475892267647827,True,0.52965021595517958
armA,BRA,Q69,trust,2.4986554306233302,0.49955181020777673,True,0.18306606774933254
armB,BRA,Q69,trust,1,0,True,0.78582054668352908
base,BRA,Q69,trust,2.8205259386540593,0.60684197955135311,True,0.26357287695558806
base_fixed_USA,BRA,Q69,trust,2.8239255680105337,0.60797518933684458,True,0.27651669326215023
persona,BRA,Q69,trust,2.1767420074391053,0.39224733581303511,True,0.54434969617963214
uniform,BRA,Q69,trust,2.5,0.5,True,0.18293146622896722
human,BRA,Q69,trust,2.4508537053470327,0.48361790178234426,True,0
adapter,BRA,Q70,trust,2.5151674437861358,0.50505581459537863,True,0.35994246114494222
adapter_persona,BRA,Q70,trust,2.0957761757121931,0.36525872523739772,True,0.56288033623984535
armA,BRA,Q70,trust,2.4986554306233302,0.49955181020777673,True,0.14960721460378285
armB,BRA,Q70,trust,1,0,True,0.759993676651183
base,BRA,Q70,trust,2.7866415517141689,0.59554718390472294,True,0.31400945259091417
base_fixed_USA,BRA,Q70,trust,2.8090073137919416,0.60300243793064723,True,0.31940411461587781
persona,BRA,Q70,trust,2.1520437134200363,0.38401457114001208,True,0.55407114229149812
uniform,BRA,Q70,trust,2.5,0.5,True,0.1494726130834175
human,BRA,Q70,trust,2.4047579803799617,0.4682526601266539,True,0
adapter,BRA,Q71,trust,2.0607841493397068,0.35359471644656892,True,0.71589665838833949
adapter_persona,BRA,Q71,trust,2.1122482476809843,0.37074941589366145,True,0.58531131708314565
armA,BRA,Q71,trust,2.4986554306233302,0.49955181020777673,True,0.29634101981108368
armB,BRA,Q71,trust,1,0,True,0.45325546473098843
base,BRA,Q71,trust,2.2931154250837391,0.43103847502791304,True,0.56295415151117623
base_fixed_USA,BRA,Q71,trust,2.2980648346585788,0.43268827821952627,True,0.56277448897840676
persona,BRA,Q71,trust,2.0749765299915466,0.35832550999718221,True,0.65870374965947531
uniform,BRA,Q71,trust,2.5,0.5,True,0.29674453526901157
human,BRA,Q71,trust,1.71322475132514,0.23774158377504664,True,0
adapter,BRA,Q73,trust,2.1731089276193014,0.39103630920643379,True,0.63625603576650058
adapter_persona,BRA,Q73,trust,2.1546514465431503,0.38488381551438344,True,0.56519794860789407
armA,BRA,Q73,trust,2.4986554306233302,0.49955181020777673,True,0.37568868115681442
armB,BRA,Q73,trust,1,0,True,0.37390780338525764
base,BRA,Q73,trust,2.5145573184215801,0.50485243947386005,True,0.61676924004265521
base_fixed_USA,BRA,Q73,trust,2.4940816124279097,0.49802720414263657,True,0.61670244856171919
persona,BRA,Q73,trust,2.1037698002117291,0.36792326673724302,True,0.58939582369068211
uniform,BRA,Q73,trust,2.5,0.5,True,0.37609219661474236
human,BRA,Q73,trust,1.5486388920077254,0.18287963066924182,True,0
adapter,BRA,Q81,posrecip,2.8215362123390064,0.60717873744633544,True,0.33206299973502751
adapter_persona,BRA,Q81,posrecip,2.6678118040754564,0.55593726802515209,True,0.2659516016056146
armA,BRA,Q81,posrecip,2.6756190955638885,0.55853969852129615,True,0.19338979739904555
armB,BRA,Q81,posrecip,4,1,True,0.7926058961823832
base,BRA,Q81,posrecip,2.9379301600301284,0.6459767200100428,True,0.34282669110099911
base_fixed_USA,BRA,Q81,posrecip,2.933953426269869,0.64465114208995633,True,0.33008976791286998
persona,BRA,Q81,posrecip,2.8082833273588017,0.60276110911960057,True,0.22171055476692969
uniform,BRA,Q81,posrecip,2.5,0.5,True,0.20837227476987907
human,BRA,Q81,posrecip,2.7494081779940145,0.58313605933133816,True,0
adapter,BRA,Q99,altruism,0.20596896812396914,0.10298448406198457,True,0.14289437279999498
adapter_persona,BRA,Q99,altruism,1.0657032593866547,0.53285162969332733,True,0.80271143870591022
armA,BRA,Q99,altruism,1.2321798801422119,0.61608994007110596,True,0.73882363912411486
armB,BRA,Q99,altruism,2,1,True,0.98250092417267987
base,BRA,Q99,altruism,1.3304804228972185,0.66524021144860923,True,0.73283987989930188
base_fixed_USA,BRA,Q99,altruism,1.2792851299000041,0.63964256495000205,True,0.71284354544411155
persona,BRA,Q99,altruism,0.3827874522109424,0.1913937261054712,True,0.30875978965614476
uniform,BRA,Q99,altruism,1,0.5,True,0.62954165861598199
human,BRA,Q99,altruism,0.054624083878004798,0.027312041939002399,True,0
adapter,BRA,Q101,altruism,0.31570595004006791,0.15785297502003395,True,0.20193394509925397
adapter_persona,BRA,Q101,altruism,1.1568070156283741,0.57840350781418703,True,0.78598244066055067
armA,BRA,Q101,altruism,1.2321798801422119,0.61608994007110596,True,0.67708775776108987
armB,BRA,Q101,altruism,2,1,True,0.93442751667910717
base,BRA,Q101,altruism,1.2246439946807794,0.61232199734038972,True,0.65088583491709673
base_fixed_USA,BRA,Q101,altruism,1.2169858475220729,0.60849292376103647,True,0.65122623087212061
persona,BRA,Q101,altruism,0.68795376938654318,0.34397688469327159,True,0.46379036704847143
uniform,BRA,Q101,altruism,1,0.5,True,0.567805777252957
human,BRA,Q101,altruism,0.16443337273460248,0.082216686367301242,True,0
adapter,BRA,Q103,altruism,0.086577338785327113,0.043288669392663556,True,0.029596668776146088
adapter_persona,BRA,Q103,altruism,0.92302559489546143,0.46151279744773072,True,0.64094416817849409
armA,BRA,Q103,altruism,1.2321798801422119,0.61608994007110596,True,0.70369940100665529
armB,BRA,Q103,altruism,2,1,True,0.95336127546913429
base,BRA,Q103,altruism,0.65825133364359478,0.32912566682179739,True,0.3280921250022828
base_fixed_USA,BRA,Q103,altruism,0.64442636526289543,0.32221318263144771,True,0.31799174869713254
persona,BRA,Q103,altruism,0.16816062944878102,0.084080314724390509,True,0.0660939147116857
uniform,BRA,Q103,altruism,1,0.5,True,0.59441742049852242
human,BRA,Q103,altruism,0.11888797069900989,0.059443985349504944,True,0
adapter,BRA,Q106,risktaking,5.3786904720100086,0.48652116355666764,True,0.7299572458802428
adapter_persona,BRA,Q106,risktaking,5.354632514577558,0.48384805717528423,True,0.54879355338931191
armA,BRA,Q106,risktaking,5.3747016042470932,0.48607795602745479,True,0.36120265855371742
armB,BRA,Q106,risktaking,1,0,True,0.69307368968312455
base,BRA,Q106,risktaking,5.3953451262379879,0.48837168069310977,True,0.67139430340732476
base_fixed_USA,BRA,Q106,risktaking,5.406422350591277,0.48960248339903079,True,0.67133850121323169
persona,BRA,Q106,risktaking,5.3860881904750517,0.48734313227500575,True,0.66202004655926583
uniform,BRA,Q106,risktaking,5.5,0.5,True,0.36214622401506258
human,BRA,Q106,risktaking,5.06498777878996,0.45166530875444,True,0
adapter,BRA,Q107,risktaking,5.2046287818282462,0.46718097575869399,True,0.53644462122655445
adapter_persona,BRA,Q107,risktaking,5.0656221649355038,0.45173579610394488,True,0.47461078453362077
armA,BRA,Q107,risktaking,5.3747016042470932,0.48607795602745479,True,0.41095260874324074
armB,BRA,Q107,risktaking,1,0,True,0.7016257056510502
base,BRA,Q107,risktaking,5.6201549906246182,0.51335055451384648,True,0.49186972931017614
base_fixed_USA,BRA,Q107,risktaking,5.6359970598218077,0.51511078442464531,True,0.49395380572539227
persona,BRA,Q107,risktaking,5.5554751598311647,0.50616390664790722,True,0.52160133387820484
uniform,BRA,Q107,risktaking,5.5,0.5,True,0.4118961742045858
human,BRA,Q107,risktaking,4.922348083406912,0.4358164537118791,True,0
adapter,BRA,Q109,risktaking,5.229833426778721,0.46998149186430233,True,0.71151151007848212
adapter_persona,BRA,Q109,risktaking,5.3157743291465556,0.47953048101628393,True,0.60670796757824474
armA,BRA,Q109,risktaking,5.3747016042470932,0.48607795602745479,True,0.43959069940669526
armB,BRA,Q109,risktaking,1,0,True,0.54416668275947189
base,BRA,Q109,risktaking,5.1869282284209106,0.46521424760232338,True,0.68506365319842111
base_fixed_USA,BRA,Q109,risktaking,5.2018321541790646,0.46687023935322941,True,0.68543277710361128
persona,BRA,Q109,risktaking,5.1015027118811584,0.45572252354235093,True,0.62915789312093273
uniform,BRA,Q109,risktaking,5.5,0.5,True,0.44053426486804037
human,BRA,Q109,risktaking,3.7625718240550823,0.30695242489500912,True,0
adapter,BRA,Q174,posrecip,0.0011879054941163001,0.0011879054941163001,True,0.099855282738457563
adapter_persona,BRA,Q174,posrecip,0.015424552053553807,0.015424552053553807,True,0.085618636179020075
armA,BRA,Q174,posrecip,0.67561909556388855,0.67561909556388855,True,0.57457590733131469
armB,BRA,Q174,posrecip,1,1,True,0.89895681176742614
base,BRA,Q174,posrecip,0.0068504800266449006,0.0068504800266449006,True,0.094192708205928954
base_fixed_USA,BRA,Q174,posrecip,0.0062899021368924002,0.0062899021368924002,True,0.094753286095681455
persona,BRA,Q174,posrecip,0.013222821752305101,0.013222821752305101,True,0.08782036648026878
uniform,BRA,Q174,posrecip,0.5,0.5,True,0.39895681176742614
human,BRA,Q174,posrecip,0.10104318823257388,0.10104318823257388,True,0
adapter,BRA,Q176,negrecip,5.7285440408504673,0.52539378231671863,True,0.557630138884327
adapter_persona,BRA,Q176,negrecip,6.2124078028291496,0.57915642253657218,True,0.47495275192045183
armA,BRA,Q176,negrecip,5.3991852104663849,0.4887983567184872,True,0.34658609991629319
armB,BRA,Q176,negrecip,1,0,True,0.68370937672490428
base,BRA,Q176,negrecip,5.5936113303747339,0.51040125893052601,True,0.52339131123406768
base_fixed_USA,BRA,Q176,negrecip,5.5807928879954485,0.50897698755504983,True,0.52378456257240735
persona,BRA,Q176,negrecip,5.5177539687779529,0.5019726631975503,True,0.44076813018263827
uniform,BRA,Q176,negrecip,5.5,0.5,True,0.35272651262878174
human,BRA,Q176,negrecip,4.2318034991378841,0.35908927768198712,True,0
adapter,BRA,Q177,negrecip,9.9409468587489993,0.99343853986099995,True,0.30042307461382139
adapter_persona,BRA,Q177,negrecip,8.4996639543634327,0.83329599492927031,True,0.12936331871495585
armA,BRA,Q177,negrecip,5.3991852104663831,0.48879835671848704,True,0.59137907339966822
armB,BRA,Q177,negrecip,1,0,True,0.94525339065540726
base,BRA,Q177,negrecip,9.051640745751989,0.89462674952799881,True,0.14246516135080511
base_fixed_USA,BRA,Q177,negrecip,9.274825983144984,0.91942510923833154,True,0.17520250312443861
persona,BRA,Q177,negrecip,8.1416113530125482,0.79351237255694984,True,0.20981246560319708
uniform,BRA,Q177,negrecip,5.5,0.5,True,0.58596893159935148
human,BRA,Q177,negrecip,8.5531526032175584,0.83923917813528426,True,0
adapter,BRA,Q178,risktaking,5.4060649129933696,0.48956276811037441,True,0.58754324960091997
adapter_persona,BRA,Q178,risktaking,5.0812549740373978,0.45347277489304422,True,0.58753884106256815
armA,BRA,Q178,risktaking,5.3747016042470932,0.48607795602745479,True,0.46888497138800372
armB,BRA,Q178,risktaking,1,0,True,0.47172090875184736
base,BRA,Q178,risktaking,5.9943905335712824,0.55493228150792029,True,0.64504233286037804
base_fixed_USA,BRA,Q178,risktaking,5.9162516417148865,0.54625018241276513,True,0.6455789184897246
persona,BRA,Q178,risktaking,5.8350273289118775,0.53722525876798644,True,0.65987896853494321
uniform,BRA,Q178,risktaking,5.5,0.5,True,0.46982853684934872
human,BRA,Q178,risktaking,3.551453629850716,0.28349484776119066,True,0
adapter,BRA,Q179,negrecip,9.9766338386435738,0.99740375984928598,True,0.1225171948599688
adapter_persona,BRA,Q179,negrecip,9.445022702326062,0.93833585581400691,True,0.04239359634020981
armA,BRA,Q179,negrecip,5.3991852104663831,0.48879835671848704,True,0.77787302368368305
armB,BRA,Q179,negrecip,1,0,True,0.99071094619436173
base,BRA,Q179,negrecip,9.3965025858390394,0.93294473175989323,True,0.039493383459773525
base_fixed_USA,BRA,Q179,negrecip,9.4510912345383602,0.93901013717092896,True,0.033024528289884184
persona,BRA,Q179,negrecip,9.741745418971707,0.9713050465524119,True,0.099633087732314496
uniform,BRA,Q179,negrecip,5.5,0.5,True,0.7724628818833662
human,BRA,Q179,negrecip,9.467741102438513,0.94086012249316808,True,0
adapter,BRA,Q195,negrecip,4.0330907935585865,0.33701008817317629,True,0.56568034765285802
adapter_persona,BRA,Q195,negrecip,2.5994482728742097,0.17771647476380106,True,0.26296441807929483
armA,BRA,Q195,negrecip,5.3991852104663849,0.4887983567184872,True,0.46154086313107123
armB,BRA,Q195,negrecip,1,0,True,0.52444720744912687
base,BRA,Q195,negrecip,5.5461014634387933,0.5051223848265326,True,0.67972250348540875
base_fixed_USA,BRA,Q195,negrecip,5.5195581846511379,0.50217313162790422,True,0.67745935670926705
persona,BRA,Q195,negrecip,4.2142264295835767,0.35713626995373077,True,0.52825230340870921
uniform,BRA,Q195,negrecip,5.5,0.5,True,0.46227113404324316
human,BRA,Q195,negrecip,4.1537884257798874,0.35042093619776526,True,0
adapter,CHN,Q43,patience,1.9992104738988343,0.49960523694941716,True,0.85972505564682833
adapter_persona,CHN,Q43,patience,1.8966657516400032,0.44833287582000159,True,0.75454404867604818
armA,CHN,Q43,patience,2.1990523338317867,0.59952616691589333,True,0.18462683505133204
armB,CHN,Q43,patience,3,1,True,0.38905829986303631
base,CHN,Q43,patience,1.9772230264275823,0.48861151321379115,True,0.78603004982796421
base_fixed_USA,CHN,Q43,patience,1.9654621002804156,0.48273105014020778,True,0.76489529849280258
persona,CHN,Q43,patience,2.0771981747715946,0.53859908738579731,True,0.54607442836554365
uniform,CHN,Q43,patience,2,0.5,True,0.27760836680363032
human,CHN,Q43,patience,2.3606097379506785,0.68030486897533926,True,0
adapter,CHN,Q50,patience,6.3746768251197441,0.59718631390219379,True,0.64031461223705699
adapter_persona,CHN,Q50,patience,6.8663527320215731,0.65181697022461926,True,0.32601470094763257
armA,CHN,Q50,patience,5.6990523338317862,0.52211692598130954,True,0.25473598356341098
armB,CHN,Q50,patience,10,1,True,0.89654178451051592
base,CHN,Q50,patience,6.2781176192182144,0.58645751324646822,True,0.56492974466985868
base_fixed_USA,CHN,Q50,patience,6.3070745276425102,0.58967494751583449,True,0.57113416293628805
persona,CHN,Q50,patience,6.5398664005759404,0.61554071117510445,True,0.52625540847013197
uniform,CHN,Q50,patience,5.5,0.5,True,0.26713706132670989
human,CHN,Q50,patience,6.4569904308969246,0.60633227009965829,True,0
adapter,CHN,Q57,trust,0.99807326533667262,0.99807326533667262,True,0.35827779437194873
adapter_persona,CHN,Q57,trust,0.0039454076648598015,0.0039454076648598015,True,0.63585006329986404
armA,CHN,Q57,trust,0.77640289068222046,0.77640289068222046,True,0.13660741971749657
armB,CHN,Q57,trust,1,1,True,0.36020452903527611
base,CHN,Q57,trust,0.2689414213699951,0.2689414213699951,True,0.37085404959472879
base_fixed_USA,CHN,Q57,trust,0.24508501313237169,0.24508501313237169,True,0.39471045783235215
persona,CHN,Q57,trust,0.0049054057057219998,0.0049054057057219998,True,0.63489006525900193
uniform,CHN,Q57,trust,0.5,0.5,True,0.13979547096472386
human,CHN,Q57,trust,0.63979547096472389,0.63979547096472389,True,0
adapter,CHN,Q58,trust,3.8519267877113781,0.95064226257045936,True,0.0065949863420502498
adapter_persona,CHN,Q58,trust,3.6358933478860793,0.87863111596202648,True,0.21703896575181986
armA,CHN,Q58,trust,2.7764028906822205,0.59213429689407349,True,0.51297065104811679
armB,CHN,Q58,trust,4,1,True,0.14781363222631935
base,CHN,Q58,trust,3.458967312914293,0.81965577097143105,True,0.3865316540002352
base_fixed_USA,CHN,Q58,trust,3.4583392679043596,0.81944642263478651,True,0.38648085035003593
persona,CHN,Q58,trust,3.8126167470965333,0.9375389156988444,True,0.040552296281009141
uniform,CHN,Q58,trust,2.5,0.5,True,0.60218636777368062
human,CHN,Q58,trust,3.8447524090043519,0.94825080300145059,True,0
adapter,CHN,Q59,trust,3.0021247297183788,0.66737490990612625,True,0.31362760023690234
adapter_persona,CHN,Q59,trust,3.0082557647108765,0.66941858823695888,True,0.2506957413136307
armA,CHN,Q59,trust,2.7764028906822205,0.59213429689407349,True,0.41109577383834134
armB,CHN,Q59,trust,4,1,True,0.84284992900135436
base,CHN,Q59,trust,2.983595522284181,0.6611985074280603,True,0.2243190864115972
base_fixed_USA,CHN,Q59,trust,2.983595522284181,0.6611985074280603,True,0.2243190864115972
persona,CHN,Q59,trust,3.1076406153496325,0.70254687178321085,True,0.10400928632616964
uniform,CHN,Q59,trust,2.5,0.5,True,0.43216619886011942
human,CHN,Q59,trust,2.989086175970082,0.66302872532336066,True,0
adapter,CHN,Q60,trust,3.0372391477326621,0.67907971591088734,True,0.22044465773237401
adapter_persona,CHN,Q60,trust,3.1828587008285725,0.72761956694285745,True,0.095988572924061447
armA,CHN,Q60,trust,2.7764028906822205,0.59213429689407349,True,0.47107799245587412
armB,CHN,Q60,trust,4,1,True,0.86031627345009809
base,CHN,Q60,trust,3.1744187249712632,0.72480624165708774,True,0.11165747686914196
base_fixed_USA,CHN,Q60,trust,3.1939495615702511,0.731316520523417,True,0.11184608196864361
persona,CHN,Q60,trust,3.0833925425972524,0.69446418086575079,True,0.064084951897461551
uniform,CHN,Q60,trust,2.5,0.5,True,0.49214841747765226
human,CHN,Q60,trust,3.0170312967712505,0.67234376559041686,True,0
adapter,CHN,Q61,trust,2.979842408108818,0.65994746936960602,True,0.85428280292645098
adapter_persona,CHN,Q61,trust,2.6595288777504034,0.55317629258346779,True,0.54480146265621865
armA,CHN,Q61,trust,2.7764028906822205,0.59213429689407349,True,0.47595353440946497
armB,CHN,Q61,trust,4,1,True,0.99084285672281458
base,CHN,Q61,trust,2.8862271848811725,0.62874239496039086,True,0.74988099541646391
base_fixed_USA,CHN,Q61,trust,2.8862271848811716,0.62874239496039053,True,0.7498809954164638
persona,CHN,Q61,trust,2.4190091577655521,0.47300305258851738,True,0.29886004112616288
uniform,CHN,Q61,trust,2.5,0.5,True,0.42249817375433762
human,CHN,Q61,trust,1.9503205317072771,0.31677351056909236,True,0
adapter,CHN,Q62,trust,3.0014070858800053,0.66713569529333505,True,0.80135035945764077
adapter_persona,CHN,Q62,trust,2.9280783737956018,0.64269279126520062,True,0.7245730596198261
armA,CHN,Q62,trust,2.7764028906822205,0.59213429689407349,True,0.40878449445442577
armB,CHN,Q62,trust,4,1,True,0.99363165003478859
base,CHN,Q62,trust,2.9833965110535146,0.66113217035117156,True,0.7689266037792899
base_fixed_USA,CHN,Q62,trust,2.9830138094600915,0.66100460315336385,True,0.76873935708609542
persona,CHN,Q62,trust,2.8444702057191678,0.61482340190638929,True,0.62002769337155528
uniform,CHN,Q62,trust,2.5,0.5,True,0.31224181298626208
human,CHN,Q62,trust,1.9716134575373057,0.3238711525124352,True,0
adapter,CHN,Q63,trust,3.0001215344901051,0.66670717816336833,True,0.83519286560585593
adapter_persona,CHN,Q63,trust,2.8784701921920686,0.62615673073068956,True,0.70879060628547541
armA,CHN,Q63,trust,2.7764028906822205,0.59213429689407349,True,0.44194462855989963
armB,CHN,Q63,trust,4,1,True,0.99425843706073058
base,CHN,Q63,trust,2.9770270168155579,0.65900900560518594,True,0.78469424563087919
base_fixed_USA,CHN,Q63,trust,2.9708565747832969,0.6569521915944323,True,0.77877174181143161
persona,CHN,Q63,trust,2.8827708901903382,0.62759029673011268,True,0.68055757871862754
uniform,CHN,Q63,trust,2.5,0.5,True,0.33165848681255761
human,CHN,Q63,trust,1.9110410194765657,0.30368033982552189,True,0
adapter,CHN,Q64,trust,2.7958577200655661,0.5986192400218554,True,0.56076275818862387
adapter_persona,CHN,Q64,trust,2.4333453076741645,0.47778176922472149,True,0.22414461583213857
armA,CHN,Q64,trust,2.7764028906822205,0.59213429689407349,True,0.4090206896078647
armB,CHN,Q64,trust,4,1,True,0.97488437922789151
base,CHN,Q64,trust,2.7190908498138544,0.5730302832712848,True,0.4422844155874549
base_fixed_USA,CHN,Q64,trust,2.7121755996547465,0.57072519988491555,True,0.43969565867232496
persona,CHN,Q64,trust,2.0310538884560763,0.34368462948535877,True,0.43718109869637256
uniform,CHN,Q64,trust,2.5,0.5,True,0.30788565317580441
human,CHN,Q64,trust,1.9855321782268678,0.32851072607562259,True,0
adapter,CHN,Q69,trust,3.0478745638000593,0.68262485460001976,True,0.32369609253543985
adapter_persona,CHN,Q69,trust,2.8263944126196838,0.60879813753989465,True,0.17517469801605065
armA,CHN,Q69,trust,2.7764028906822205,0.59213429689407349,True,0.28876913991866709
armB,CHN,Q69,trust,4,1,True,0.71167928137257708
base,CHN,Q69,trust,2.8239255680105337,0.60797518933684458,True,0.24864004576268689
base_fixed_USA,CHN,Q69,trust,2.8239255680105337,0.60797518933684458,True,0.24864004576268689
persona,CHN,Q69,trust,2.9096897159504773,0.63656323865015907,True,0.095686732074566211
uniform,CHN,Q69,trust,2.5,0.5,True,0.34816028356786793
human,CHN,Q69,trust,3.1159339299927749,0.70531130999759162,True,0
adapter,CHN,Q70,trust,2.9957086488067222,0.66523621626890739,True,0.35514892336523046
adapter_persona,CHN,Q70,trust,2.5169734088183007,0.50565780293943352,True,0.39634190917844958
armA,CHN,Q70,trust,2.7764028906822205,0.59213429689407349,True,0.30573265949518386
armB,CHN,Q70,trust,4,1,True,0.71382061087604753
base,CHN,Q70,trust,2.7842146278064543,0.59473820926881815,True,0.25351560432550241
base_fixed_USA,CHN,Q70,trust,2.8090073137919416,0.60300243793064723,True,0.25229626058190585
persona,CHN,Q70,trust,2.5353075091671817,0.51176916972239395,True,0.31691065736522134
uniform,CHN,Q70,trust,2.5,0.5,True,0.36298247364091457
human,CHN,Q70,trust,3.1353068223802811,0.71176894079342701,True,0
adapter,CHN,Q71,trust,2.1483385477512531,0.38277951591708437,True,0.80786349470611185
adapter_persona,CHN,Q71,trust,2.7723444045828805,0.59078146819429345,True,0.34866427206772521
armA,CHN,Q71,trust,2.7764028906822205,0.59213429689407349,True,0.33893787565051126
armB,CHN,Q71,trust,4,1,True,0.52221654617562319
base,CHN,Q71,trust,2.2989848745952024,0.43299495819840078,True,0.65345959553516209
base_fixed_USA,CHN,Q71,trust,2.2980648346585788,0.43268827821952627,True,0.65296578272266126
persona,CHN,Q71,trust,2.7840093702787057,0.59466979009290188,True,0.38103943598947665
uniform,CHN,Q71,trust,2.5,0.5,True,0.44922401739785323
human,CHN,Q71,trust,3.4199757304249681,0.80665857680832265,True,0
adapter,CHN,Q73,trust,2.3223755542851561,0.44079185142838534,True,0.61389700837047789
adapter_persona,CHN,Q73,trust,2.5612364657351967,0.52041215524506557,True,0.41092414516802855
armA,CHN,Q73,trust,2.7764028906822205,0.59213429689407349,True,0.31646684445661571
armB,CHN,Q73,trust,4,1,True,0.61523155649806771
base,CHN,Q73,trust,2.5257526779952375,0.50858422599841246,True,0.41816876020554511
base_fixed_USA,CHN,Q73,trust,2.4940816124279097,0.49802720414263657,True,0.44880560722936619
persona,CHN,Q73,trust,2.3851938107896027,0.46173127026320088,True,0.48239275972935125
uniform,CHN,Q73,trust,2.5,0.5,True,0.42675298620395768
human,CHN,Q73,trust,3.3025729852935637,0.7675243284311879,True,0
adapter,CHN,Q81,posrecip,3.1020651291180306,0.70068837637267689,True,0.29460382393649254
adapter_persona,CHN,Q81,posrecip,3.0291766601177299,0.67639222003924326,True,0.14816987964029105
armA,CHN,Q81,posrecip,2.7396685928106312,0.57988953093687712,True,0.32882950681278678
armB,CHN,Q81,posrecip,4,1,True,0.85725001430230718
base,CHN,Q81,posrecip,2.9243805538575098,0.64146018461916998,True,0.20019172348524575
base_fixed_USA,CHN,Q81,posrecip,2.933953426269869,0.64465114208995633,True,0.19346469938082825
persona,CHN,Q81,posrecip,2.8686658545707742,0.62288861819025809,True,0.027823181818626117
uniform,CHN,Q81,posrecip,2.5,0.5,True,0.34499734330192078
human,CHN,Q81,posrecip,2.8428350272775664,0.61427834242585544,True,0
adapter,CHN,Q99,altruism,1.2239282599599246,0.6119641299799623,True,0.83188788398828417
adapter_persona,CHN,Q99,altruism,1.3741745136134305,0.68708725680671523,True,0.94916443054064592
armA,CHN,Q99,altruism,1.2524125576019287,0.62620627880096436,True,0.74702036683137785
armB,CHN,Q99,altruism,2,1,True,0.9853341677752907
base,CHN,Q99,altruism,1.3267352684482283,0.66336763422411416,True,0.72863893957400649
base_fixed_USA,CHN,Q99,altruism,1.2792851299000041,0.63964256495000205,True,0.71217746878953547
persona,CHN,Q99,altruism,0.2973645469769588,0.1486822734884794,True,0.21756343921216714
uniform,CHN,Q99,altruism,1,0.5,True,0.62887558196140603
human,CHN,Q99,altruism,0.052456916929970183,0.026228458464985092,True,0
adapter,CHN,Q101,altruism,1.3098610421423937,0.65493052107119687,True,0.88356961750802676
adapter_persona,CHN,Q101,altruism,1.4548397939531306,0.72741989697656528,True,0.96833908316448236
armA,CHN,Q101,altruism,1.2524125576019287,0.62620627880096436,True,0.75737840220178898
armB,CHN,Q101,altruism,2,1,True,0.99317116487110946
base,CHN,Q101,altruism,1.22445469264022,0.61222734632011,True,0.71405184821189049
base_fixed_USA,CHN,Q101,altruism,1.2169858475220729,0.60849292376103647,True,0.72265407095098078
persona,CHN,Q101,altruism,0.49861612413599199,0.24930806206799599,True,0.38036613895593629
uniform,CHN,Q101,altruism,1,0.5,True,0.63923361733181716
human,CHN,Q101,altruism,0.034261884463739983,0.017130942231869992,True,0
adapter,CHN,Q103,altruism,0.13067557580808231,0.065337787904041156,True,0.032816333850902268
adapter_persona,CHN,Q103,altruism,1.3338052795574975,0.66690263977874875,True,0.87369533214012929
armA,CHN,Q103,altruism,1.2524125576019287,0.62620627880096436,True,0.71075319556895522
armB,CHN,Q103,altruism,2,1,True,0.98429060835394622
base,CHN,Q103,altruism,0.64442636526289543,0.32221318263144771,True,0.31618273889759357
base_fixed_USA,CHN,Q103,altruism,0.64442636526289543,0.32221318263144771,True,0.31618273889759357
persona,CHN,Q103,altruism,0.37297937548821503,0.18648968774410751,True,0.18534728005116477
uniform,CHN,Q103,altruism,1,0.5,True,0.59260841069898351
human,CHN,Q103,altruism,0.089767647613736984,0.044883823806868492,True,0
adapter,CHN,Q106,risktaking,5.12562918650654,0.4584032429451711,True,0.63902180986878432
adapter_persona,CHN,Q106,risktaking,5.1178584650067549,0.457539829445195,True,0.41076798255446545
armA,CHN,Q106,risktaking,5.4900949392467737,0.49889943769408596,True,0.12771106930996703
armB,CHN,Q106,risktaking,1,0,True,0.90649228528536852
base,CHN,Q106,risktaking,5.4266832344593849,0.49185369271770946,True,0.57367708543843388
base_fixed_USA,CHN,Q106,risktaking,5.406422350591277,0.48960248339903079,True,0.57395766168808759
persona,CHN,Q106,risktaking,5.4070460027949627,0.48967177808832918,True,0.49899067776625439
uniform,CHN,Q106,risktaking,5.5,0.5,True,0.12752910391593913
human,CHN,Q106,risktaking,5.5298172768949714,0.50331303076610789,True,0
adapter,CHN,Q107,risktaking,5.3366570914463303,0.48185078793848113,True,0.4343762490173449
adapter_persona,CHN,Q107,risktaking,5.3103339811067771,0.47892599790075302,True,0.24482032667218251
armA,CHN,Q107,risktaking,5.4900949392467737,0.49889943769408596,True,0.14896131787082095
armB,CHN,Q107,risktaking,1,0,True,0.92997208585283275
base,CHN,Q107,risktaking,5.6316956880982296,0.51463285423313665,True,0.30656407767913563
base_fixed_USA,CHN,Q107,risktaking,5.6359970598218077,0.51511078442464531,True,0.2898276887616269
persona,CHN,Q107,risktaking,4.9211697561958374,0.43568552846620417,True,0.28620082338768454
uniform,CHN,Q107,risktaking,5.5,0.5,True,0.14895987639629316
human,CHN,Q107,risktaking,5.63534836145638,0.51503870682848663,True,0
adapter,CHN,Q109,risktaking,5.5402803436958425,0.50447559374398254,True,0.64548302140717406
adapter_persona,CHN,Q109,risktaking,5.8306087482997775,0.53673430536664191,True,0.55396947022870402
armA,CHN,Q109,risktaking,5.4900949392467737,0.49889943769408596,True,0.35042585616573763
armB,CHN,Q109,risktaking,1,0,True,0.75413782787521377
base,CHN,Q109,risktaking,5.1801595692905993,0.46446217436562215,True,0.61845353585474749
base_fixed_USA,CHN,Q109,risktaking,5.2018321541790646,0.46687023935322941,True,0.61653499971222248
persona,CHN,Q109,risktaking,5.0061143978043052,0.44512382197825612,True,0.5239723368873247
uniform,CHN,Q109,risktaking,5.5,0.5,True,0.3517469630463182
human,CHN,Q109,risktaking,3.4294832457597897,0.26994258286219885,True,0
adapter,CHN,Q174,posrecip,0.00010889691002650002,0.00010889691002650002,True,0.25486984738883844
adapter_persona,CHN,Q174,posrecip,7.6024797558434839e-05,7.6024797558434839e-05,True,0.2549027195013065
armA,CHN,Q174,posrecip,0.73966859281063069,0.73966859281063069,True,0.48468984851176578
armB,CHN,Q174,posrecip,1,1,True,0.74502125570113509
base,CHN,Q174,posrecip,0.0071214287457351012,0.0071214287457351012,True,0.24785731555312984
base_fixed_USA,CHN,Q174,posrecip,0.0062899021368924002,0.0062899021368924002,True,0.24868884216197254
persona,CHN,Q174,posrecip,0.035144846400793198,0.035144846400793198,True,0.21983389789807176
uniform,CHN,Q174,posrecip,0.5,0.5,True,0.24502125570113506
human,CHN,Q174,posrecip,0.25497874429886497,0.25497874429886497,True,0
adapter,CHN,Q176,negrecip,5.7715070347307549,0.53016744830341722,True,0.53891131474109288
adapter_persona,CHN,Q176,negrecip,5.8587946462627363,0.53986607180697066,True,0.27615139328526567
armA,CHN,Q176,negrecip,5.5129235265776506,0.50143594739751673,True,0.14271735016968473
armB,CHN,Q176,negrecip,10,1,True,0.93057980884812797
base,CHN,Q176,negrecip,5.5248470768246758,0.5027607863138529,True,0.48128345370251407
base_fixed_USA,CHN,Q176,negrecip,5.5807928879954485,0.50897698755504983,True,0.4730147397010489
persona,CHN,Q176,negrecip,5.1827812226067209,0.46475346917852456,True,0.31177138206577304
uniform,CHN,Q176,negrecip,5.5,0.5,True,0.14138436390078057
human,CHN,Q176,negrecip,5.1503048298412102,0.4611449810934678,True,0
adapter,CHN,Q177,negrecip,9.9711480931146923,0.99679423256829913,True,0.62927068657107899
adapter_persona,CHN,Q177,negrecip,9.4941442415063246,0.94379380461181384,True,0.54450234404108222
armA,CHN,Q177,negrecip,5.5129235265776515,0.50143594739751685,True,0.32596052006870585
armB,CHN,Q177,negrecip,10,1,True,0.63527311389805652
base,CHN,Q177,negrecip,9.2714888886603468,0.91905432096226081,True,0.4729104093964735
base_fixed_USA,CHN,Q177,negrecip,9.274825983144984,0.91942510923833154,True,0.4757674215899248
persona,CHN,Q177,negrecip,8.6132080618123652,0.84591200686804058,True,0.34651242677733468
uniform,CHN,Q177,negrecip,5.5,0.5,True,0.32768439238236308
human,CHN,Q177,negrecip,7.6257519840145527,0.73619466489050589,True,0
adapter,CHN,Q178,risktaking,5.0402096173235229,0.44891217970261366,True,0.59582692870887777
adapter_persona,CHN,Q178,risktaking,5.2844806772389425,0.47605340858210471,True,0.7390097312728533
armA,CHN,Q178,risktaking,5.4900949392467737,0.49889943769408596,True,0.66595991278307809
armB,CHN,Q178,risktaking,1,0,True,0.25176143187906347
base,CHN,Q178,risktaking,6.0472899274888281,0.56080999194320313,True,0.86860134531422595
base_fixed_USA,CHN,Q178,risktaking,5.9162516417148865,0.54625018241276513,True,0.86767493066414014
persona,CHN,Q178,risktaking,5.9747702726210363,0.55275225251344851,True,0.87361352276005144
uniform,CHN,Q178,risktaking,5.5,0.5,True,0.66692155718694113
human,CHN,Q178,risktaking,1.6286874105199054,0.06985415672443393,True,0
adapter,CHN,Q179,negrecip,9.9898710912709188,0.9988745656967688,True,0.13240689724925961
adapter_persona,CHN,Q179,negrecip,9.9137674505621582,0.99041860561801753,True,0.11742968875197914
armA,CHN,Q179,negrecip,5.5129235265776515,0.50143594739751685,True,0.76465237391231444
armB,CHN,Q179,negrecip,10,1,True,0.13464123250625562
base,CHN,Q179,negrecip,9.4694291359763909,0.94104768177515452,True,0.096360963300352556
base_fixed_USA,CHN,Q179,negrecip,9.4510912345383602,0.93901013717092896,True,0.097977968474412896
persona,CHN,Q179,negrecip,9.6464347497938885,0.96071497219932089,True,0.11390659255073028
uniform,CHN,Q179,negrecip,5.5,0.5,True,0.76535876749374432
human,CHN,Q179,negrecip,9.7097895683555357,0.96775439648394845,True,0
adapter,CHN,Q195,negrecip,2.8177325838242337,0.20197028709158152,True,0.43064712666465998
adapter_persona,CHN,Q195,negrecip,2.4763721899494238,0.16404135443882487,True,0.38208134966972568
armA,CHN,Q195,negrecip,5.5129235265776506,0.50143594739751673,True,0.31645268833966572
armB,CHN,Q195,negrecip,10,1,True,0.78000391357917898
base,CHN,Q195,negrecip,5.6019156309017575,0.51132395898908412,True,0.68914186646515063
base_fixed_USA,CHN,Q195,negrecip,5.5195581846511379,0.50217313162790422,True,0.68179333078552462
persona,CHN,Q195,negrecip,5.917599385138173,0.54639993168201917,True,0.59311062713978269
uniform,CHN,Q195,negrecip,5.5,0.5,True,0.31637632751317146
human,CHN,Q195,negrecip,5.3419478021882645,0.48243864468758496,True,0
adapter,DEU,Q43,patience,2.015113831792517,0.50755691589625851,True,0.83924749193148007
adapter_persona,DEU,Q43,patience,2.0365398375760355,0.51826991878801776,True,0.7663383163578914
armA,DEU,Q43,patience,2.3121990859508514,0.65609954297542572,True,0.27345236817635588
armB,DEU,Q43,patience,3,1,True,0.5985104942450914
base,DEU,Q43,patience,1.9772230264275823,0.48861151321379115,True,0.78934677342211546
base_fixed_USA,DEU,Q43,patience,1.9654621002804156,0.48273105014020778,True,0.76821202208695394
persona,DEU,Q43,patience,1.971365732760354,0.48568286638017699,True,0.76999723457461333
uniform,DEU,Q43,patience,2,0.5,True,0.19792371925073346
human,DEU,Q43,patience,1.938388625592417,0.46919431279620849,True,0
adapter,DEU,Q50,patience,6.1305559444321016,0.57006177160356686,True,0.6458573629756067
adapter_persona,DEU,Q50,patience,6.742074721736552,0.63800830241517248,True,0.34677253331968144
armA,DEU,Q50,patience,5.8121990859508523,0.53468878732787251,True,0.24253892520909212
armB,DEU,Q50,patience,10,1,True,0.85121790651744567
base,DEU,Q50,patience,6.2781176192182144,0.58645751324646822,True,0.62057854906449261
base_fixed_USA,DEU,Q50,patience,6.3070745276425102,0.58967494751583449,True,0.62678296733092198
persona,DEU,Q50,patience,6.6240780811548721,0.62489756457276358,True,0.68186630485637378
uniform,DEU,Q50,patience,5.5,0.5,True,0.28604344963791961
human,DEU,Q50,patience,7.1119157340355494,0.6791017482261722,True,0
adapter,DEU,Q57,trust,0.0013250224172131001,0.0013250224172131001,True,0.45818914762327267
adapter_persona,DEU,Q57,trust,0.004905405348852602,0.004905405348852602,True,0.45460876469163319
armA,DEU,Q57,trust,0.44058873504400253,0.44058873504400253,True,0.018925434996483276
armB,DEU,Q57,trust,0,0,True,0.45951417004048578
base,DEU,Q57,trust,0.2689414213699951,0.2689414213699951,True,0.1905727486704907
base_fixed_USA,DEU,Q57,trust,0.24508501313237169,0.24508501313237169,True,0.21442915690811409
persona,DEU,Q57,trust,0.53120937337375629,0.53120937337375629,True,0.07169520333327048
uniform,DEU,Q57,trust,0.5,0.5,True,0.040485829959514191
human,DEU,Q57,trust,0.45951417004048584,0.45951417004048584,True,0
adapter,DEU,Q58,trust,3.0578302933032058,0.68594343110106859,True,0.77588153303528973
adapter_persona,DEU,Q58,trust,3.0409463686747116,0.68031545622490386,True,0.76613480659153954
armA,DEU,Q58,trust,2.4405887350440021,0.48019624501466734,True,0.61586792405038171
armB,DEU,Q58,trust,1,0,True,0.99671700590938939
base,DEU,Q58,trust,3.458967312914293,0.81965577097143105,True,0.39009618821530367
base_fixed_USA,DEU,Q58,trust,3.4583392679043596,0.81944642263478651,True,0.38996133631181401
persona,DEU,Q58,trust,3.6780810767957424,0.89269369226524742,True,0.18274638924197514
uniform,DEU,Q58,trust,2.5,0.5,True,0.59832567301378858
human,DEU,Q58,trust,3.8312541037426131,0.94375136791420433,True,0
adapter,DEU,Q59,trust,2.9344020461527958,0.64480068205093188,True,0.26654966351648496
adapter_persona,DEU,Q59,trust,2.9623590768428345,0.6541196922809448,True,0.27303957847409488
armA,DEU,Q59,trust,2.4405887350440021,0.48019624501466734,True,0.41757415028563982
armB,DEU,Q59,trust,1,0,True,0.98007968127490042
base,DEU,Q59,trust,2.983595522284181,0.6611985074280603,True,0.24513070359840985
base_fixed_USA,DEU,Q59,trust,2.983595522284181,0.6611985074280603,True,0.24513070359840985
persona,DEU,Q59,trust,3.0468716155846054,0.68229053852820176,True,0.26719643881470928
uniform,DEU,Q59,trust,2.5,0.5,True,0.4113545816733068
human,DEU,Q59,trust,2.9415670650730412,0.64718902169101378,True,0
adapter,DEU,Q60,trust,2.9930834970623534,0.66436116568745118,True,0.28223364212115021
adapter_persona,DEU,Q60,trust,2.9792225085274091,0.65974083617580304,True,0.20688058610887311
armA,DEU,Q60,trust,2.4405887350440021,0.48019624501466734,True,0.47092166112845057
armB,DEU,Q60,trust,1,0,True,0.99867899603698806
base,DEU,Q60,trust,3.1744187249712632,0.72480624165708774,True,0.12863220554978533
base_fixed_USA,DEU,Q60,trust,3.1939495615702511,0.731316520523417,True,0.10952127045927562
persona,DEU,Q60,trust,3.129669351747931,0.70988978391597701,True,0.1809582859088312
uniform,DEU,Q60,trust,2.5,0.5,True,0.44715984147952448
human,DEU,Q60,trust,3.2093791281373845,0.73645970937912819,True,0
adapter,DEU,Q61,trust,2.852066357714897,0.61735545257163238,True,0.50413420701761491
adapter_persona,DEU,Q61,trust,2.8883176168286155,0.62943920560953848,True,0.54061726129456689
armA,DEU,Q61,trust,2.4405887350440021,0.48019624501466734,True,0.33570007836902072
armB,DEU,Q61,trust,1,0,True,0.83918918918918917
base,DEU,Q61,trust,2.8862271848811716,0.62874239496039053,True,0.52960119217096846
base_fixed_USA,DEU,Q61,trust,2.8862271848811716,0.62874239496039053,True,0.52960119217096846
persona,DEU,Q61,trust,2.8851220539228493,0.62837401797428305,True,0.52936309921133839
uniform,DEU,Q61,trust,2.5,0.5,True,0.33513513513513515
human,DEU,Q61,trust,2.1945945945945944,0.39819819819819813,True,0
adapter,DEU,Q62,trust,2.965399786066969,0.65513326202232303,True,0.37392850130431521
adapter_persona,DEU,Q62,trust,2.912539394048518,0.63751313134950605,True,0.30421014927473267
armA,DEU,Q62,trust,2.4405887350440021,0.48019624501466734,True,0.39479571246465484
armB,DEU,Q62,trust,1,0,True,0.93639053254437865
base,DEU,Q62,trust,2.9833965110535146,0.66113217035117156,True,0.37246098344967882
base_fixed_USA,DEU,Q62,trust,2.9830138094600915,0.66100460315336385,True,0.37227637012414244
persona,DEU,Q62,trust,2.9815577047467947,0.66051923491559827,True,0.35510678628042924
uniform,DEU,Q62,trust,2.5,0.5,True,0.39423076923076927
human,DEU,Q62,trust,2.6050295857988166,0.53500986193293887,True,0
adapter,DEU,Q63,trust,2.9616014708566696,0.65386715695222319,True,0.35887791954371112
adapter_persona,DEU,Q63,trust,2.9418602995107497,0.64728676650358319,True,0.30427894899065805
armA,DEU,Q63,trust,2.4405887350440021,0.48019624501466734,True,0.39499733658168024
armB,DEU,Q63,trust,1,0,True,0.94215473608098343
base,DEU,Q63,trust,2.9770270168155579,0.65900900560518594,True,0.33393738243650517
base_fixed_USA,DEU,Q63,trust,2.9708565747832969,0.6569521915944323,True,0.3281686111642042
persona,DEU,Q63,trust,2.9924649563624599,0.6641549854541533,True,0.3279665613410363
uniform,DEU,Q63,trust,2.5,0.5,True,0.39443239334779467
human,DEU,Q63,trust,2.6319595083152567,0.5439865027717522,True,0
adapter,DEU,Q64,trust,2.5179438069796225,0.5059812689932075,True,0.21286508795794065
adapter_persona,DEU,Q64,trust,2.7457897774415123,0.5819299258138374,True,0.31886726717294145
armA,DEU,Q64,trust,2.4405887350440021,0.48019624501466734,True,0.23885695425316933
armB,DEU,Q64,trust,1,0,True,0.806473829201102
base,DEU,Q64,trust,2.7190908498138544,0.5730302832712848,True,0.28129091455888811
base_fixed_USA,DEU,Q64,trust,2.7121755996547465,0.57072519988491555,True,0.27870215764375822
persona,DEU,Q64,trust,2.6812272143390681,0.56040907144635599,True,0.2851001473228113
uniform,DEU,Q64,trust,2.5,0.5,True,0.23829201101928377
human,DEU,Q64,trust,2.2369146005509641,0.41230486685032136,True,0
adapter,DEU,Q69,trust,2.6920129434821396,0.56400431449404653,True,0.24685831594728797
adapter_persona,DEU,Q69,trust,2.9600428720299243,0.65334762400997481,True,0.21324918584817498
armA,DEU,Q69,trust,2.4405887350440021,0.48019624501466734,True,0.39148668737379394
armB,DEU,Q69,trust,1,0,True,0.98346560846560849
base,DEU,Q69,trust,2.8239255680105337,0.60797518933684458,True,0.19837013853063223
base_fixed_USA,DEU,Q69,trust,2.8239255680105337,0.60797518933684458,True,0.19837013853063223
persona,DEU,Q69,trust,3.1252538626466988,0.7084179542155663,True,0.091139900366560736
uniform,DEU,Q69,trust,2.5,0.5,True,0.37566137566137564
human,DEU,Q69,trust,3.0932539682539684,0.69775132275132279,True,0
adapter,DEU,Q70,trust,2.6630608050153848,0.55435360167179493,True,0.22802558125774447
adapter_persona,DEU,Q70,trust,2.8833308393649975,0.62777694645499915,True,0.24702693451886706
armA,DEU,Q70,trust,2.4405887350440021,0.48019624501466734,True,0.29958000221666914
armB,DEU,Q70,trust,1,0,True,0.96544715447154483
base,DEU,Q70,trust,2.7842146278064543,0.59473820926881815,True,0.19331857319094831
base_fixed_USA,DEU,Q70,trust,2.8090073137919416,0.60300243793064723,True,0.19209922944735175
persona,DEU,Q70,trust,3.0074483003402257,0.66914943344674194,True,0.20717821182921237
uniform,DEU,Q70,trust,2.5,0.5,True,0.29336043360433606
human,DEU,Q70,trust,2.9193766937669379,0.63979223125564599,True,0
adapter,DEU,Q71,trust,2.1467443585006771,0.38224811950022569,True,0.42391618328872183
adapter_persona,DEU,Q71,trust,2.7470741458102093,0.58235804860340312,True,0.28825821586301098
armA,DEU,Q71,trust,2.4405887350440021,0.48019624501466734,True,0.33614445805868343
armB,DEU,Q71,trust,1,0,True,0.87870619946091644
base,DEU,Q71,trust,2.2989848745952024,0.43299495819840078,True,0.27334938990069385
base_fixed_USA,DEU,Q71,trust,2.2980648346585788,0.43268827821952627,True,0.27285557708819297
persona,DEU,Q71,trust,2.5357833871469513,0.51192779571565039,True,0.15081417721570103
uniform,DEU,Q71,trust,2.5,0.5,True,0.33557951482479781
human,DEU,Q71,trust,2.3766846361185983,0.45889487870619944,True,0
adapter,DEU,Q73,trust,2.3221763928277763,0.44072546427592546,True,0.22428091835527231
adapter_persona,DEU,Q73,trust,2.7225428719875842,0.57418095732919472,True,0.2696972725159405
armA,DEU,Q73,trust,2.4405887350440021,0.48019624501466734,True,0.3422373215752153
armB,DEU,Q73,trust,1,0,True,0.886223440712817
base,DEU,Q73,trust,2.5257526779952375,0.50858422599841246,True,0.12117589135153242
base_fixed_USA,DEU,Q73,trust,2.4940816124279097,0.49802720414263657,True,0.12341389209930552
persona,DEU,Q73,trust,2.5087002701990491,0.50290009006634973,True,0.13464555482156418
uniform,DEU,Q73,trust,2.5,0.5,True,0.34167237834132969
human,DEU,Q73,trust,2.3728581220013707,0.45761937400045688,True,0
adapter,DEU,Q81,posrecip,2.7632339701358148,0.58774465671193832,True,0.19129813272856108
adapter_persona,DEU,Q81,posrecip,2.9153428867314846,0.63844762891049489,True,0.23284152908112954
armA,DEU,Q81,posrecip,2.4600674845278259,0.48668916150927527,True,0.35352360436765773
armB,DEU,Q81,posrecip,1,0,True,0.95827538247566069
base,DEU,Q81,posrecip,2.9243805538575098,0.64146018461916998,True,0.23747001254516376
base_fixed_USA,DEU,Q81,posrecip,2.933953426269869,0.64465114208995633,True,0.23074298844074626
persona,DEU,Q81,posrecip,3.0176644264747852,0.67255480882492835,True,0.2653762021231969
uniform,DEU,Q81,posrecip,2.5,0.5,True,0.35326842837273986
human,DEU,Q81,posrecip,2.7260083449235051,0.57533611497450166,True,0
adapter,DEU,Q99,altruism,0.18319229076394952,0.091596145381974761,True,0.027036430758439488
adapter_persona,DEU,Q99,altruism,1.4515300915448295,0.72576504577241474,True,0.83431378068902706
armA,DEU,Q99,altruism,0.97449896670877934,0.48724948335438967,True,0.53776927849921297
armB,DEU,Q99,altruism,0,0,True,0.11606557377049177
base,DEU,Q99,altruism,1.3267352684482283,0.66336763422411416,True,0.65036445050877534
base_fixed_USA,DEU,Q99,altruism,1.2792851299000041,0.63964256495000205,True,0.63390297972430432
persona,DEU,Q99,altruism,0.6762963771147541,0.33814818855737705,True,0.48086092498348876
uniform,DEU,Q99,altruism,1,0.5,True,0.55060109289617487
human,DEU,Q99,altruism,0.18754098360655738,0.093770491803278691,True,0
adapter,DEU,Q101,altruism,0.23101507946879107,0.11550753973439554,True,0.065653508121687548
adapter_persona,DEU,Q101,altruism,1.4211499947438628,0.71057499737193142,True,0.79690097844466068
armA,DEU,Q101,altruism,0.97449896670877934,0.48724948335438967,True,0.51547419653199977
armB,DEU,Q101,altruism,0,0,True,0.13836065573770495
base,DEU,Q101,altruism,1.22445469264022,0.61222734632011,True,0.60312424180903501
base_fixed_USA,DEU,Q101,altruism,1.2169858475220729,0.60849292376103647,True,0.61172646454812529
persona,DEU,Q101,altruism,0.84205487896241427,0.42102743948120713,True,0.56229304266201108
uniform,DEU,Q101,altruism,1,0.5,True,0.52830601092896168
human,DEU,Q101,altruism,0.21639344262295082,0.10819672131147541,True,0
adapter,DEU,Q103,altruism,0.063912838299108807,0.031956419149554403,True,0.017173931808290546
adapter_persona,DEU,Q103,altruism,1.0984870085045735,0.54924350425228674,True,0.6923791576823588
armA,DEU,Q103,altruism,0.97449896670877934,0.48724948335438967,True,0.58629386866314737
armB,DEU,Q103,altruism,0,0,True,0.067540983606557373
base,DEU,Q103,altruism,0.64442636526289543,0.32221318263144771,True,0.32270001125871933
base_fixed_USA,DEU,Q103,altruism,0.64442636526289543,0.32221318263144771,True,0.32270001125871933
persona,DEU,Q103,altruism,0.18927703654187111,0.094638518270935557,True,0.084478384183992117
uniform,DEU,Q103,altruism,1,0.5,True,0.59912568306010927
human,DEU,Q103,altruism,0.089836065573770496,0.044918032786885248,True,0
adapter,DEU,Q106,risktaking,5.4917647926564621,0.49908497696182913,True,0.62251428308482504
adapter_persona,DEU,Q106,risktaking,5.5095431886874824,0.50106035429860918,True,0.43447089558845026
armA,DEU,Q106,risktaking,5.4777570590376854,0.49752856211529839,True,0.20467281294378473
armB,DEU,Q106,risktaking,1,0,True,0.92563081009296133
base,DEU,Q106,risktaking,5.4266832344593858,0.49185369271770951,True,0.55093107524354312
base_fixed_USA,DEU,Q106,risktaking,5.406422350591277,0.48960248339903079,True,0.55121165149319695
persona,DEU,Q106,risktaking,5.2319860849794697,0.47022067610882995,True,0.56883941823326956
uniform,DEU,Q106,risktaking,5.5,0.5,True,0.20358565737051795
human,DEU,Q106,risktaking,5.810092961487384,0.53445477349859827,True,0
adapter,DEU,Q107,risktaking,5.9693146593007569,0.55214607325563969,True,0.36355772138503561
adapter_persona,DEU,Q107,risktaking,5.5207088008830425,0.50230097787589356,True,0.23731678458985195
armA,DEU,Q107,risktaking,5.4777570590376854,0.49752856211529839,True,0.30380078911650538
armB,DEU,Q107,risktaking,1,0,True,0.95345557122708036
base,DEU,Q107,risktaking,5.6316956880982296,0.51463285423313665,True,0.27232731669282401
base_fixed_USA,DEU,Q107,risktaking,5.6359970598218077,0.51511078442464531,True,0.2767046471221119
persona,DEU,Q107,risktaking,4.4906342344756212,0.38784824827506903,True,0.41737564616664008
uniform,DEU,Q107,risktaking,5.5,0.5,True,0.30352609308885758
human,DEU,Q107,risktaking,5.3194640338504939,0.47994044820561044,True,0
adapter,DEU,Q109,risktaking,5.3135325764503811,0.47928139738337566,True,0.66605487318086232
adapter_persona,DEU,Q109,risktaking,5.0609487968652385,0.45121653298502651,True,0.57443976725771306
armA,DEU,Q109,risktaking,5.4777570590376854,0.49752856211529839,True,0.36090132431499505
armB,DEU,Q109,risktaking,1,0,True,0.77245508982035926
base,DEU,Q109,risktaking,5.1801595692905993,0.46446217436562215,True,0.62141515977290052
base_fixed_USA,DEU,Q109,risktaking,5.2018321541790646,0.46687023935322941,True,0.61949662363037528
persona,DEU,Q109,risktaking,4.8260117196478216,0.42511241329420241,True,0.5659972314472782
uniform,DEU,Q109,risktaking,5.5,0.5,True,0.36427145708582837
human,DEU,Q109,risktaking,3.4624085163007319,0.27360094625563686,True,0
adapter,DEU,Q174,posrecip,0.0028009269671209007,0.0028009269671209007,True,0.55550295995867427
adapter_persona,DEU,Q174,posrecip,0.0073458272196294024,0.0073458272196294024,True,0.55095805970616563
armA,DEU,Q174,posrecip,0.46006748452782631,0.46006748452782631,True,0.098236402397968797
armB,DEU,Q174,posrecip,0,0,True,0.55830388692579502
base,DEU,Q174,posrecip,0.0071214287457351012,0.0071214287457351012,True,0.55118245818005995
base_fixed_USA,DEU,Q174,posrecip,0.0062899021368924002,0.0062899021368924002,True,0.55201398478890273
persona,DEU,Q174,posrecip,0.0055549247036911003,0.0055549247036911003,True,0.55274896222210401
uniform,DEU,Q174,posrecip,0.5,0.5,True,0.058303886925795051
human,DEU,Q174,posrecip,0.55830388692579502,0.55830388692579502,True,0
adapter,DEU,Q176,negrecip,5.4536011557396424,0.49484457285996025,True,0.60886540570474224
adapter_persona,DEU,Q176,negrecip,5.3258909276103186,0.48065454751225761,True,0.44519676688172038
armA,DEU,Q176,negrecip,5.352867379784584,0.48365193108717602,True,0.15771535679676299
armB,DEU,Q176,negrecip,1,0,True,0.91638795986622079
base,DEU,Q176,negrecip,5.5248470768246758,0.5027607863138529,True,0.59415271882584209
base_fixed_USA,DEU,Q176,negrecip,5.5807928879954485,0.50897698755504983,True,0.58588400482437686
persona,DEU,Q176,negrecip,5.4700479981131558,0.49667199979035065,True,0.55604656013508436
uniform,DEU,Q176,negrecip,5.5,0.5,True,0.14782608695652177
human,DEU,Q176,negrecip,5.9959866220735787,0.55510962467484204,True,0
adapter,DEU,Q177,negrecip,9.3591414905613561,0.92879349895126184,True,0.16035132849830866
adapter_persona,DEU,Q177,negrecip,7.5497159468684245,0.72774621631871383,True,0.47555414861126571
armA,DEU,Q177,negrecip,5.3528673797845823,0.4836519310871758,True,0.6913231805354112
armB,DEU,Q177,negrecip,1,0,True,0.99340369393139838
base,DEU,Q177,negrecip,9.2714888886603468,0.91905432096226081,True,0.15433213759888506
base_fixed_USA,DEU,Q177,negrecip,9.274825983144984,0.91942510923833154,True,0.15639983448102721
persona,DEU,Q177,negrecip,9.0711930163611765,0.89679922404013068,True,0.14595781356603912
uniform,DEU,Q177,negrecip,5.5,0.5,True,0.67730870712401059
human,DEU,Q177,negrecip,9.4617414248021117,0.94019349164467902,True,0
adapter,DEU,Q178,risktaking,5.4013494946153306,0.48903883273503673,True,0.85002412810465511
adapter_persona,DEU,Q178,risktaking,5.1895665496021994,0.46550739440024436,True,0.74757705848095013
armA,DEU,Q178,risktaking,5.4777570590376854,0.49752856211529839,True,0.58865696013591307
armB,DEU,Q178,risktaking,1,0,True,0.31999999999999995
base,DEU,Q178,risktaking,6.0472899274888281,0.56080999194320313,True,0.81553669536623463
base_fixed_USA,DEU,Q178,risktaking,5.9162516417148865,0.54625018241276513,True,0.81461028071614872
persona,DEU,Q178,risktaking,5.844194476994236,0.53824383077713733,True,0.83114496106986946
uniform,DEU,Q178,risktaking,5.5,0.5,True,0.59081967213114761
human,DEU,Q178,risktaking,1.8295081967213114,0.092167577413479043,True,0
adapter,DEU,Q179,negrecip,9.5627652089175896,0.95141835654639884,True,0.098986731547360041
adapter_persona,DEU,Q179,negrecip,9.2151457032793456,0.91279396703103843,True,0.14338799218475387
armA,DEU,Q179,negrecip,5.3528673797845823,0.4836519310871758,True,0.80836044766934567
armB,DEU,Q179,negrecip,1,0,True,1
base,DEU,Q179,negrecip,9.4694291359763909,0.94104768177515452,True,0.087738960506439076
base_fixed_USA,DEU,Q179,negrecip,9.4510912345383602,0.93901013717092896,True,0.09415760429649471
persona,DEU,Q179,negrecip,9.8316719405587474,0.98129688228430523,True,0.085743919686624273
uniform,DEU,Q179,negrecip,5.5,0.5,True,0.80052356020942406
human,DEU,Q179,negrecip,9.8376963350785349,0.98196625945317051,True,0
adapter,DEU,Q195,negrecip,5.1071881654796112,0.45635424060884566,True,0.79099374202108053
adapter_persona,DEU,Q195,negrecip,3.2494416256406309,0.24993795840451455,True,0.33097086000750126
armA,DEU,Q195,negrecip,5.352867379784584,0.48365193108717602,True,0.52604054708386361
armB,DEU,Q195,negrecip,1,0,True,0.36574074074074076
base,DEU,Q195,negrecip,5.6019156309017575,0.51132395898908412,True,0.75859687276794363
base_fixed_USA,DEU,Q195,negrecip,5.5195581846511379,0.50217313162790422,True,0.75459004566636978
persona,DEU,Q195,negrecip,2.0471499446329853,0.11634999384810947,True,0.19684073584564887
uniform,DEU,Q195,negrecip,5.5,0.5,True,0.53425925925925932
human,DEU,Q195,negrecip,2.5257936507936507,0.16953262786596118,True,0
adapter,EGY,Q43,patience,1.9819259986149682,0.4909629993074841,True,0.9415965785845597
adapter_persona,EGY,Q43,patience,1.8607885051042021,0.43039425255210106,True,0.80297445495317543
armA,EGY,Q43,patience,1.808402746915817,0.40420137345790852,True,0.6630538011617606
armB,EGY,Q43,patience,1,0,True,0.93595217762596072
base,EGY,Q43,patience,1.9720544194523646,0.4860272097261823,True,0.87904874469254812
base_fixed_USA,EGY,Q43,patience,1.9654621002804156,0.48273105014020778,True,0.87428899083099088
persona,EGY,Q43,patience,2.1734006141404949,0.58670030707024745,True,0.62019571562247777
uniform,EGY,Q43,patience,2,0.5,True,0.57187588955308855
human,EGY,Q43,patience,2.8411614005123824,0.92058070025619121,True,0
adapter,EGY,Q50,patience,6.3021517290361793,0.58912796989290883,True,0.7132930417950899
adapter_persona,EGY,Q50,patience,5.5062997567043679,0.50069997296715196,True,0.31646126096600008
armA,EGY,Q50,patience,5.3084027469158164,0.47871141632397962,True,0.19406945831708589
armB,EGY,Q50,patience,1,0,True,0.86238532110091737
base,EGY,Q50,patience,6.3205390561708779,0.59117100624120866,True,0.6704822072038874
base_fixed_USA,EGY,Q50,patience,6.3070745276425102,0.58967494751583449,True,0.66725063816260566
persona,EGY,Q50,patience,5.4552000279619488,0.49502222532910545,True,0.4723487084220182
uniform,EGY,Q50,patience,5.5,0.5,True,0.20984153461217681
human,EGY,Q50,patience,4.6939115929941622,0.41043462144379578,True,0
adapter,EGY,Q57,trust,0.87407723516486768,0.87407723516486768,True,0.80056010901616259
adapter_persona,EGY,Q57,trust,0.0083157787616436052,0.0083157787616436052,True,0.065201347387061501
armA,EGY,Q57,trust,0.8045104444026947,0.8045104444026947,True,0.73099331825398961
armB,EGY,Q57,trust,1,1,True,0.92648287385129491
base,EGY,Q57,trust,0.26588047309981694,0.26588047309981694,True,0.19236334695111182
base_fixed_USA,EGY,Q57,trust,0.24508501313237169,0.24508501313237169,True,0.17156788698366662
persona,EGY,Q57,trust,0.0031726828424851004,0.0031726828424851004,True,0.07034444330622
uniform,EGY,Q57,trust,0.5,0.5,True,0.42648287385129491
human,EGY,Q57,trust,0.073517126148705092,0.073517126148705092,True,0
adapter,EGY,Q58,trust,3.6822177088570061,0.89407256961900206,True,0.25736551908276389
adapter_persona,EGY,Q58,trust,3.4205459667512015,0.80684865558373386,True,0.48589293748510903
armA,EGY,Q58,trust,2.8045104444026943,0.60150348146756472,True,0.58514367858385086
armB,EGY,Q58,trust,4,1,True,0.065833333333333327
base,EGY,Q58,trust,3.4824117207947269,0.82747057359824228,True,0.44553275000602405
base_fixed_USA,EGY,Q58,trust,3.4583392679043596,0.81944642263478651,True,0.46885525221436075
persona,EGY,Q58,trust,3.6086282517266142,0.86954275057553809,True,0.31625913891960672
uniform,EGY,Q58,trust,2.5,0.5,True,0.6841666666666667
human,EGY,Q58,trust,3.9266666666666667,0.97555555555555562,True,0
adapter,EGY,Q59,trust,3.0039256677696748,0.66797522258989162,True,0.47618545532169809
adapter_persona,EGY,Q59,trust,2.9363197535144785,0.64543991783815946,True,0.33595979702608164
armA,EGY,Q59,trust,2.8045104444026943,0.60150348146756472,True,0.23594609006253059
armB,EGY,Q59,trust,4,1,True,0.64136780650542125
base,EGY,Q59,trust,2.9832703265110219,0.66109010883700725,True,0.40423835508931871
base_fixed_USA,EGY,Q59,trust,2.983595522284181,0.6611985074280603,True,0.4077363278071629
persona,EGY,Q59,trust,2.9203544762017666,0.64011815873392219,True,0.25987757712569998
uniform,EGY,Q59,trust,2.5,0.5,True,0.35738115095913259
human,EGY,Q59,trust,3.1901584653878232,0.73005282179594111,True,0
adapter,EGY,Q60,trust,3.1576522849789037,0.7192174283263012,True,0.42444254014281346
adapter_persona,EGY,Q60,trust,3.0837905625647526,0.6945968541882509,True,0.33605513457357405
armA,EGY,Q60,trust,2.8045104444026943,0.60150348146756472,True,0.26430305419931127
armB,EGY,Q60,trust,4,1,True,0.53127606338615518
base,EGY,Q60,trust,3.1813854330712408,0.72712847769041355,True,0.38810553211186444
base_fixed_USA,EGY,Q60,trust,3.1939495615702511,0.731316520523417,True,0.37612664283585984
persona,EGY,Q60,trust,3.0183304474969699,0.67277681583232329,True,0.36543672869186677
uniform,EGY,Q60,trust,2.5,0.5,True,0.38573811509591327
human,EGY,Q60,trust,3.3402835696413677,0.78009452321378925,True,0
adapter,EGY,Q61,trust,2.9551917745002521,0.65173059150008406,True,0.77147595468393826
adapter_persona,EGY,Q61,trust,2.6754636218270766,0.55848787394235888,True,0.49261243610795424
armA,EGY,Q61,trust,2.8045104444026943,0.60150348146756472,True,0.42680418841338053
armB,EGY,Q61,trust,4,1,True,0.98657718120805382
base,EGY,Q61,trust,2.8851287746917778,0.62837625823059262,True,0.69181042565044348
base_fixed_USA,EGY,Q61,trust,2.8862271848811716,0.62874239496039053,True,0.69384840578588014
persona,EGY,Q61,trust,2.2650010595547694,0.42166701985158977,True,0.28338666369121468
uniform,EGY,Q61,trust,2.5,0.5,True,0.30536912751677858
human,EGY,Q61,trust,1.9035234899328859,0.3011744966442953,True,0
adapter,EGY,Q62,trust,3.0023181564179247,0.66743938547264159,True,0.54540788012106989
adapter_persona,EGY,Q62,trust,2.8041707957819826,0.60139026526066086,True,0.33863068994494894
armA,EGY,Q62,trust,2.8045104444026943,0.60150348146756472,True,0.31158076215106467
armB,EGY,Q62,trust,4,1,True,0.92542372881355928
base,EGY,Q62,trust,2.9828848533647601,0.66096161778825335,True,0.50644628742767506
base_fixed_USA,EGY,Q62,trust,2.9830138094600915,0.66100460315336385,True,0.51252810014119188
persona,EGY,Q62,trust,2.7405788166249057,0.58019293887496859,True,0.23593531308300664
uniform,EGY,Q62,trust,2.5,0.5,True,0.29661016949152541
human,EGY,Q62,trust,2.464406779661017,0.488135593220339,True,0
adapter,EGY,Q63,trust,3.0009440372723479,0.66698134575744927,True,0.81038739735578835
adapter_persona,EGY,Q63,trust,2.8191324571416421,0.60637748571388073,True,0.6239105022451199
armA,EGY,Q63,trust,2.8045104444026943,0.60150348146756472,True,0.43238912450084233
armB,EGY,Q63,trust,4,1,True,0.98674911660777387
base,EGY,Q63,trust,2.9781201320889199,0.6593733773629733,True,0.76398773037846657
base_fixed_USA,EGY,Q63,trust,2.9708565747832969,0.6569521915944323,True,0.75806731860311416
persona,EGY,Q63,trust,2.7564947894080065,0.58549826313600217,True,0.54034847143032583
uniform,EGY,Q63,trust,2.5,0.5,True,0.31095406360424027
human,EGY,Q63,trust,1.8507067137809188,0.28356890459363959,True,0
adapter,EGY,Q64,trust,2.7153330333041668,0.57177767776805555,True,0.32408116667361175
adapter_persona,EGY,Q64,trust,2.8936205735331342,0.63120685784437802,True,0.071895114623200196
armA,EGY,Q64,trust,2.8045104444026943,0.60150348146756472,True,0.12997496895944483
armB,EGY,Q64,trust,4,1,True,0.67433930093776639
base,EGY,Q64,trust,2.7263790113469155,0.57545967044897184,True,0.26820848513713014
base_fixed_USA,EGY,Q64,trust,2.7121755996547465,0.57072519988491555,True,0.26611428068220033
persona,EGY,Q64,trust,2.7215967821652103,0.57386559405507009,True,0.1488395083003492
uniform,EGY,Q64,trust,2.5,0.5,True,0.22804774083546464
human,EGY,Q64,trust,2.9735720375106562,0.65785734583688538,True,0
adapter,EGY,Q73,trust,2.3941550007716934,0.46471833359056447,True,0.55542626838330222
adapter_persona,EGY,Q73,trust,2.3646011862785046,0.45486706209283484,True,0.486063938948885
armA,EGY,Q73,trust,2.8045104444026943,0.60150348146756472,True,0.52831765198971936
armB,EGY,Q73,trust,4,1,True,0.99493927125506076
base,EGY,Q73,trust,2.5145573184215806,0.50485243947386016,True,0.54836935112022056
base_fixed_USA,EGY,Q73,trust,2.4940816124279097,0.49802720414263657,True,0.54830255963928454
persona,EGY,Q73,trust,2.0772789107152154,0.35909297023840514,True,0.49192055294037901
uniform,EGY,Q73,trust,2.5,0.5,True,0.40688259109311742
human,EGY,Q73,trust,1.5404858299595141,0.18016194331983804,True,0
adapter,EGY,Q81,posrecip,3.0490214209411959,0.683007140313732,True,0.44319150684327058
adapter_persona,EGY,Q81,posrecip,3.0054870652535302,0.66849568841784335,True,0.22485792565219576
armA,EGY,Q81,posrecip,2.7849922478199005,0.5949974159399668,True,0.21867454611883652
armB,EGY,Q81,posrecip,4,1,True,0.87647690655209454
base,EGY,Q81,posrecip,2.9379301600301284,0.6459767200100428,True,0.35758994331448724
base_fixed_USA,EGY,Q81,posrecip,2.933953426269869,0.64465114208995633,True,0.34485302012635805
persona,EGY,Q81,posrecip,2.7626042755671678,0.58753475852238923,True,0.15846572193308966
uniform,EGY,Q81,posrecip,2.5,0.5,True,0.19360902255639095
human,EGY,Q81,posrecip,2.4919441460794842,0.49731471535982807,True,0
adapter,EGY,Q99,altruism,1.2954728535817372,0.64773642679086862,True,0.81423969350859715
adapter_persona,EGY,Q99,altruism,1.2593048071845883,0.62965240359229413,True,0.8731834759982593
armA,EGY,Q99,altruism,1.3170730769634247,0.65853653848171234,True,0.80738585148164654
armB,EGY,Q99,altruism,2,1,True,0.99833194328607178
base,EGY,Q99,altruism,1.3304804228972185,0.66524021144860923,True,0.76496071780820163
base_fixed_USA,EGY,Q99,altruism,1.2792851299000041,0.63964256495000205,True,0.74496438335301129
persona,EGY,Q99,altruism,0.16793184410894413,0.083965922054472064,True,0.13701901924975779
uniform,EGY,Q99,altruism,1,0.5,True,0.66166249652488185
human,EGY,Q99,altruism,0.006672226855713094,0.003336113427856547,True,0
adapter,EGY,Q101,altruism,1.2905566564569351,0.64527832822846753,True,0.78945705731381932
adapter_persona,EGY,Q101,altruism,1.452830528173219,0.7264152640866095,True,0.91517587060310779
armA,EGY,Q101,altruism,1.3170730769634247,0.65853653848171234,True,0.75901220677772652
armB,EGY,Q101,altruism,2,1,True,0.98165137614678888
base,EGY,Q101,altruism,1.2246439946807794,0.61232199734038972,True,0.69636890948510155
base_fixed_USA,EGY,Q101,altruism,1.2169858475220729,0.60849292376103647,True,0.69670930544012544
persona,EGY,Q101,altruism,0.77593883583112944,0.38796941791556472,True,0.52196911334307694
uniform,EGY,Q101,altruism,1,0.5,True,0.61328885182096182
human,EGY,Q101,altruism,0.071726438698915762,0.035863219349457881,True,0
adapter,EGY,Q103,altruism,0.3412894362970007,0.17064471814850035,True,0.20701703979675265
adapter_persona,EGY,Q103,altruism,1.2649582225749463,0.63247911128747314,True,0.85334521877370473
armA,EGY,Q103,altruism,1.3170730769634247,0.65853653848171234,True,0.80905390819557477
armB,EGY,Q103,altruism,2,1,True,0.99749791492910755
base,EGY,Q103,altruism,0.65825133364359478,0.32912566682179739,True,0.39700525774257045
base_fixed_USA,EGY,Q103,altruism,0.64442636526289543,0.32221318263144771,True,0.38690488143742019
persona,EGY,Q103,altruism,0.15055888842342982,0.07527944421171491,True,0.11065272694701767
uniform,EGY,Q103,altruism,1,0.5,True,0.66333055323881007
human,EGY,Q103,altruism,0.0058381984987489572,0.0029190992493744786,True,0
adapter,EGY,Q106,risktaking,5.3281391151669073,0.48090434612965638,True,0.78391629354705428
adapter_persona,EGY,Q106,risktaking,5.2636868623572628,0.47374298470636256,True,0.48130735372519284
armA,EGY,Q106,risktaking,5.3595519065856925,0.48439465628729916,True,0.24021952836480723
armB,EGY,Q106,risktaking,1,0,True,0.93288590604026844
base,EGY,Q106,risktaking,5.3953451262379879,0.48837168069310977,True,0.72776909823247515
base_fixed_USA,EGY,Q106,risktaking,5.406422350591277,0.48960248339903079,True,0.72570272522957135
persona,EGY,Q106,risktaking,5.5055441294900778,0.50061601438778647,True,0.65008840204897034
uniform,EGY,Q106,risktaking,5.5,0.5,True,0.23003355704697986
human,EGY,Q106,risktaking,6.7449664429530198,0.63832960477255773,True,0
adapter,EGY,Q107,risktaking,5.0801463309978185,0.45334959233309097,True,0.59686953857482794
adapter_persona,EGY,Q107,risktaking,4.9144667284336609,0.43494074760374013,True,0.35580859145005672
armA,EGY,Q107,risktaking,5.3595519065856925,0.48439465628729916,True,0.18387018184414314
armB,EGY,Q107,risktaking,1,0,True,0.93596491228070178
base,EGY,Q107,risktaking,5.6201549906246182,0.51335055451384648,True,0.47011724429584489
base_fixed_USA,EGY,Q107,risktaking,5.6359970598218077,0.51511078442464531,True,0.47459036299695412
persona,EGY,Q107,risktaking,5.4913000314283078,0.49903333682536755,True,0.34597693655286443
uniform,EGY,Q107,risktaking,5.5,0.5,True,0.17368421052631577
human,EGY,Q107,risktaking,6.4043859649122803,0.60048732943469785,True,0
adapter,EGY,Q109,risktaking,5.3361308118407313,0.48179231242674792,True,0.75482680632551702
adapter_persona,EGY,Q109,risktaking,5.2482644007666313,0.47202937786295901,True,0.63328818389108266
armA,EGY,Q109,risktaking,5.3595519065856925,0.48439465628729916,True,0.41774291935603991
armB,EGY,Q109,risktaking,1,0,True,0.56414762741652025
base,EGY,Q109,risktaking,5.1869282284209106,0.46521424760232338,True,0.73114540883958679
base_fixed_USA,EGY,Q109,risktaking,5.2018321541790646,0.46687023935322941,True,0.73151453274477685
persona,EGY,Q109,risktaking,5.1297442842082654,0.45886047602314062,True,0.65116199988102164
uniform,EGY,Q109,risktaking,5.5,0.5,True,0.43655536028119513
human,EGY,Q109,risktaking,2.59402460456942,0.17711384495215776,True,0
adapter,EGY,Q174,posrecip,0.0012943680354542003,0.0012943680354542003,True,0.50518791372772642
adapter_persona,EGY,Q174,posrecip,0.016914915372927618,0.016914915372927618,True,0.48956736639025311
armA,EGY,Q174,posrecip,0.78499224781990051,0.78499224781990051,True,0.27850996605671985
armB,EGY,Q174,posrecip,1,1,True,0.49351771823681934
base,EGY,Q174,posrecip,0.0068504800266449006,0.0068504800266449006,True,0.49963180173653576
base_fixed_USA,EGY,Q174,posrecip,0.0062899021368924002,0.0062899021368924002,True,0.50019237962628826
persona,EGY,Q174,posrecip,0.13296424019782924,0.13296424019782924,True,0.37351804156535146
uniform,EGY,Q174,posrecip,0.5,0.5,True,0.006482281763180664
human,EGY,Q174,posrecip,0.50648228176318066,0.50648228176318066,True,0
adapter,EGY,Q176,negrecip,5.6996450679288326,0.52218278532542584,True,0.58188055741554368
adapter_persona,EGY,Q176,negrecip,5.90276538667122,0.54475170963013553,True,0.31955905215753899
armA,EGY,Q176,negrecip,5.5174179077148429,0.50193532307942701,True,0.16172802315692167
armB,EGY,Q176,negrecip,10,1,True,0.93950177935943069
base,EGY,Q176,negrecip,5.5936113303747339,0.51040125893052601,True,0.5522922752223085
base_fixed_USA,EGY,Q176,negrecip,5.5807928879954485,0.50897698755504983,True,0.54789973936061276
persona,EGY,Q176,negrecip,5.3532069794051029,0.48368966437834476,True,0.30157168352683089
uniform,EGY,Q176,negrecip,5.5,0.5,True,0.16014234875444838
human,EGY,Q176,negrecip,4.5747330960854091,0.39719256623171212,True,0
adapter,EGY,Q177,negrecip,9.9167950698710818,0.99075500776345349,True,0.28219372817872374
adapter_persona,EGY,Q177,negrecip,9.0032728015774879,0.88925253350860978,True,0.15656429376188158
armA,EGY,Q177,negrecip,5.5174179077148438,0.50193532307942712,True,0.60333421801329501
armB,EGY,Q177,negrecip,10,1,True,0.29571303587051617
base,EGY,Q177,negrecip,9.051640745751989,0.89462674952799881,True,0.14419024183398546
base_fixed_USA,EGY,Q177,negrecip,9.274825983144984,0.91942510923833154,True,0.16125370133574468
persona,EGY,Q177,negrecip,8.6783615477447391,0.85315128308274879,True,0.1359079512014213
uniform,EGY,Q177,negrecip,5.5,0.5,True,0.60428696412948379
human,EGY,Q177,negrecip,9.2108486439195101,0.91231651599105668,True,0
adapter,EGY,Q178,risktaking,6.0012910826497663,0.55569900918330739,True,0.81305213313660119
adapter_persona,EGY,Q178,risktaking,4.8522258688557098,0.42802509653952331,True,0.67848558412221283
armA,EGY,Q178,risktaking,5.3595519065856925,0.48439465628729916,True,0.63627091218096066
armB,EGY,Q178,risktaking,1,0,True,0.25589225589225589
base,EGY,Q178,risktaking,5.9943905335712824,0.55493228150792029,True,0.8425910881830101
base_fixed_USA,EGY,Q178,risktaking,5.9162516417148865,0.54625018241276513,True,0.84013878985121526
persona,EGY,Q178,risktaking,5.9152407777141391,0.54613786419045995,True,0.83290840230150065
uniform,EGY,Q178,risktaking,5.5,0.5,True,0.64595959595959607
human,EGY,Q178,risktaking,1.5925925925925926,0.065843621399176946,True,0
adapter,EGY,Q179,negrecip,9.9811319971701788,0.99790355524113095,True,0.042794169282704513
adapter_persona,EGY,Q179,negrecip,9.8338806750987953,0.98154229723319952,True,0.028126336414039155
armA,EGY,Q179,negrecip,5.5174179077148438,0.50193532307942712,True,0.85385896936498273
armB,EGY,Q179,negrecip,10,1,True,0.045188284518828475
base,EGY,Q179,negrecip,9.3965025858390394,0.93294473175989323,True,0.12090407641463047
base_fixed_USA,EGY,Q179,negrecip,9.4510912345383602,0.93901013717092896,True,0.10783921968824731
persona,EGY,Q179,negrecip,9.7044587539581677,0.96716208377312973,True,0.038245365662568774
uniform,EGY,Q179,negrecip,5.5,0.5,True,0.85481171548117163
human,EGY,Q179,negrecip,9.9338912133891206,0.99265457926545786,True,0
adapter,EGY,Q195,negrecip,4.7172060945261771,0.41302289939179748,True,0.53377092425085249
adapter_persona,EGY,Q195,negrecip,2.7344016665142208,0.19271129627935787,True,0.56873304657944135
armA,EGY,Q195,negrecip,5.5174179077148429,0.50193532307942701,True,0.28986118144548412
armB,EGY,Q195,negrecip,10,1,True,0.72719449225473332
base,EGY,Q195,negrecip,5.5461014634387933,0.5051223848265326,True,0.53585299468150605
base_fixed_USA,EGY,Q195,negrecip,5.5195581846511379,0.50217313162790422,True,0.53246462867166255
persona,EGY,Q195,negrecip,5.9552792658634806,0.55058658509594227,True,0.43607599256265928
uniform,EGY,Q195,negrecip,5.5,0.5,True,0.29070567986230639
human,EGY,Q195,negrecip,6.6385542168674698,0.62650602409638556,True,0
adapter,GBR,Q43,patience,1.968082296840254,0.48404114842012702,True,0.59058915833008219
adapter_persona,GBR,Q43,patience,1.3888375696526833,0.19441878482634167,True,0.18621010464218635
armA,GBR,Q43,patience,2.2675123512744904,0.63375617563724518,True,0.2875176612200071
armB,GBR,Q43,patience,3,1,True,0.81135943247125542
base,GBR,Q43,patience,1.9772230264275823,0.48861151321379115,True,0.54952496825779462
base_fixed_USA,GBR,Q43,patience,1.9654621002804156,0.48273105014020778,True,0.5283902169226331
persona,GBR,Q43,patience,1.9740605719445734,0.4870302859722867,True,0.55238434039749063
uniform,GBR,Q43,patience,2,0.5,True,0.14469276580458879
human,GBR,Q43,patience,1.75251255430441,0.376256277152205,True,0
adapter,GBR,Q50,patience,6.7415375815106957,0.63794862016785503,True,0.64003766693582353
adapter_persona,GBR,Q50,patience,6.9051063175958296,0.65612292417731444,True,0.32468688885577091
armA,GBR,Q50,patience,5.7675123512744895,0.52972359458605434,True,0.22277927419716531
armB,GBR,Q50,patience,10,1,True,0.89347984185558693
base,GBR,Q50,patience,6.2781176192182144,0.58645751324646822,True,0.57556520549908152
base_fixed_USA,GBR,Q50,patience,6.3070745276425102,0.58967494751583449,True,0.58176962376551078
persona,GBR,Q50,patience,5.816637082190601,0.53518189802117788,True,0.69566958194503936
uniform,GBR,Q50,patience,5.5,0.5,True,0.24602337507817235
human,GBR,Q50,patience,6.7307231869242496,0.63674702076936107,True,0
adapter,GBR,Q57,trust,0.99330714907571516,0.99330714907571516,True,0.5320534951991247
adapter_persona,GBR,Q57,trust,0.52342034893632383,0.52342034893632383,True,0.062166695059733323
armA,GBR,Q57,trust,0.61735102534294128,0.61735102534294128,True,0.15609737146635078
armB,GBR,Q57,trust,1,1,True,0.53874634612340944
base,GBR,Q57,trust,0.2689414213699951,0.2689414213699951,True,0.19231223250659538
base_fixed_USA,GBR,Q57,trust,0.24508501313237169,0.24508501313237169,True,0.21616864074421877
persona,GBR,Q57,trust,0.2942149721629887,0.2942149721629887,True,0.16703868171360176
uniform,GBR,Q57,trust,0.5,0.5,True,0.03874634612340952
human,GBR,Q57,trust,0.46125365387659051,0.46125365387659051,True,0
adapter,GBR,Q58,trust,3.7302095907509458,0.91006986358364861,True,0.091467214324692125
adapter_persona,GBR,Q58,trust,3.7259626725421233,0.90865422418070774,True,0.080761413086539433
armA,GBR,Q58,trust,2.6173510253429413,0.53911700844764709,True,0.51665398932020068
armB,GBR,Q58,trust,4,1,True,0.19702716700268103
base,GBR,Q58,trust,3.458967312914293,0.81965577097143105,True,0.35063113607668994
base_fixed_USA,GBR,Q58,trust,3.4583392679043596,0.81944642263478651,True,0.35049628417320033
persona,GBR,Q58,trust,3.591692662543974,0.86389755418132463,True,0.22975469118292599
uniform,GBR,Q58,trust,2.5,0.5,True,0.55297283299731892
human,GBR,Q58,trust,3.7779671813326061,0.92598906044420204,True,0
adapter,GBR,Q59,trust,3.0273580482294764,0.67578601607649214,True,0.31654246714033041
adapter_persona,GBR,Q59,trust,3.1367685604275626,0.71225618680918756,True,0.18100900731679959
armA,GBR,Q59,trust,2.6173510253429413,0.53911700844764709,True,0.37640217049190872
armB,GBR,Q59,trust,4,1,True,0.78903728550554875
base,GBR,Q59,trust,2.983595522284181,0.6611985074280603,True,0.26948229807983909
base_fixed_USA,GBR,Q59,trust,2.983595522284181,0.6611985074280603,True,0.26948229807983909
persona,GBR,Q59,trust,2.9935783978406416,0.6645261326135472,True,0.29395424038191731
uniform,GBR,Q59,trust,2.5,0.5,True,0.38700298719187753
human,GBR,Q59,trust,3.034750740247834,0.67825024674927803,True,0
adapter,GBR,Q60,trust,3.2934456225354722,0.76448187417849078,True,0.22917495336935911
adapter_persona,GBR,Q60,trust,3.5634863845838369,0.85449546152794564,True,0.082810873026139251
armA,GBR,Q60,trust,2.6173510253429413,0.53911700844764709,True,0.4296132062354705
armB,GBR,Q60,trust,4,1,True,0.49966590136411815
base,GBR,Q60,trust,3.1744187249712632,0.72480624165708774,True,0.33605298843176207
base_fixed_USA,GBR,Q60,trust,3.1939495615702511,0.731316520523417,True,0.31694205334125231
persona,GBR,Q60,trust,3.1998330133507871,0.73327767111692899,True,0.32071246670163406
uniform,GBR,Q60,trust,2.5,0.5,True,0.47653286661255773
human,GBR,Q60,trust,3.4740630740976806,0.82468769136589348,True,0
adapter,GBR,Q61,trust,2.955510960894935,0.65183698696497838,True,0.43849634063312282
adapter_persona,GBR,Q61,trust,3.0659268342473691,0.68864227808245637,True,0.38706345952892618
armA,GBR,Q61,trust,2.6173510253429413,0.53911700844764709,True,0.38579796755063611
armB,GBR,Q61,trust,4,1,True,0.97921128438875582
base,GBR,Q61,trust,2.8862271848811725,0.62874239496039086,True,0.36396928366128573
base_fixed_USA,GBR,Q61,trust,2.8862271848811716,0.62874239496039053,True,0.36396928366128567
persona,GBR,Q61,trust,2.9112146035384838,0.63707153451282794,True,0.38691148793564284
uniform,GBR,Q61,trust,2.5,0.5,True,0.38359164516225341
human,GBR,Q61,trust,2.4570449678118558,0.48568165593728524,True,0
adapter,GBR,Q62,trust,3.0072243161031236,0.66907477203437449,True,0.26338982207488665
adapter_persona,GBR,Q62,trust,3.1713460805282976,0.72378202684276582,True,0.12293827611964814
armA,GBR,Q62,trust,2.6173510253429413,0.53911700844764709,True,0.45536739978423812
armB,GBR,Q62,trust,4,1,True,0.86525538052664264
base,GBR,Q62,trust,2.9833965110535146,0.66113217035117156,True,0.2408122935926908
base_fixed_USA,GBR,Q62,trust,2.9830138094600915,0.66100460315336385,True,0.24062768026715436
persona,GBR,Q62,trust,2.9918488852545511,0.66394962841818372,True,0.23756586223851428
uniform,GBR,Q62,trust,2.5,0.5,True,0.465968216484207
human,GBR,Q62,trust,2.9654533042845297,0.65515110142817656,True,0
adapter,GBR,Q63,trust,3.0033467924900288,0.66778226416334296,True,0.22836280124915023
adapter_persona,GBR,Q63,trust,3.1953805494054288,0.73179351646847624,True,0.11043162423753053
armA,GBR,Q63,trust,2.6173510253429413,0.53911700844764709,True,0.48302588658096757
armB,GBR,Q63,trust,4,1,True,0.86897433833554605
base,GBR,Q63,trust,2.9770270168155579,0.65900900560518594,True,0.18467076592346471
base_fixed_USA,GBR,Q63,trust,2.9708565747832969,0.6569521915944323,True,0.17890199465116371
persona,GBR,Q63,trust,3.0159532355831367,0.67198441186104552,True,0.18130977064361911
uniform,GBR,Q63,trust,2.5,0.5,True,0.49362670328093639
human,GBR,Q63,trust,2.9858415405543419,0.6619471801847806,True,0
adapter,GBR,Q64,trust,2.7622413263484336,0.58741377544947782,True,0.26798045311629393
adapter_persona,GBR,Q64,trust,3.1014099109869022,0.70046997032896741,True,0.33625402316196767
armA,GBR,Q64,trust,2.6173510253429413,0.53911700844764709,True,0.24512350518762616
armB,GBR,Q64,trust,4,1,True,0.90090575974768883
base,GBR,Q64,trust,2.7190908498138544,0.5730302832712848,True,0.22410575101873553
base_fixed_USA,GBR,Q64,trust,2.7121755996547465,0.57072519988491555,True,0.22151699410360562
persona,GBR,Q64,trust,2.6961701919106043,0.56539006397020142,True,0.2345737255720492
uniform,GBR,Q64,trust,2.5,0.5,True,0.24291718279924346
human,GBR,Q64,trust,2.3605497800120623,0.45351659333735411,True,0
adapter,GBR,Q69,trust,2.9006543319547982,0.63355144398493268,True,0.24159032445004033
adapter_persona,GBR,Q69,trust,3.1366550448637351,0.71221834828791175,True,0.22442672220771939
armA,GBR,Q69,trust,2.6173510253429413,0.53911700844764709,True,0.2983132290710902
armB,GBR,Q69,trust,4,1,True,0.84552526927337457
base,GBR,Q69,trust,2.8239255680105337,0.60797518933684458,True,0.19143718735136311
base_fixed_USA,GBR,Q69,trust,2.8239255680105337,0.60797518933684458,True,0.19143718735136311
persona,GBR,Q69,trust,2.8762185224927208,0.62540617416424027,True,0.22302582754007455
uniform,GBR,Q69,trust,2.5,0.5,True,0.2961069066827075
human,GBR,Q69,trust,2.7775420710023386,0.59251402366744621,True,0
adapter,GBR,Q70,trust,2.9511780080215915,0.65039266934053053,True,0.27113672442874154
adapter_persona,GBR,Q70,trust,3.0701649084013889,0.69005496946712963,True,0.16955258274368321
armA,GBR,Q70,trust,2.6173510253429413,0.53911700844764709,True,0.30196339293993907
armB,GBR,Q70,trust,4,1,True,0.85625706559484094
base,GBR,Q70,trust,2.7842146278064543,0.59473820926881815,True,0.16602514621724135
base_fixed_USA,GBR,Q70,trust,2.8090073137919416,0.60300243793064723,True,0.18785128150437935
persona,GBR,Q70,trust,2.7473529020318117,0.5824509673439372,True,0.15757171375079271
uniform,GBR,Q70,trust,2.5,0.5,True,0.29975707055155643
human,GBR,Q70,trust,2.7620113199619496,0.5873371066539832,True,0
adapter,GBR,Q71,trust,2.2249534421482351,0.4083178140494117,True,0.3249615494103083
adapter_persona,GBR,Q71,trust,2.7378854290061119,0.57929514300203733,True,0.39520775128647423
armA,GBR,Q71,trust,2.6173510253429413,0.53911700844764709,True,0.30316945217931618
armB,GBR,Q71,trust,4,1,True,0.96430961758983225
base,GBR,Q71,trust,2.2989848745952024,0.43299495819840078,True,0.31629842573251588
base_fixed_USA,GBR,Q71,trust,2.2980648346585788,0.43268827821952627,True,0.31559876111365276
persona,GBR,Q71,trust,2.201954886716091,0.40065162890536365,True,0.32910202398385435
uniform,GBR,Q71,trust,2.5,0.5,True,0.25624979180222901
human,GBR,Q71,trust,1.9866741843868163,0.32889139479560542,True,0
adapter,GBR,Q73,trust,2.549432132868064,0.51647737762268797,True,0.31630727861417696
adapter_persona,GBR,Q73,trust,2.7954087540371715,0.5984695846790572,True,0.43180608745390353
armA,GBR,Q73,trust,2.6173510253429413,0.53911700844764709,True,0.31562265175628829
armB,GBR,Q73,trust,4,1,True,0.97542063107258692
base,GBR,Q73,trust,2.5257526779952375,0.50858422599841246,True,0.27728721737761364
base_fixed_USA,GBR,Q73,trust,2.4940816124279097,0.49802720414263657,True,0.24665037035379256
persona,GBR,Q73,trust,2.2226912534109231,0.40756375113697435,True,0.26467049487803712
uniform,GBR,Q73,trust,2.5,0.5,True,0.26870299137920106
human,GBR,Q73,trust,2.0030906905681927,0.33436356352273089,True,0
adapter,GBR,Q81,posrecip,3.1001013553795369,0.70003378512651226,True,0.28059152134749965
adapter_persona,GBR,Q81,posrecip,3.437871495916732,0.81262383197224397,True,0.29882234006727848
armA,GBR,Q81,posrecip,2.4808341339230533,0.49361137797435112,True,0.3133202610715029
armB,GBR,Q81,posrecip,1,0,True,0.97237667803803252
base,GBR,Q81,posrecip,2.9243805538575098,0.64146018461916998,True,0.2338146446104282
base_fixed_USA,GBR,Q81,posrecip,2.933953426269869,0.64465114208995633,True,0.22708762050601072
persona,GBR,Q81,posrecip,3.0415153605831269,0.68050512019437559,True,0.25914037612747992
uniform,GBR,Q81,posrecip,2.5,0.5,True,0.31137442217673827
human,GBR,Q81,posrecip,2.8929931629792858,0.63099772099309526,True,0
adapter,GBR,Q99,altruism,1.9808211562516111,0.99041057812580557,True,0.93917612399959771
adapter_persona,GBR,Q99,altruism,1.9247860033639332,0.96239300168196662,True,0.8767180206445182
armA,GBR,Q99,altruism,1.0142251830548048,0.5071125915274024,True,0.53961929608841341
armB,GBR,Q99,altruism,2,1,True,0.95170141549917342
base,GBR,Q99,altruism,1.3267352684482283,0.66336763422411416,True,0.63229535761251832
base_fixed_USA,GBR,Q99,altruism,1.2792851299000041,0.63964256495000205,True,0.61583388682804729
persona,GBR,Q99,altruism,0.57875897416268729,0.28937948708134364,True,0.46985681568474885
uniform,GBR,Q99,altruism,1,0.5,True,0.53253199999991785
human,GBR,Q99,altruism,0.18243325116757544,0.091216625583787722,True,0
adapter,GBR,Q101,altruism,1.9644205388806855,0.98221026944034273,True,0.81761147597944328
adapter_persona,GBR,Q101,altruism,1.9359544117782475,0.96797720588912373,True,0.7784819862850697
armA,GBR,Q101,altruism,1.0142251830548048,0.5071125915274024,True,0.40204271554014281
armB,GBR,Q101,altruism,2,1,True,0.84235683668695294
base,GBR,Q101,altruism,1.22445469264022,0.61222734632011,True,0.46977365033172036
base_fixed_USA,GBR,Q101,altruism,1.2169858475220729,0.60849292376103647,True,0.47837587307081064
persona,GBR,Q101,altruism,0.78771474383467066,0.39385737191733533,True,0.58434992132754227
uniform,GBR,Q101,altruism,1,0.5,True,0.39495541945164708
human,GBR,Q101,altruism,0.4293544105280665,0.21467720526403325,True,0
adapter,GBR,Q103,altruism,1.6407647826621701,0.82038239133108504,True,0.73606456254590125
adapter_persona,GBR,Q103,altruism,1.8658999438445352,0.93294997192226758,True,0.8802835946708053
armA,GBR,Q103,altruism,1.0142251830548048,0.5071125915274024,True,0.55748105707437023
armB,GBR,Q103,altruism,2,1,True,0.93818870894649598
base,GBR,Q103,altruism,0.64442636526289543,0.32221318263144771,True,0.27396808918448468
base_fixed_USA,GBR,Q103,altruism,0.64442636526289543,0.32221318263144771,True,0.27396808918448468
persona,GBR,Q103,altruism,0.22950869302266,0.11475434651133,True,0.10422952126417523
uniform,GBR,Q103,altruism,1,0.5,True,0.55039376098587467
human,GBR,Q103,altruism,0.17808419673429607,0.089042098367148034,True,0
adapter,GBR,Q106,risktaking,5.3526144466909784,0.48362382741010873,True,0.65283132571908387
adapter_persona,GBR,Q106,risktaking,5.194907103118938,0.46610078923543757,True,0.54554635269093166
armA,GBR,Q106,risktaking,5.5243423357605934,0.50270470397339928,True,0.17257676959809537
armB,GBR,Q106,risktaking,10,1,True,0.88317582996400446
base,GBR,Q106,risktaking,5.4266832344593858,0.49185369271770951,True,0.59311285021351112
base_fixed_USA,GBR,Q106,risktaking,5.406422350591277,0.48960248339903079,True,0.59339342646316484
persona,GBR,Q106,risktaking,5.4864634864954702,0.49849594294394112,True,0.55894506434485791
uniform,GBR,Q106,risktaking,5.5,0.5,True,0.17375698714900245
human,GBR,Q106,risktaking,5.8964708577802867,0.54405231753114291,True,0
adapter,GBR,Q107,risktaking,5.5431215727928702,0.50479128586587452,True,0.31167780643376425
adapter_persona,GBR,Q107,risktaking,5.5909187568067846,0.51010208408964275,True,0.20067470952029468
armA,GBR,Q107,risktaking,5.5243423357605934,0.50270470397339928,True,0.21864768843126148
armB,GBR,Q107,risktaking,10,1,True,0.93822529002428312
base,GBR,Q107,risktaking,5.6316956880982296,0.51463285423313665,True,0.22357959087327622
base_fixed_USA,GBR,Q107,risktaking,5.6359970598218077,0.51511078442464531,True,0.22752351292563244
persona,GBR,Q107,risktaking,5.7180667293998955,0.52422963659998834,True,0.29247768377046962
uniform,GBR,Q107,risktaking,5.5,0.5,True,0.21834218362342223
human,GBR,Q107,risktaking,5.3086150182742458,0.47873500203047176,True,0
adapter,GBR,Q109,risktaking,5.3340991454165705,0.48156657171295225,True,0.53416379789069057
adapter_persona,GBR,Q109,risktaking,5.0445637392625553,0.44939597102917284,True,0.38734364192448145
armA,GBR,Q109,risktaking,5.5243423357605934,0.50270470397339928,True,0.357733721901975
armB,GBR,Q109,risktaking,10,1,True,0.98668399475301949
base,GBR,Q109,risktaking,5.1801595692905993,0.46446217436562215,True,0.49869479055912941
base_fixed_USA,GBR,Q109,risktaking,5.2018321541790646,0.46687023935322941,True,0.49677625441660422
persona,GBR,Q109,risktaking,5.0290599363725796,0.44767332626361994,True,0.48190848443212547
uniform,GBR,Q109,risktaking,5.5,0.5,True,0.35404550205504587
human,GBR,Q109,risktaking,3.7865750216996159,0.3096194468555129,True,0
adapter,GBR,Q176,negrecip,5.713402321087063,0.52371136900967363,True,0.54251415699700267
adapter_persona,GBR,Q176,negrecip,6.1219659968090943,0.56910733297878824,True,0.3458684391468474
armA,GBR,Q176,negrecip,5.5122751938179118,0.50136391042421247,True,0.20799359670430967
armB,GBR,Q176,negrecip,10,1,True,0.87101666958417789
base,GBR,Q176,negrecip,5.5248470768246758,0.5027607863138529,True,0.49296341651302389
base_fixed_USA,GBR,Q176,negrecip,5.5807928879954485,0.50897698755504983,True,0.48469470251155877
persona,GBR,Q176,negrecip,5.4154079641070263,0.49060088490078069,True,0.47270437783590069
uniform,GBR,Q176,negrecip,5.5,0.5,True,0.20836491091734904
human,GBR,Q176,negrecip,5.8421872001377579,0.53802080001530639,True,0
adapter,GBR,Q177,negrecip,8.1135336476868503,0.79039262752076112,True,0.28106579417114308
adapter_persona,GBR,Q177,negrecip,7.4282295588513119,0.71424772876125686,True,0.31240389696400972
armA,GBR,Q177,negrecip,5.5122751938179135,0.50136391042421258,True,0.57430461681283573
armB,GBR,Q177,negrecip,10,1,True,0.33624362135837738
base,GBR,Q177,negrecip,9.2714888886603468,0.91905432096226081,True,0.20036255195450381
base_fixed_USA,GBR,Q177,negrecip,9.274825983144984,0.91942510923833154,True,0.20376732434424136
persona,GBR,Q177,negrecip,8.7607936267244391,0.86231040296938211,True,0.14756847670727627
uniform,GBR,Q177,negrecip,5.5,0.5,True,0.57549671064601349
human,GBR,Q177,negrecip,9.0666295269658104,0.89629216966286784,True,0
adapter,GBR,Q178,risktaking,5.771320281958749,0.53014669799541658,True,0.74764453228500327
adapter_persona,GBR,Q178,risktaking,5.8624616329793895,0.54027351477548768,True,0.71551763123455714
armA,GBR,Q178,risktaking,5.5243423357605934,0.50270470397339928,True,0.46409280067988801
armB,GBR,Q178,risktaking,10,1,True,0.98846679974364349
base,GBR,Q178,risktaking,6.0472899274888281,0.56080999194320313,True,0.70282477520641928
base_fixed_USA,GBR,Q178,risktaking,5.9162516417148865,0.54625018241276513,True,0.70189836055633326
persona,GBR,Q178,risktaking,5.9312299893542146,0.54791444326157945,True,0.68680951088728082
uniform,GBR,Q178,risktaking,5.5,0.5,True,0.46100078122317223
human,GBR,Q178,risktaking,2.4959174533527122,0.16621305037252357,True,0
adapter,GBR,Q179,negrecip,8.6905373100923633,0.85450414556581811,True,0.23903595099024552
adapter_persona,GBR,Q179,negrecip,9.3298279299266031,0.92553643665851149,True,0.10534889147177549
armA,GBR,Q179,negrecip,5.5122751938179135,0.50136391042421258,True,0.69077497680317956
armB,GBR,Q179,negrecip,10,1,True,0.20855413747130819
base,GBR,Q179,negrecip,9.4694291359763909,0.94104768177515452,True,0.1274666598476788
base_fixed_USA,GBR,Q179,negrecip,9.4510912345383602,0.93901013717092896,True,0.12571684706002142
persona,GBR,Q179,negrecip,9.8781430736416542,0.98646034151573936,True,0.19775844248354968
uniform,GBR,Q179,negrecip,5.5,0.5,True,0.69144586252869178
human,GBR,Q179,negrecip,9.5156533691371425,0.94618370768190474,True,0
adapter,GBR,Q195,negrecip,5.4933882666789557,0.49926536296432844,True,0.60045286508551765
adapter_persona,GBR,Q195,negrecip,3.1614823492024851,0.2401647054669428,True,0.23404398253146511
armA,GBR,Q195,negrecip,5.5122751938179118,0.50136391042421247,True,0.24698745674717265
armB,GBR,Q195,negrecip,10,1,True,0.91510478911160198
base,GBR,Q195,negrecip,5.6019156309017575,0.51132395898908412,True,0.57471662525705736
base_fixed_USA,GBR,Q195,negrecip,5.5195581846511379,0.50217313162790422,True,0.56736808957743146
persona,GBR,Q195,negrecip,2.8304717035566815,0.20338574483963129,True,0.36732006282697072
uniform,GBR,Q195,negrecip,5.5,0.5,True,0.24624394739182362
human,GBR,Q195,negrecip,4.5395281889824677,0.39328090988694087,True,0
adapter,GRC,Q43,patience,2.5034787954425477,0.75173939772127385,True,0.20610723823592642
adapter_persona,GRC,Q43,patience,2.6721125267518406,0.83605626337592032,True,0.24305844022617989
armA,GRC,Q43,patience,1.8199573010206225,0.40997865051031124,True,0.34237444274533962
armB,GRC,Q43,patience,1,0,True,0.73351035121076413
base,GRC,Q43,patience,1.9720544194523646,0.4860272097261823,True,0.76604462758510028
base_fixed_USA,GRC,Q43,patience,1.9654621002804156,0.48273105014020778,True,0.75987456432256706
persona,GRC,Q43,patience,2.0133164995794552,0.50665824978972762,True,0.64291158002692472
uniform,GRC,Q43,patience,2,0.5,True,0.256429946030444
human,GRC,Q43,patience,2.3232736305745414,0.6616368152872707,True,0
adapter,GRC,Q50,patience,5.5192977185316465,0.5021441909479607,True,0.58125029691117636
adapter_persona,GRC,Q50,patience,4.8391578249585425,0.42657309166206026,True,0.33820072729835926
armA,GRC,Q50,patience,5.3199573010206223,0.47999525566895801,True,0.21717434970214028
armB,GRC,Q50,patience,1,0,True,0.92531206378993192
base,GRC,Q50,patience,6.320539056170877,0.59117100624120855,True,0.60832616975453757
base_fixed_USA,GRC,Q50,patience,6.3070745276425102,0.58967494751583449,True,0.60509460071325627
persona,GRC,Q50,patience,5.8443572401228341,0.53826191556920377,True,0.50413834356526666
uniform,GRC,Q50,patience,5.5,0.5,True,0.21650738071237588
human,GRC,Q50,patience,4.9835058482098011,0.44261176091220011,True,0
adapter,GRC,Q57,trust,0.0003569706350376,0.0003569706350376,True,0.084911292646556502
adapter_persona,GRC,Q57,trust,0.0019570173399300009,0.0019570173399300009,True,0.083311245941664072
armA,GRC,Q57,trust,0.32424725592136378,0.32424725592136378,True,0.23897899263976966
armB,GRC,Q57,trust,0,0,True,0.085268263281594092
base,GRC,Q57,trust,0.26588047309981694,0.26588047309981694,True,0.18061220981822282
base_fixed_USA,GRC,Q57,trust,0.24508501313237169,0.24508501313237169,True,0.15981674985077762
persona,GRC,Q57,trust,0.2689414213699951,0.2689414213699951,True,0.18367315808840101
uniform,GRC,Q57,trust,0.5,0.5,True,0.41473173671840591
human,GRC,Q57,trust,0.085268263281594106,0.085268263281594106,True,0
adapter,GRC,Q58,trust,2.7287858611481335,0.57626195371604449,True,0.8402090770755255
adapter_persona,GRC,Q58,trust,2.7387498503718217,0.57958328345727395,True,0.8509306060984525
armA,GRC,Q58,trust,2.3242472559213634,0.4414157519737878,True,0.71647226516548868
armB,GRC,Q58,trust,1,0,True,0.99921711586542061
base,GRC,Q58,trust,3.4824117207947269,0.82747057359824228,True,0.42689484371277825
base_fixed_USA,GRC,Q58,trust,3.4583392679043596,0.81944642263478651,True,0.45036652598425447
persona,GRC,Q58,trust,3.7965076122313017,0.93216920407710058,True,0.12180389840702179
uniform,GRC,Q58,trust,2.5,0.5,True,0.66618994628621142
human,GRC,Q58,trust,3.9114443759164468,0.97048145863881563,True,0
adapter,GRC,Q59,trust,2.3312873388009008,0.44376244626696693,True,0.28163998467577817
adapter_persona,GRC,Q59,trust,2.5211721118728794,0.50705737062429312,True,0.16298316334065954
armA,GRC,Q59,trust,2.3242472559213634,0.4414157519737878,True,0.27571883925253027
armB,GRC,Q59,trust,1,0,True,0.9263738420716876
base,GRC,Q59,trust,2.9832703265110219,0.66109010883700725,True,0.44130616533026112
base_fixed_USA,GRC,Q59,trust,2.983595522284181,0.6611985074280603,True,0.44480413804810526
persona,GRC,Q59,trust,3.1325045955140567,0.71083486517135219,True,0.35656626160426119
uniform,GRC,Q59,trust,2.5,0.5,True,0.27076185681574122
human,GRC,Q59,trust,2.6992789598071925,0.56642631993573078,True,0
adapter,GRC,Q60,trust,2.6190350801920825,0.53967836006402747,True,0.22989941181348622
adapter_persona,GRC,Q60,trust,2.5142940472967377,0.50476468243224593,True,0.21727152641923483
armA,GRC,Q60,trust,2.3242472559213634,0.4414157519737878,True,0.39963248888420488
armB,GRC,Q60,trust,1,0,True,0.97737381933012968
base,GRC,Q60,trust,3.1813854330712408,0.72712847769041355,True,0.22652682601530391
base_fixed_USA,GRC,Q60,trust,3.1939495615702511,0.731316520523417,True,0.21454793673929926
persona,GRC,Q60,trust,3.189200274298515,0.72973342476617165,True,0.21141642573324212
uniform,GRC,Q60,trust,2.5,0.5,True,0.32940136500091199
human,GRC,Q60,trust,3.0575836647533241,0.68586122158444141,True,0
adapter,GRC,Q61,trust,2.1147935905442909,0.37159786351476365,True,0.39000747550678749
adapter_persona,GRC,Q61,trust,2.2811061453930219,0.42703538179767397,True,0.32463788210744393
armA,GRC,Q61,trust,2.3242472559213634,0.4414157519737878,True,0.33175397515560545
armB,GRC,Q61,trust,1,0,True,0.6007992142564913
base,GRC,Q61,trust,2.8851287746917778,0.62837625823059262,True,0.78136391766955482
base_fixed_USA,GRC,Q61,trust,2.8862271848811716,0.62874239496039053,True,0.78293764256121812
persona,GRC,Q61,trust,2.6889018547830017,0.56296728492766723,True,0.58214519714231916
uniform,GRC,Q61,trust,2.5,0.5,True,0.40198509903889834
human,GRC,Q61,trust,1.7016365593280156,0.23387885310933854,True,0
adapter,GRC,Q62,trust,2.3809733061143854,0.46032443537146178,True,0.25126097704529021
adapter_persona,GRC,Q62,trust,2.134029950522176,0.37800998350739201,True,0.17640411701582187
armA,GRC,Q62,trust,2.3242472559213634,0.4414157519737878,True,0.21488055999249167
armB,GRC,Q62,trust,1,0,True,0.69628067857149145
base,GRC,Q62,trust,2.9828848533647601,0.66096161778825335,True,0.75071783210697718
base_fixed_USA,GRC,Q62,trust,2.9830138094600915,0.66100460315336385,True,0.75678429125736124
persona,GRC,Q62,trust,2.9710246737424737,0.65700822458082453,True,0.70582093126000522
uniform,GRC,Q62,trust,2.5,0.5,True,0.28359170398822675
human,GRC,Q62,trust,1.9292856651010379,0.30976188836701263,True,0
adapter,GRC,Q63,trust,2.4031295980427108,0.46770986601423692,True,0.28714205470223569
adapter_persona,GRC,Q63,trust,2.4234571729386669,0.47448572431288899,True,0.35315160075925789
armA,GRC,Q63,trust,2.3242472559213634,0.4414157519737878,True,0.22045231820057468
armB,GRC,Q63,trust,1,0,True,0.69411256869252014
base,GRC,Q63,trust,2.9781201320889199,0.6593733773629733,True,0.74371710885809383
base_fixed_USA,GRC,Q63,trust,2.9708565747832969,0.6569521915944323,True,0.73779669708274154
persona,GRC,Q63,trust,2.9691932365227807,0.65639774550759356,True,0.69678368510347888
uniform,GRC,Q63,trust,2.5,0.5,True,0.29068344208386754
human,GRC,Q63,trust,1.9215737228252958,0.30719124094176525,True,0
adapter,GRC,Q64,trust,2.0743222480408456,0.35810741601361523,True,0.51598740430530043
adapter_persona,GRC,Q64,trust,2.5101498774223372,0.5033832924741124,True,0.1571825012275995
armA,GRC,Q64,trust,2.3242472559213634,0.4414157519737878,True,0.22699830306648328
armB,GRC,Q64,trust,1,0,True,0.8971209933199159
base,GRC,Q64,trust,2.7263790113469155,0.57545967044897184,True,0.24762232368562914
base_fixed_USA,GRC,Q64,trust,2.7121755996547465,0.57072519988491555,True,0.24552811923069934
persona,GRC,Q64,trust,3.0580709126659098,0.68602363755530327,True,0.13487648036602182
uniform,GRC,Q64,trust,2.5,0.5,True,0.15676717918319041
human,GRC,Q64,trust,2.836220105820797,0.61207336860693229,True,0
adapter,GRC,Q69,trust,2.1254335256212573,0.37514450854041909,True,0.63444547813345353
adapter_persona,GRC,Q69,trust,2.2307882515367523,0.41026275051225075,True,0.43822515273864909
armA,GRC,Q69,trust,2.3242472559213634,0.4414157519737878,True,0.28132169333707363
armB,GRC,Q69,trust,1,0,True,0.93779800611370567
base,GRC,Q69,trust,2.8205259386540593,0.60684197955135311,True,0.19591219722576331
base_fixed_USA,GRC,Q69,trust,2.8239255680105337,0.60797518933684458,True,0.20234187473666326
persona,GRC,Q69,trust,2.4981032669285654,0.49936775564285513,True,0.26543609926661854
uniform,GRC,Q69,trust,2.5,0.5,True,0.26072294353616043
human,GRC,Q69,trust,2.8492562014851068,0.61641873382836898,True,0
adapter,GRC,Q70,trust,2.1077355270633666,0.36924517568778886,True,0.57319060206079553
adapter_persona,GRC,Q70,trust,2.1306320817264424,0.37687736057548077,True,0.38368307086859688
armA,GRC,Q70,trust,2.3242472559213634,0.4414157519737878,True,0.29454122217400647
armB,GRC,Q70,trust,1,0,True,0.8995386285799003
base,GRC,Q70,trust,2.7866415517141689,0.59554718390472294,True,0.20464483077964662
base_fixed_USA,GRC,Q70,trust,2.8090073137919416,0.60300243793064723,True,0.22802365472751104
persona,GRC,Q70,trust,2.346219459876342,0.44873981995878065,True,0.30770566605619359
uniform,GRC,Q70,trust,2.5,0.5,True,0.28958423973721742
human,GRC,Q70,trust,2.6103004792370501,0.53676682641235007,True,0
adapter,GRC,Q71,trust,2.010428568728261,0.33680952290942034,True,0.57650194785065834
adapter_persona,GRC,Q71,trust,2.0136100439079723,0.33787001463599076,True,0.35754092879179211
armA,GRC,Q71,trust,2.3242472559213634,0.4414157519737878,True,0.29804828949450091
armB,GRC,Q71,trust,1,0,True,0.51267175416655786
base,GRC,Q71,trust,2.2931154250837391,0.43103847502791304,True,0.4868462800005432
base_fixed_USA,GRC,Q71,trust,2.2980648346585788,0.43268827821952627,True,0.48666661746777379
persona,GRC,Q71,trust,2.1347602426830825,0.37825341422769415,True,0.47503741511231323
uniform,GRC,Q71,trust,2.5,0.5,True,0.36827941337779369
human,GRC,Q71,trust,1.6565887399407337,0.21886291331357791,True,0
adapter,GRC,Q73,trust,2.0242095752938649,0.34140319176462164,True,0.51072756645628559
adapter_persona,GRC,Q73,trust,2.0672551079110231,0.35575170263700767,True,0.29037475514737066
armA,GRC,Q73,trust,2.3242472559213634,0.4414157519737878,True,0.28484376596214978
armB,GRC,Q73,trust,1,0,True,0.55891700382800913
base,GRC,Q73,trust,2.5145573184215801,0.50485243947386005,True,0.43176003959990367
base_fixed_USA,GRC,Q73,trust,2.4940816124279097,0.49802720414263657,True,0.43169324811896759
persona,GRC,Q73,trust,2.2016026835853557,0.40053422786178522,True,0.40840898803426862
uniform,GRC,Q73,trust,2.5,0.5,True,0.35507488984544266
human,GRC,Q73,trust,1.7091197818874173,0.2363732606291391,True,0
adapter,GRC,Q81,posrecip,2.2014607898682246,0.40048692995607488,True,0.40372210751345006
adapter_persona,GRC,Q81,posrecip,2.3563203333487079,0.45210677778290265,True,0.16949534446454889
armA,GRC,Q81,posrecip,2.4781133253127337,0.49270444177091122,True,0.29214336519382805
armB,GRC,Q81,posrecip,1,0,True,0.88214281959821927
base,GRC,Q81,posrecip,2.9379301600301284,0.6459767200100428,True,0.38292584862410262
base_fixed_USA,GRC,Q81,posrecip,2.933953426269869,0.64465114208995633,True,0.37018892543597337
persona,GRC,Q81,posrecip,2.8989837014881052,0.63299456716270175,True,0.28549523174380914
uniform,GRC,Q81,posrecip,2.5,0.5,True,0.29206671742429918
human,GRC,Q81,posrecip,2.4805681411928351,0.49352271373094503,True,0
adapter,GRC,Q99,altruism,0.040927158418279,0.0204635792091395,True,0.0092419159021149867
adapter_persona,GRC,Q99,altruism,0.55198696005547321,0.2759934800277366,True,0.35210634303577493
armA,GRC,Q99,altruism,0.91359178721904732,0.45679589360952366,True,0.58763394249637513
armB,GRC,Q99,altruism,0,0,True,0.034894010138149655
base,GRC,Q99,altruism,1.3304804228972185,0.66524021144860923,True,0.73507087781183689
base_fixed_USA,GRC,Q99,altruism,1.2792851299000041,0.63964256495000205,True,0.71507454335664655
persona,GRC,Q99,altruism,0.57377777402512331,0.28688888701256166,True,0.43437703662591781
uniform,GRC,Q99,altruism,1,0.5,True,0.631772656528517
human,GRC,Q99,altruism,0.044522214054494913,0.022261107027247456,True,0
adapter,GRC,Q101,altruism,0.041984779005462713,0.020992389502731357,True,0.014869949862194384
adapter_persona,GRC,Q101,altruism,0.59248800907737675,0.29624400453868838,True,0.37668404987563331
armA,GRC,Q101,altruism,0.91359178721904732,0.45679589360952366,True,0.5815836809354954
armB,GRC,Q101,altruism,0,0,True,0.040944271699029339
base,GRC,Q101,altruism,1.2246439946807794,0.61232199734038972,True,0.7088024526317771
base_fixed_USA,GRC,Q101,altruism,1.2169858475220729,0.60849292376103647,True,0.70914284858680088
persona,GRC,Q101,altruism,0.89475678167483819,0.44737839083741909,True,0.62250436889038885
uniform,GRC,Q101,altruism,1,0.5,True,0.62572239496763737
human,GRC,Q101,altruism,0.058470716985344284,0.029235358492672142,True,0
adapter,GRC,Q103,altruism,0.022158435727960502,0.011079217863980251,True,0.018274772796831047
adapter_persona,GRC,Q103,altruism,0.35867513512395077,0.17933756756197539,True,0.22193932315480114
armA,GRC,Q103,altruism,0.91359178721904732,0.45679589360952366,True,0.58617081059149223
armB,GRC,Q103,altruism,0,0,True,0.036357142043032573
base,GRC,Q103,altruism,0.65825133364359478,0.32912566682179739,True,0.36398422912739448
base_fixed_USA,GRC,Q103,altruism,0.64442636526289543,0.32221318263144771,True,0.35388385282224416
persona,GRC,Q103,altruism,0.1994779303533932,0.099738965176696601,True,0.10845014740522049
uniform,GRC,Q103,altruism,1,0.5,True,0.6303095246236341
human,GRC,Q103,altruism,0.048481911693782576,0.024240955846891288,True,0
adapter,GRC,Q106,risktaking,5.6924561352161431,0.52138401502401588,True,0.5697580237874067
adapter_persona,GRC,Q106,risktaking,5.9462828546601312,0.5495869838511257,True,0.31443258275878916
armA,GRC,Q106,risktaking,5.4214632138609886,0.49127369042899871,True,0.18882566735096576
armB,GRC,Q106,risktaking,1,0,True,0.95025065115794161
base,GRC,Q106,risktaking,5.3953451262379879,0.48837168069310977,True,0.59089038144151895
base_fixed_USA,GRC,Q106,risktaking,5.406422350591277,0.48960248339903079,True,0.58589864517331403
persona,GRC,Q106,risktaking,5.370280889609683,0.48558676551218699,True,0.54185786304820094
uniform,GRC,Q106,risktaking,5.5,0.5,True,0.18919278656795571
human,GRC,Q106,risktaking,5.3173342978351679,0.47970381087057423,True,0
adapter,GRC,Q107,risktaking,6.9601062926341282,0.66223403251490309,True,0.49983321515207296
adapter_persona,GRC,Q107,risktaking,6.2924616584558368,0.58805129538398182,True,0.36201870460552704
armA,GRC,Q107,risktaking,5.4214632138609886,0.49127369042899871,True,0.20846195382975385
armB,GRC,Q107,risktaking,1,0,True,0.90751348914637719
base,GRC,Q107,risktaking,5.6201549906246182,0.51335055451384648,True,0.3028996203971891
base_fixed_USA,GRC,Q107,risktaking,5.6359970598218077,0.51511078442464531,True,0.30491864711070155
persona,GRC,Q107,risktaking,4.601702327565123,0.40018914750723589,True,0.22679369759665211
uniform,GRC,Q107,risktaking,5.5,0.5,True,0.21121773812874711
human,GRC,Q107,risktaking,4.7044452124831873,0.411605023609243,True,0
adapter,GRC,Q109,risktaking,5.577066930063233,0.50856299222924806,True,0.62606207402582614
adapter_persona,GRC,Q109,risktaking,5.6369978156649427,0.51522197951832693,True,0.38964190297259282
armA,GRC,Q109,risktaking,5.4214632138609886,0.49127369042899871,True,0.26202298794383233
armB,GRC,Q109,risktaking,1,0,True,0.86451185606802139
base,GRC,Q109,risktaking,5.1869282284209106,0.46521424760232338,True,0.50601965408722804
base_fixed_USA,GRC,Q109,risktaking,5.2018321541790646,0.46687023935322941,True,0.50688788989847711
persona,GRC,Q109,risktaking,4.8492232062802598,0.42769146736447333,True,0.40443485186233624
uniform,GRC,Q109,risktaking,5.5,0.5,True,0.27392206956729959
human,GRC,Q109,risktaking,4.1851967876727212,0.35391075418585793,True,0
adapter,GRC,Q174,posrecip,0.011869121046339403,0.011869121046339403,True,0.13832070575136984
adapter_persona,GRC,Q174,posrecip,0.087563836546684884,0.087563836546684884,True,0.062625990251024388
armA,GRC,Q174,posrecip,0.47811332531273359,0.47811332531273359,True,0.32792349851502434
armB,GRC,Q174,posrecip,0,0,True,0.15018982679770926
base,GRC,Q174,posrecip,0.0068504800266449006,0.0068504800266449006,True,0.14333934677106436
base_fixed_USA,GRC,Q174,posrecip,0.0062899021368924002,0.0062899021368924002,True,0.14389992466081686
persona,GRC,Q174,posrecip,0.016914913266726502,0.016914913266726502,True,0.13327491353098278
uniform,GRC,Q174,posrecip,0.5,0.5,True,0.34981017320229074
human,GRC,Q174,posrecip,0.1501898267977092,0.1501898267977092,True,0
adapter,GRC,Q176,negrecip,5.5899541116978551,0.50999490129976166,True,0.40879987522307204
adapter_persona,GRC,Q176,negrecip,5.5205637728656232,0.50228486365173586,True,0.15217629528216026
armA,GRC,Q176,negrecip,5.714661493897438,0.52385127709971535,True,0.23939573455500013
armB,GRC,Q176,negrecip,10,1,True,0.95601682237072994
base,GRC,Q176,negrecip,5.5936113303747339,0.51040125893052601,True,0.42191617976439549
base_fixed_USA,GRC,Q176,negrecip,5.5807928879954485,0.50897698755504983,True,0.41752364390269969
persona,GRC,Q176,negrecip,5.3174235469833553,0.47971372744259505,True,0.26711839693660727
uniform,GRC,Q176,negrecip,5.5,0.5,True,0.24487838718684127
human,GRC,Q176,negrecip,5.7262983733031998,0.5251442637003555,True,0
adapter,GRC,Q177,negrecip,9.9804588594524617,0.99782876216138461,True,0.27443117283552088
adapter_persona,GRC,Q177,negrecip,9.0341408236674674,0.89268231374082974,True,0.13883553273932059
armA,GRC,Q177,negrecip,5.714661493897438,0.52385127709971535,True,0.63943949674040645
armB,GRC,Q177,negrecip,10,1,True,0.27725165898068832
base,GRC,Q177,negrecip,9.051640745751989,0.89462674952799881,True,0.14404260384910145
base_fixed_USA,GRC,Q177,negrecip,9.274825983144984,0.91942510923833154,True,0.15942533205758547
persona,GRC,Q177,negrecip,8.9713295840074707,0.88570328711194124,True,0.12781759951789143
uniform,GRC,Q177,negrecip,5.5,0.5,True,0.66080204076202653
human,GRC,Q177,negrecip,9.3823615833067109,0.93137350925630125,True,0
adapter,GRC,Q178,risktaking,2.3815281187168198,0.15350312430186885,True,0.28205360871113955
adapter_persona,GRC,Q178,risktaking,4.0431203497228125,0.33812448330253475,True,0.37416085508481678
armA,GRC,Q178,risktaking,5.4214632138609886,0.49127369042899871,True,0.47734495106894265
armB,GRC,Q178,risktaking,1,0,True,0.45082530483982519
base,GRC,Q178,risktaking,5.9943905335712824,0.55493228150792029,True,0.70679030483581828
base_fixed_USA,GRC,Q178,risktaking,5.9162516417148865,0.54625018241276513,True,0.70433800650402367
persona,GRC,Q178,risktaking,5.7955642965624943,0.53284047739583273,True,0.7010630648794407
uniform,GRC,Q178,risktaking,5.5,0.5,True,0.48503338532007961
human,GRC,Q178,risktaking,2.4411573878598452,0.16012859865109391,True,0
adapter,GRC,Q179,negrecip,9.9745911794652571,0.99717679771836187,True,0.059534726541127132
adapter_persona,GRC,Q179,negrecip,9.7051931522996657,0.96724368358885171,True,0.028264498730052379
armA,GRC,Q179,negrecip,5.714661493897438,0.52385127709971535,True,0.82524975621227181
armB,GRC,Q179,negrecip,10,1,True,0.062627469463925431
base,GRC,Q179,negrecip,9.3965025858390394,0.93294473175989323,True,0.10352499852839669
base_fixed_USA,GRC,Q179,negrecip,9.4510912345383602,0.93901013717092896,True,0.092643807669877398
persona,GRC,Q179,negrecip,9.6284927356586838,0.95872141507318709,True,0.039654497721069791
uniform,GRC,Q179,negrecip,5.5,0.5,True,0.83737253053607463
human,GRC,Q179,negrecip,9.8533139271964565,0.98370154746627292,True,0
adapter,GRC,Q195,negrecip,4.9990255485850792,0.44433617206500881,True,0.73699859476035268
adapter_persona,GRC,Q195,negrecip,2.4279364698429493,0.1586596077603277,True,0.14130618881687756
armA,GRC,Q195,negrecip,5.714661493897438,0.52385127709971535,True,0.49550203088712019
armB,GRC,Q195,negrecip,10,1,True,0.98617091307448124
base,GRC,Q195,negrecip,5.5461014634387933,0.5051223848265326,True,0.75306397492624633
base_fixed_USA,GRC,Q195,negrecip,5.5195581846511379,0.50217313162790422,True,0.75412180401246698
persona,GRC,Q195,negrecip,3.975493908533497,0.33061043428149967,True,0.39293744167696687
uniform,GRC,Q195,negrecip,5.5,0.5,True,0.4722283089276938
human,GRC,Q195,negrecip,2.4279004236043265,0.15865560262270295,True,0
adapter,IDN,Q43,patience,1.9814968679836578,0.49074843399182888,True,0.88187324209073659
adapter_persona,IDN,Q43,patience,1.834799595081285,0.41739979754064249,True,0.61193827669178757
armA,IDN,Q43,patience,1.8190895467996593,0.40954477339982964,True,0.23491186730657393
armB,IDN,Q43,patience,1,0,True,0.55337497105739741
base,IDN,Q43,patience,1.9720544194523646,0.4860272097261823,True,0.81960321795050661
base_fixed_USA,IDN,Q43,patience,1.9654621002804156,0.48273105014020778,True,0.81343315468797328
persona,IDN,Q43,patience,2.0534522772978638,0.52672613864893192,True,0.69156650291500998
uniform,IDN,Q43,patience,2,0.5,True,0.24314485185175289
human,IDN,Q43,patience,2.016561460633215,0.50828073031660748,True,0
adapter,IDN,Q50,patience,6.3022917868002528,0.58914353186669477,True,0.71236609324279887
adapter_persona,IDN,Q50,patience,6.0284188814537929,0.55871320905042143,True,0.4367996923884141
armA,IDN,Q50,patience,5.3190895467996588,0.4798988385332954,True,0.23822224378907578
armB,IDN,Q50,patience,1,0,True,0.93091348368376037
base,IDN,Q50,patience,6.3205390561708779,0.59117100624120866,True,0.6696487144768698
base_fixed_USA,IDN,Q50,patience,6.3070745276425102,0.58967494751583449,True,0.66641714543558828
persona,IDN,Q50,patience,5.9262874217692172,0.54736526908546856,True,0.58694107401481921
uniform,IDN,Q50,patience,5.5,0.5,True,0.21929696184407971
human,IDN,Q50,patience,6.4882682267175671,0.60980758074639629,True,0
adapter,IDN,Q57,trust,0.87747678748184088,0.87747678748184088,True,0.83109622502700264
adapter_persona,IDN,Q57,trust,0.011508149583431408,0.011508149583431408,True,0.034872412871406827
armA,IDN,Q57,trust,0.6317986100912093,0.6317986100912093,True,0.58541804763637106
armB,IDN,Q57,trust,1,1,True,0.95361943754516176
base,IDN,Q57,trust,0.26588047309981694,0.26588047309981694,True,0.2194999106449787
base_fixed_USA,IDN,Q57,trust,0.24508501313237169,0.24508501313237169,True,0.19870445067753351
persona,IDN,Q57,trust,0.0062899021368924002,0.0062899021368924002,True,0.040090660317945823
uniform,IDN,Q57,trust,0.5,0.5,True,0.45361943754516176
human,IDN,Q57,trust,0.046380562454838223,0.046380562454838223,True,0
adapter,IDN,Q58,trust,3.6822177088570061,0.89407256961900206,True,0.066010482280812827
adapter_persona,IDN,Q58,trust,3.5555812728073075,0.85186042426910247,True,0.17236948823514076
armA,IDN,Q58,trust,2.631798610091209,0.54393287003040303,True,0.4136648901373316
armB,IDN,Q58,trust,4,1,True,0.29538882240122688
base,IDN,Q58,trust,3.4824117207947269,0.82747057359824228,True,0.2534719595997858
base_fixed_USA,IDN,Q58,trust,3.4583392679043596,0.81944642263478651,True,0.27649205131550969
persona,IDN,Q58,trust,3.7951966471737788,0.93173221572459297,True,0.092421011527331717
uniform,IDN,Q58,trust,2.5,0.5,True,0.45596621440072421
human,IDN,Q58,trust,3.6580149285291954,0.88600497617639851,True,0
adapter,IDN,Q59,trust,3.0042498565948645,0.66808328553162155,True,0.4899019818526249
adapter_persona,IDN,Q59,trust,3.0160126691398665,0.67200422304662222,True,0.37159141704998483
armA,IDN,Q59,trust,2.631798610091209,0.54393287003040303,True,0.32564092464197203
armB,IDN,Q59,trust,4,1,True,0.87679152025841067
base,IDN,Q59,trust,2.9832703265110219,0.66109010883700725,True,0.41764241803983143
base_fixed_USA,IDN,Q59,trust,2.983595522284181,0.6611985074280603,True,0.42114039075767551
persona,IDN,Q59,trust,3.0359955844110824,0.67866519480369414,True,0.33295142524236149
uniform,IDN,Q59,trust,2.5,0.5,True,0.32285693537020954
human,IDN,Q59,trust,2.6778272691090184,0.55927575636967275,True,0
adapter,IDN,Q60,trust,3.1555829417722623,0.7185276472574208,True,0.48522132112076632
adapter_persona,IDN,Q60,trust,3.1819260969452841,0.72730869898176131,True,0.44007707592674411
armA,IDN,Q60,trust,2.631798610091209,0.54393287003040303,True,0.25866298246090641
armB,IDN,Q60,trust,4,1,True,0.87933646764119722
base,IDN,Q60,trust,3.1813854330712408,0.72712847769041355,True,0.47904803661898954
base_fixed_USA,IDN,Q60,trust,3.1939495615702511,0.731316520523417,True,0.47933864699565432
persona,IDN,Q60,trust,3.1137190620464983,0.7045730206821661,True,0.45650353386204751
uniform,IDN,Q60,trust,2.5,0.5,True,0.25587899318914392
human,IDN,Q60,trust,2.5115456369072926,0.5038485456357642,True,0
adapter,IDN,Q61,trust,2.9538191622914209,0.65127305409714031,True,0.87828422483410851
adapter_persona,IDN,Q61,trust,2.7311776147541282,0.57705920491804275,True,0.63672481384107404
armA,IDN,Q61,trust,2.631798610091209,0.54393287003040303,True,0.45928683784542146
armB,IDN,Q61,trust,4,1,True,0.979588258739579
base,IDN,Q61,trust,2.8851287746917778,0.62837625823059262,True,0.8000270340074721
base_fixed_USA,IDN,Q61,trust,2.8862271848811716,0.62874239496039053,True,0.80206501414290887
persona,IDN,Q61,trust,2.3746051078494936,0.4582017026164979,True,0.5196447263052103
uniform,IDN,Q61,trust,2.5,0.5,True,0.40659681340533249
human,IDN,Q61,trust,1.5957086491013655,0.19856954970045515,True,0
adapter,IDN,Q62,trust,3.0023181564179247,0.66743938547264159,True,0.71260616598671744
adapter_persona,IDN,Q62,trust,2.9353545858559649,0.64511819528532166,True,0.59369936178304261
armA,IDN,Q62,trust,2.631798610091209,0.54393287003040303,True,0.24551304768444046
armB,IDN,Q62,trust,4,1,True,0.95456676022299902
base,IDN,Q62,trust,2.9828848533647601,0.66096161778825335,True,0.6736445732933225
base_fixed_USA,IDN,Q62,trust,2.9830138094600915,0.66100460315336385,True,0.67972638600683932
persona,IDN,Q62,trust,2.916046273246423,0.63868209108214102,True,0.58013215809016661
uniform,IDN,Q62,trust,2.5,0.5,True,0.20456676022299899
human,IDN,Q62,trust,2.1086472134829237,0.36954907116097457,True,0
adapter,IDN,Q63,trust,3.0011413280441634,0.66704710934805445,True,0.80614175050451642
adapter_persona,IDN,Q63,trust,2.8715464263376043,0.62384880877920146,True,0.63722610924112222
armA,IDN,Q63,trust,2.631798610091209,0.54393287003040303,True,0.34147688216173477
armB,IDN,Q63,trust,4,1,True,0.96902095893912499
base,IDN,Q63,trust,2.9781201320889199,0.6593733773629733,True,0.74690637320285902
base_fixed_USA,IDN,Q63,trust,2.9708565747832969,0.6569521915944323,True,0.74229459671462084
persona,IDN,Q63,trust,2.8514935451699945,0.61716451505666481,True,0.60636133391528935
uniform,IDN,Q63,trust,2.5,0.5,True,0.28878685772164575
human,IDN,Q63,trust,1.8615886914888296,0.28719623049627652,True,0
adapter,IDN,Q64,trust,2.7158289915589231,0.5719429971863077,True,0.7873458822827506
adapter_persona,IDN,Q64,trust,2.800516917087104,0.60017230569570135,True,0.59488688497990161
armA,IDN,Q64,trust,2.631798610091209,0.54393287003040303,True,0.55948974387755501
armB,IDN,Q64,trust,4,1,True,0.14956396866100352
base,IDN,Q64,trust,2.7263790113469155,0.57545967044897184,True,0.74348841898034812
base_fixed_USA,IDN,Q64,trust,2.7121755996547465,0.57072519988491555,True,0.74498737653398661
persona,IDN,Q64,trust,2.6822872610944781,0.56076242036482604,True,0.61269869191248882
uniform,IDN,Q64,trust,2.5,0.5,True,0.60043603133899648
human,IDN,Q64,trust,3.8336268711166506,0.94454229037221682,True,0
adapter,IDN,Q69,trust,2.9122010086208046,0.63740033620693481,True,0.38774672538328092
adapter_persona,IDN,Q69,trust,2.5067581763891345,0.50225272546304478,True,0.24817059572426758
armA,IDN,Q69,trust,2.631798610091209,0.54393287003040303,True,0.19824296062221269
armB,IDN,Q69,trust,4,1,True,0.7493322085819375
base,IDN,Q69,trust,2.8205259386540593,0.60684197955135311,True,0.26816889360020418
base_fixed_USA,IDN,Q69,trust,2.8239255680105337,0.60797518933684458,True,0.28398670847548579
persona,IDN,Q69,trust,2.3733053810693066,0.45776846035643554,True,0.31131482612750072
uniform,IDN,Q69,trust,2.5,0.5,True,0.1961267627685126
human,IDN,Q69,trust,2.872923796620269,0.62430793220675629,True,0
adapter,IDN,Q70,trust,2.8243839821711028,0.60812799405703422,True,0.34627025154191637
adapter_persona,IDN,Q70,trust,2.3947898955819538,0.46492996519398461,True,0.36613471918016177
armA,IDN,Q70,trust,2.631798610091209,0.54393287003040303,True,0.17721672696522106
armB,IDN,Q70,trust,4,1,True,0.69167124809075242
base,IDN,Q70,trust,2.7866415517141689,0.59554718390472294,True,0.29999809357607443
base_fixed_USA,IDN,Q70,trust,2.8090073137919416,0.60300243793064723,True,0.30090264073002565
persona,IDN,Q70,trust,2.2378282932297715,0.41260943107659048,True,0.46235612341422555
uniform,IDN,Q70,trust,2.5,0.5,True,0.22990675140531006
human,IDN,Q70,trust,2.9979234455671473,0.66597448185571573,True,0
adapter,IDN,Q71,trust,2.1792435595611543,0.39308118652038476,True,0.64024379782401075
adapter_persona,IDN,Q71,trust,2.3960747961674707,0.46535826538915687,True,0.41023017652025379
armA,IDN,Q71,trust,2.631798610091209,0.54393287003040303,True,0.23845577961923375
armB,IDN,Q71,trust,4,1,True,0.62782378495557944
base,IDN,Q71,trust,2.2931154250837391,0.43103847502791304,True,0.52318326393114567
base_fixed_USA,IDN,Q71,trust,2.2980648346585788,0.43268827821952627,True,0.51669104380549635
persona,IDN,Q71,trust,2.178156903703965,0.39271896790132166,True,0.6107803636578415
uniform,IDN,Q71,trust,2.5,0.5,True,0.29114580405932272
human,IDN,Q71,trust,3.1344868038851161,0.71149560129503875,True,0
adapter,IDN,Q73,trust,2.3942039815042531,0.46473466050141771,True,0.25651507526808787
adapter_persona,IDN,Q73,trust,2.4212603229893754,0.4737534409964585,True,0.19062568401529195
armA,IDN,Q73,trust,2.631798610091209,0.54393287003040303,True,0.23637174650402593
armB,IDN,Q73,trust,4,1,True,0.84778130385356032
base,IDN,Q73,trust,2.5145573184215806,0.50485243947386016,True,0.23053065446394055
base_fixed_USA,IDN,Q73,trust,2.4940816124279097,0.49802720414263657,True,0.23149851320837175
persona,IDN,Q73,trust,2.1610464643193028,0.38701548810643427,True,0.38110585459090507
uniform,IDN,Q73,trust,2.5,0.5,True,0.23358775723226344
human,IDN,Q73,trust,2.55269328704009,0.5175644290133633,True,0
adapter,IDN,Q81,posrecip,3.0491657683646638,0.6830552561215546,True,0.45213044324287821
adapter_persona,IDN,Q81,posrecip,3.0144909945493463,0.67149699818311548,True,0.22444207181535708
armA,IDN,Q81,posrecip,2.5726064294576645,0.52420214315255487,True,0.32903266197215408
armB,IDN,Q81,posrecip,4,1,True,0.57456975550772893
base,IDN,Q81,posrecip,2.9379301600301284,0.6459767200100428,True,0.37242215201293594
base_fixed_USA,IDN,Q81,posrecip,2.933953426269869,0.64465114208995633,True,0.36793499559757864
persona,IDN,Q81,posrecip,2.8502797873850949,0.61675992912836497,True,0.30228419196637596
uniform,IDN,Q81,posrecip,2.5,0.5,True,0.3580703286485889
human,IDN,Q81,posrecip,3.2664720231362767,0.75549067437875894,True,0
adapter,IDN,Q99,altruism,1.2938853734676448,0.64694268673382238,True,0.49350120326159508
adapter_persona,IDN,Q99,altruism,1.3055668509342164,0.65278342546710821,True,0.5837350978986402
armA,IDN,Q99,altruism,1.0514633245766161,0.52573166228830803,True,0.36535330049930453
armB,IDN,Q99,altruism,2,1,True,0.80228496668742511
base,IDN,Q99,altruism,1.3304804228972185,0.66524021144860923,True,0.44325108328017054
base_fixed_USA,IDN,Q99,altruism,1.2792851299000041,0.63964256495000205,True,0.42325474882498026
persona,IDN,Q99,altruism,0.35211978149602718,0.17605989074801359,True,0.16376889802115221
uniform,IDN,Q99,altruism,1,0.5,True,0.33995286199685071
human,IDN,Q99,altruism,0.52442883798239093,0.26221441899119546,True,0
adapter,IDN,Q101,altruism,1.2824016713339144,0.64120083566695718,True,0.45943293748014241
adapter_persona,IDN,Q101,altruism,1.413903009233217,0.70695150461660849,True,0.57734207440135865
armA,IDN,Q101,altruism,1.0514633245766161,0.52573166228830803,True,0.31185635929783678
armB,IDN,Q101,altruism,2,1,True,0.75473154600682446
base,IDN,Q101,altruism,1.2246439946807794,0.61232199734038972,True,0.36953597845952268
base_fixed_USA,IDN,Q101,altruism,1.2169858475220729,0.60849292376103647,True,0.36987637441454652
persona,IDN,Q101,altruism,0.61193974123698769,0.30596987061849384,True,0.25408250725847409
uniform,IDN,Q101,altruism,1,0.5,True,0.28645592079538296
human,IDN,Q101,altruism,0.62547919986445921,0.31273959993222961,True,0
adapter,IDN,Q103,altruism,0.34718551989109064,0.17359275994554532,True,0.034437199686486557
adapter_persona,IDN,Q103,altruism,1.3037831600000716,0.65189158000003578,True,0.70012307758621506
armA,IDN,Q103,altruism,1.0514633245766161,0.52573166228830803,True,0.5115404447130546
armB,IDN,Q103,altruism,2,1,True,0.90151090715435189
base,IDN,Q103,altruism,0.65825133364359478,0.32912566682179739,True,0.21981471071436118
base_fixed_USA,IDN,Q103,altruism,0.64442636526289543,0.32221318263144771,True,0.20971433440921083
persona,IDN,Q103,altruism,0.29687021179172091,0.14843510589586045,True,0.070615879258394354
uniform,IDN,Q103,altruism,1,0.5,True,0.48614000621060072
human,IDN,Q103,altruism,0.27901575330171391,0.13950787665085695,True,0
adapter,IDN,Q106,risktaking,5.336410514768696,0.48182339052985512,True,0.76276446211175908
adapter_persona,IDN,Q106,risktaking,5.2441901633605346,0.47157668481783716,True,0.52510471858822216
armA,IDN,Q106,risktaking,5.3391783982515335,0.4821309331390593,True,0.24637319700914648
armB,IDN,Q106,risktaking,1,0,True,0.89583788470427494
base,IDN,Q106,risktaking,5.3953451262379879,0.48837168069310977,True,0.70724265969871403
base_fixed_USA,IDN,Q106,risktaking,5.406422350591277,0.48960248339903079,True,0.70517628669581034
persona,IDN,Q106,risktaking,5.4473359266667938,0.49414843629631044,True,0.66717133568642117
uniform,IDN,Q106,risktaking,5.5,0.5,True,0.23033369162302364
human,IDN,Q106,risktaking,6.8150288841682674,0.64611432046314077,True,0
adapter,IDN,Q107,risktaking,5.0830720390642625,0.45367467100714026,True,0.60275068340518534
adapter_persona,IDN,Q107,risktaking,4.9826830808939473,0.44252034232154969,True,0.45965275344007844
armA,IDN,Q107,risktaking,5.3391783982515335,0.4821309331390593,True,0.24697377773633614
armB,IDN,Q107,risktaking,1,0,True,0.89822562821081908
base,IDN,Q107,risktaking,5.6201549906246182,0.51335055451384648,True,0.48454405974695175
base_fixed_USA,IDN,Q107,risktaking,5.6359970598218077,0.51511078442464531,True,0.48122597644249376
persona,IDN,Q107,risktaking,5.5147262876739411,0.50163625418599345,True,0.43915348856384956
uniform,IDN,Q107,risktaking,5.5,0.5,True,0.22936828778445023
human,IDN,Q107,risktaking,6.6441931613083218,0.62713257347870244,True,0
adapter,IDN,Q109,risktaking,5.3320658440623649,0.48134064934026277,True,0.67046471382779205
adapter_persona,IDN,Q109,risktaking,5.2862238403420889,0.47624709337134319,True,0.51745404716736965
armA,IDN,Q109,risktaking,5.3391783982515335,0.4821309331390593,True,0.22179838728283696
armB,IDN,Q109,risktaking,1,0,True,0.74581333093882052
base,IDN,Q109,risktaking,5.1869282284209106,0.46521424760232338,True,0.63433232220357505
base_fixed_USA,IDN,Q109,risktaking,5.2018321541790646,0.46687023935322941,True,0.63470144610876544
persona,IDN,Q109,risktaking,5.1950887957827891,0.46612097730919877,True,0.57788411690837749
uniform,IDN,Q109,risktaking,5.5,0.5,True,0.22851177745973492
human,IDN,Q109,risktaking,4.4935352540484139,0.38817058378315711,True,0
adapter,IDN,Q174,posrecip,0.0012843081201339003,0.0012843081201339003,True,0.42721748709701135
adapter_persona,IDN,Q174,posrecip,0.014503582140717005,0.014503582140717005,True,0.41399821307642826
armA,IDN,Q174,posrecip,0.57260642945766449,0.57260642945766449,True,0.1441046342405192
armB,IDN,Q174,posrecip,1,1,True,0.57149820478285474
base,IDN,Q174,posrecip,0.0068504800266449006,0.0068504800266449006,True,0.42165131519050036
base_fixed_USA,IDN,Q174,posrecip,0.0062899021368924002,0.0062899021368924002,True,0.42221189308025286
persona,IDN,Q174,posrecip,0.044680870272650199,0.044680870272650199,True,0.38382092494449505
uniform,IDN,Q174,posrecip,0.5,0.5,True,0.071498204782854735
human,IDN,Q174,posrecip,0.42850179521714526,0.42850179521714526,True,0
adapter,IDN,Q176,negrecip,5.6869172332956488,0.52076858147729432,True,0.57649148355342361
adapter_persona,IDN,Q176,negrecip,6.0484183545542622,0.56093537272825134,True,0.36059601011077813
armA,IDN,Q176,negrecip,5.5756364911794662,0.5084040545754962,True,0.15050319470799689
armB,IDN,Q176,negrecip,10,1,True,0.88982083069137308
base,IDN,Q176,negrecip,5.5936113303747339,0.51040125893052601,True,0.54657486149593471
base_fixed_USA,IDN,Q176,negrecip,5.5807928879954485,0.50897698755504983,True,0.54696811283427449
persona,IDN,Q176,negrecip,5.3308437637047072,0.48120486263385637,True,0.42041434228218511
uniform,IDN,Q176,negrecip,5.5,0.5,True,0.15011213605674623
human,IDN,Q176,negrecip,4.9902432246715636,0.4433603582968404,True,0
adapter,IDN,Q177,negrecip,9.9204723796722849,0.99116359774136498,True,0.5880054414596656
adapter_persona,IDN,Q177,negrecip,8.9083296218149517,0.87870329131277236,True,0.38074836762319542
armA,IDN,Q177,negrecip,5.5756364911794662,0.5084040545754962,True,0.32881430535730438
armB,IDN,Q177,negrecip,10,1,True,0.60183547412625715
base,IDN,Q177,negrecip,9.051640745751989,0.89462674952799881,True,0.37556302517593326
base_fixed_USA,IDN,Q177,negrecip,9.274825983144984,0.91942510923833154,True,0.43343466974203126
persona,IDN,Q177,negrecip,9.3364149822509805,0.92626833136122011,True,0.45170169900537099
uniform,IDN,Q177,negrecip,5.5,0.5,True,0.33849955445055924
human,IDN,Q177,negrecip,7.6567079097014865,0.73963421218905401,True,0
adapter,IDN,Q178,risktaking,6.0039368665754829,0.55599298517505369,True,0.70763808003307416
adapter_persona,IDN,Q178,risktaking,5.020536938157182,0.44672632646190913,True,0.58770891402248893
armA,IDN,Q178,risktaking,5.3391783982515335,0.4821309331390593,True,0.43320084491240918
armB,IDN,Q178,risktaking,1,0,True,0.49174682304976031
base,IDN,Q178,risktaking,5.9943905335712824,0.55493228150792029,True,0.73821293642851837
base_fixed_USA,IDN,Q178,risktaking,5.9162516417148865,0.54625018241276513,True,0.73576063809672343
persona,IDN,Q178,risktaking,5.8743027065576321,0.54158918961751468,True,0.75625271438526265
uniform,IDN,Q178,risktaking,5.5,0.5,True,0.44910184467779524
human,IDN,Q178,risktaking,2.8020182863072254,0.20022425403413616,True,0
adapter,IDN,Q179,negrecip,9.9816927687589558,0.99796586319543956,True,0.22982964540550568
adapter_persona,IDN,Q179,negrecip,9.8341223484988323,0.98156914983320354,True,0.19692171199275951
armA,IDN,Q179,negrecip,5.5756364911794662,0.5084040545754962,True,0.66178344610524231
armB,IDN,Q179,negrecip,10,1,True,0.23404016609607198
base,IDN,Q179,negrecip,9.3965025858390394,0.93294473175989323,True,0.14254325839832729
base_fixed_USA,IDN,Q179,negrecip,9.4510912345383602,0.93901013717092896,True,0.14716460536075857
persona,IDN,Q179,negrecip,9.8153236319490187,0.97948040354989097,True,0.21337557348102298
uniform,IDN,Q179,negrecip,5.5,0.5,True,0.6659598339039281
human,IDN,Q179,negrecip,9.4171162344242685,0.93523513715825202,True,0
adapter,IDN,Q195,negrecip,4.700015022137249,0.41111278023747211,True,0.57970991445565567
adapter_persona,IDN,Q195,negrecip,3.1129817138592011,0.23477574598435569,True,0.16066730813101637
armA,IDN,Q195,negrecip,5.5756364911794662,0.5084040545754962,True,0.38430925904819896
armB,IDN,Q195,negrecip,10,1,True,0.92643895114014296
base,IDN,Q195,negrecip,5.5461014634387933,0.5051223848265326,True,0.67998001987198364
base_fixed_USA,IDN,Q195,negrecip,5.5195581846511379,0.50217313162790422,True,0.68103784895820429
persona,IDN,Q195,negrecip,5.8022519326149506,0.53358354806832786,True,0.64087521574175399
uniform,IDN,Q195,negrecip,5.5,0.5,True,0.37974181259826256
human,IDN,Q195,negrecip,3.4079200796499931,0.26754667551666589,True,0
adapter,IND,Q43,patience,2.5583933818554763,0.77919669092773813,True,0.22819025826690234
adapter_persona,IND,Q43,patience,2.8174061860520214,0.90870309302601071,True,0.27871869933514515
armA,IND,Q43,patience,1.9456335827708244,0.47281679138541222,True,0.27332938457349021
armB,IND,Q43,patience,1,0,True,0.70367833133184388
base,IND,Q43,patience,1.9720544194523646,0.4860272097261823,True,0.78596254578985691
base_fixed_USA,IND,Q43,patience,1.9654621002804156,0.48273105014020778,True,0.77979248252732369
persona,IND,Q43,patience,2.0846466207840324,0.5423233103920162,True,0.59654117944618923
uniform,IND,Q43,patience,2,0.5,True,0.24651584435628052
human,IND,Q43,patience,2.2835275090214577,0.64176375451072887,True,0
adapter,IND,Q50,patience,5.5087008322405424,0.50096675913783806,True,0.67449511492106129
adapter_persona,IND,Q50,patience,4.7707468688848937,0.41897187432054372,True,0.53903302106106021
armA,IND,Q50,patience,5.4456335827708235,0.49395928697453595,True,0.18723538168329878
armB,IND,Q50,patience,1,0,True,0.94101395965451684
base,IND,Q50,patience,6.3205390561708779,0.59117100624120866,True,0.63355828006732784
base_fixed_USA,IND,Q50,patience,6.3070745276425102,0.58967494751583449,True,0.6303267110260462
persona,IND,Q50,patience,5.8226119217008527,0.53584576907787251,True,0.64311723034978452
uniform,IND,Q50,patience,5.5,0.5,True,0.18160800578535299
human,IND,Q50,patience,6.4331630419378723,0.60368478243754131,True,0
adapter,IND,Q57,trust,0.00032503584523650009,0.00032503584523650009,True,0.171072746499704
adapter_persona,IND,Q57,trust,0.00037998455220553768,0.00037998455220553768,True,0.17101779779273496
armA,IND,Q57,trust,0.39800930768251419,0.39800930768251419,True,0.2266115253375737
armB,IND,Q57,trust,0,0,True,0.17139778234494049
base,IND,Q57,trust,0.26588047309981694,0.26588047309981694,True,0.094482690754876419
base_fixed_USA,IND,Q57,trust,0.24508501313237169,0.24508501313237169,True,0.073687230787431224
persona,IND,Q57,trust,0.010986942630593102,0.010986942630593102,True,0.16041083971434739
uniform,IND,Q57,trust,0.5,0.5,True,0.32860221765505948
human,IND,Q57,trust,0.17139778234494052,0.17139778234494052,True,0
adapter,IND,Q58,trust,2.6626257176167689,0.55420857253892297,True,0.81381498115821471
adapter_persona,IND,Q58,trust,2.5782032295401756,0.52606774318005856,True,0.82734138050755512
armA,IND,Q58,trust,2.3980093076825133,0.46600310256083777,True,0.65846170419780681
armB,IND,Q58,trust,1,0,True,0.99015510694054165
base,IND,Q58,trust,3.4824117207947269,0.82747057359824228,True,0.42130065154249108
base_fixed_USA,IND,Q58,trust,3.4583392679043596,0.81944642263478651,True,0.44432074325821497
persona,IND,Q58,trust,3.8137758290903854,0.93792527636346179,True,0.098563219380757724
uniform,IND,Q58,trust,2.5,0.5,True,0.62869069144765288
human,IND,Q58,trust,3.8310628346950932,0.94368761156503111,True,0
adapter,IND,Q59,trust,2.2639192634598935,0.42130642115329781,True,0.51612776543247985
adapter_persona,IND,Q59,trust,2.2677152744357527,0.42257175814525089,True,0.38251078590047649
armA,IND,Q59,trust,2.3980093076825133,0.46600310256083777,True,0.33721218848368345
armB,IND,Q59,trust,1,0,True,0.92588448048843874
base,IND,Q59,trust,2.9832703265110219,0.66109010883700725,True,0.41125190545856805
base_fixed_USA,IND,Q59,trust,2.983595522284181,0.6611985074280603,True,0.41474987817641223
persona,IND,Q59,trust,2.9907180209554953,0.66357267365183181,True,0.33909658813208016
uniform,IND,Q59,trust,2.5,0.5,True,0.29642952302865988
human,IND,Q59,trust,3.0270081194504539,0.6756693731501513,True,0
adapter,IND,Q60,trust,2.5606675033547273,0.52022250111824242,True,0.31778836147472489
adapter_persona,IND,Q60,trust,2.2905722087326779,0.43019073624422594,True,0.31532295768498286
armA,IND,Q60,trust,2.3980093076825133,0.46600310256083777,True,0.30447880377530917
armB,IND,Q60,trust,1,0,True,0.94884579629101429
base,IND,Q60,trust,3.1813854330712408,0.72712847769041355,True,0.35121705952989585
base_fixed_USA,IND,Q60,trust,3.1939495615702511,0.731316520523417,True,0.33923817025389119
persona,IND,Q60,trust,3.1277480648169576,0.70924935493898589,True,0.34133739248433054
uniform,IND,Q60,trust,2.5,0.5,True,0.2636961383202856
human,IND,Q60,trust,3.022335421867548,0.67411180728918263,True,0
adapter,IND,Q61,trust,2.0781561300162315,0.35938537667207715,True,0.55240041778234761
adapter_persona,IND,Q61,trust,1.9589080687395546,0.31963602291318488,True,0.22329237405683344
armA,IND,Q61,trust,2.3980093076825133,0.46600310256083777,True,0.1236023664312175
armB,IND,Q61,trust,1,0,True,0.67737240347920635
base,IND,Q61,trust,2.8851287746917778,0.62837625823059262,True,0.63118456276263823
base_fixed_USA,IND,Q61,trust,2.8862271848811716,0.62874239496039053,True,0.633222542898075
persona,IND,Q61,trust,2.3765444905091311,0.45884816350304369,True,0.40370597911274853
uniform,IND,Q61,trust,2.5,0.5,True,0.16153946260229093
human,IND,Q61,trust,2.1124595616955446,0.37081985389851485,True,0
adapter,IND,Q62,trust,2.2667993928227999,0.42226646427426662,True,0.35997236793962295
adapter_persona,IND,Q62,trust,1.9177288568819097,0.30590961896063656,True,0.33309524098358995
armA,IND,Q62,trust,2.3980093076825133,0.46600310256083777,True,0.18639395131090086
armB,IND,Q62,trust,1,0,True,0.82363794423606307
base,IND,Q62,trust,2.9828848533647601,0.66096161778825335,True,0.52513178543181338
base_fixed_USA,IND,Q62,trust,2.9830138094600915,0.66100460315336385,True,0.5312135981453302
persona,IND,Q62,trust,2.9315937355308432,0.64386457851028112,True,0.432147657249494
uniform,IND,Q62,trust,2.5,0.5,True,0.17538229860603111
human,IND,Q62,trust,2.5458239117574166,0.51527463725247225,True,0
adapter,IND,Q63,trust,2.3040456720306262,0.4346818906768754,True,0.37291025569081881
adapter_persona,IND,Q63,trust,2.0903126778192607,0.36343755927308691,True,0.14731908857788809
armA,IND,Q63,trust,2.3980093076825133,0.46600310256083777,True,0.11891858357758395
armB,IND,Q63,trust,1,0,True,0.68810371875780107
base,IND,Q63,trust,2.9781201320889199,0.6593733773629733,True,0.65920377748121206
base_fixed_USA,IND,Q63,trust,2.9708565747832969,0.6569521915944323,True,0.65459200099297399
persona,IND,Q63,trust,2.8625505422430311,0.62085018074767706,True,0.51144639880472553
uniform,IND,Q63,trust,2.5,0.5,True,0.14868959632773776
human,IND,Q63,trust,2.1586612230414519,0.38622040768048399,True,0
adapter,IND,Q64,trust,2.0279388247413896,0.34264627491379657,True,0.78475522459478353
adapter_persona,IND,Q64,trust,1.6808206632342313,0.2269402210780771,True,0.76889680825635187
armA,IND,Q64,trust,2.3980093076825133,0.46600310256083777,True,0.50247880845766224
armB,IND,Q64,trust,1,0,True,0.95951708616233722
base,IND,Q64,trust,2.7263790113469155,0.57545967044897184,True,0.62560209323302585
base_fixed_USA,IND,Q64,trust,2.7121755996547465,0.57072519988491555,True,0.62350788877809604
persona,IND,Q64,trust,2.4279164553372934,0.4759721517790978,True,0.48875016842824037
uniform,IND,Q64,trust,2.5,0.5,True,0.47270779570750848
human,IND,Q64,trust,3.5790535813687518,0.85968452712291732,True,0
adapter,IND,Q69,trust,2.0994753118633165,0.36649177062110549,True,0.68366537995679177
adapter_persona,IND,Q69,trust,1.971811801166713,0.32393726705557097,True,0.58468489365325516
armA,IND,Q69,trust,2.3980093076825133,0.46600310256083777,True,0.20896736785284487
armB,IND,Q69,trust,1,0,True,0.86969472927843916
base,IND,Q69,trust,2.8205259386540593,0.60684197955135311,True,0.41103588743047953
base_fixed_USA,IND,Q69,trust,2.8239255680105337,0.60797518933684458,True,0.41746556494137949
persona,IND,Q69,trust,2.2302953226448623,0.41009844088162078,True,0.53892547037580996
uniform,IND,Q69,trust,2.5,0.5,True,0.16818470239782127
human,IND,Q69,trust,2.8852674709633304,0.62842249032111008,True,0
adapter,IND,Q70,trust,2.0818988067035002,0.36063293556783343,True,0.73412642934280681
adapter_persona,IND,Q70,trust,1.950188713075226,0.31672957102507532,True,0.65374966337685581
armA,IND,Q70,trust,2.3980093076825133,0.46600310256083777,True,0.28638030754582944
armB,IND,Q70,trust,1,0,True,0.90776684262528706
base,IND,Q70,trust,2.7866415517141689,0.59554718390472294,True,0.44847918910972534
base_fixed_USA,IND,Q70,trust,2.8090073137919416,0.60300243793064723,True,0.44938373626367661
persona,IND,Q70,trust,2.2663669861307496,0.42212232871024985,True,0.52254229503945715
uniform,IND,Q70,trust,2.5,0.5,True,0.24559764209080587
human,IND,Q70,trust,3.0582532325316891,0.68608441084389638,True,0
adapter,IND,Q71,trust,2.0008747487876093,0.33362491626253643,True,0.75793232861450588
adapter_persona,IND,Q71,trust,1.9631969078517129,0.32106563595057097,True,0.58201455979328909
armA,IND,Q71,trust,2.3980093076825133,0.46600310256083777,True,0.1922314248262369
armB,IND,Q71,trust,1,0,True,0.85741392989309073
base,IND,Q71,trust,2.2931154250837391,0.43103847502791304,True,0.4972370741313179
base_fixed_USA,IND,Q71,trust,2.2980648346585788,0.43268827821952627,True,0.49074485400566864
persona,IND,Q71,trust,2.1863119870550443,0.3954373290183481,True,0.59030800722190802
uniform,IND,Q71,trust,2.5,0.5,True,0.15144875937121327
human,IND,Q71,trust,2.7848971240458651,0.59496570801528836,True,0
adapter,IND,Q73,trust,2.0123619626783307,0.33745398755944356,True,0.77929783395179852
adapter_persona,IND,Q73,trust,1.9566011839321997,0.31886706131073322,True,0.63298156134693506
armA,IND,Q73,trust,2.3980093076825133,0.46600310256083777,True,0.27885387911407422
armB,IND,Q73,trust,1,0,True,0.89286690260707524
base,IND,Q73,trust,2.5145573184215806,0.50485243947386016,True,0.43411754236513345
base_fixed_USA,IND,Q73,trust,2.4940816124279097,0.49802720414263657,True,0.43508540110956467
persona,IND,Q73,trust,2.2471606255738874,0.41572020852462915,True,0.54642694453893548
uniform,IND,Q73,trust,2.5,0.5,True,0.2380712136590506
human,IND,Q73,trust,2.9938041495421306,0.66460138318071016,True,0
adapter,IND,Q81,posrecip,2.160906907877171,0.38696896929239033,True,0.66703875833244886
adapter_persona,IND,Q81,posrecip,2.1993128128274049,0.39977093760913496,True,0.4930671939207707
armA,IND,Q81,posrecip,2.2730852067470551,0.42436173558235168,True,0.33247271209466256
armB,IND,Q81,posrecip,1,0,True,0.89023618960628337
base,IND,Q81,posrecip,2.9379301600301284,0.6459767200100428,True,0.4081691267515985
base_fixed_USA,IND,Q81,posrecip,2.933953426269869,0.64465114208995633,True,0.39543220356346925
persona,IND,Q81,posrecip,2.8167383857391837,0.60557946191306122,True,0.3346664566733536
uniform,IND,Q81,posrecip,2.5,0.5,True,0.24185809733101282
human,IND,Q81,posrecip,2.9809225451490291,0.66030751504967633,True,0
adapter,IND,Q99,altruism,0.023890912843073899,0.01194545642153695,True,0.2972780533105493
adapter_persona,IND,Q99,altruism,0.38615325701670583,0.19307662850835292,True,0.066002866355915513
armA,IND,Q99,altruism,0.8661891222000121,0.43309456110000605,True,0.27845319090311937
armB,IND,Q99,altruism,0,0,True,0.31906230300551125
base,IND,Q99,altruism,1.3304804228972185,0.66524021144860923,True,0.45090258494447527
base_fixed_USA,IND,Q99,altruism,1.2792851299000041,0.63964256495000205,True,0.43090625048928494
persona,IND,Q99,altruism,0.41232112502177459,0.2061605625108873,True,0.075069968747172838
uniform,IND,Q99,altruism,1,0.5,True,0.34760436366115544
human,IND,Q99,altruism,0.43935063288833082,0.21967531644416541,True,0
adapter,IND,Q101,altruism,0.024582878936606906,0.012291439468303453,True,0.29045236393717994
adapter_persona,IND,Q101,altruism,0.45734298444497901,0.2286714922224895,True,0.036814297490817757
armA,IND,Q101,altruism,0.8661891222000121,0.43309456110000605,True,0.28430873649888372
armB,IND,Q101,altruism,0,0,True,0.31320675740974685
base,IND,Q101,altruism,1.2246439946807794,0.61232199734038972,True,0.43653996692105956
base_fixed_USA,IND,Q101,altruism,1.2169858475220729,0.60849292376103647,True,0.43688036287608334
persona,IND,Q101,altruism,0.8166900792741939,0.40834503963709695,True,0.29235660234831778
uniform,IND,Q101,altruism,1,0.5,True,0.35345990925691978
human,IND,Q101,altruism,0.42584066610014276,0.21292033305007138,True,0
adapter,IND,Q103,altruism,0.013986056130368501,0.0069930280651842504,True,0.40723741812583758
adapter_persona,IND,Q103,altruism,0.32223760337302576,0.16111880168651288,True,0.19657845562676177
armA,IND,Q103,altruism,0.8661891222000121,0.43309456110000605,True,0.17920301023105195
armB,IND,Q103,altruism,0,0,True,0.41831248367757862
base,IND,Q103,altruism,0.65825133364359478,0.32912566682179739,True,0.038299948211379511
base_fixed_USA,IND,Q103,altruism,0.64442636526289543,0.32221318263144771,True,0.044675732440980859
persona,IND,Q103,altruism,0.44605096001267558,0.22302548000633779,True,0.10808597792949924
uniform,IND,Q103,altruism,1,0.5,True,0.24835418298908801
human,IND,Q103,altruism,0.65589361044651839,0.3279468052232592,True,0
adapter,IND,Q106,risktaking,5.7088401221938376,0.52320445802153748,True,0.71061435717194466
adapter_persona,IND,Q106,risktaking,5.734433682853787,0.52604818698375411,True,0.45974101037803899
armA,IND,Q106,risktaking,5.3623763024806976,0.48470847805341083,True,0.28810663091496719
armB,IND,Q106,risktaking,1,0,True,0.91042166960524185
base,IND,Q106,risktaking,5.3953451262379879,0.48837168069310977,True,0.73785225729617154
base_fixed_USA,IND,Q106,risktaking,5.406422350591277,0.48960248339903079,True,0.73578588429326797
persona,IND,Q106,risktaking,5.4972712443811345,0.49969680493123714,True,0.69296878514970617
uniform,IND,Q106,risktaking,5.5,0.5,True,0.27078604251560928
human,IND,Q106,risktaking,7.1436723429750009,0.68263026033055563,True,0
adapter,IND,Q107,risktaking,6.9101340146039796,0.65668155717821997,True,0.45237870762677312
adapter_persona,IND,Q107,risktaking,6.3334662831681587,0.59260736479646203,True,0.33351775135854322
armA,IND,Q107,risktaking,5.3623763024806976,0.48470847805341083,True,0.20963855172061371
armB,IND,Q107,risktaking,1,0,True,0.8855362028411784
base,IND,Q107,risktaking,5.6201549906246182,0.51335055451384648,True,0.43664305945962623
base_fixed_USA,IND,Q107,risktaking,5.6359970598218077,0.51511078442464531,True,0.43332497615516813
persona,IND,Q107,risktaking,5.5126164597711975,0.5014018288634664,True,0.45235889911375748
uniform,IND,Q107,risktaking,5.5,0.5,True,0.20649816271953725
human,IND,Q107,risktaking,6.4323510601923921,0.60359456224359909,True,0
adapter,IND,Q109,risktaking,5.570723804428396,0.507858200492044,True,0.61318750493259222
adapter_persona,IND,Q109,risktaking,5.7937739001176585,0.53264154445751766,True,0.40239861432469615
armA,IND,Q109,risktaking,5.3623763024806976,0.48470847805341083,True,0.1538752376562168
armB,IND,Q109,risktaking,1,0,True,0.80498472695614243
base,IND,Q109,risktaking,5.1869282284209106,0.46521424760232338,True,0.59946505480734136
base_fixed_USA,IND,Q109,risktaking,5.2018321541790646,0.46687023935322941,True,0.6003332906185902
persona,IND,Q109,risktaking,5.2560277212495894,0.47289196902773217,True,0.52623037035195275
uniform,IND,Q109,risktaking,5.5,0.5,True,0.14978999637116011
human,IND,Q109,risktaking,5.1065020164382613,0.45627800182647349,True,0
adapter,IND,Q174,posrecip,0.009196552423046702,0.009196552423046702,True,0.29026180144688929
adapter_persona,IND,Q174,posrecip,0.11279540628289324,0.11279540628289324,True,0.1866629475870428
armA,IND,Q174,posrecip,0.27308520674705505,0.27308520674705505,True,0.026373147122880969
armB,IND,Q174,posrecip,0,0,True,0.29945835386993602
base,IND,Q174,posrecip,0.0068504800266449006,0.0068504800266449006,True,0.29260787384329112
base_fixed_USA,IND,Q174,posrecip,0.0062899021368924002,0.0062899021368924002,True,0.29316845173304362
persona,IND,Q174,posrecip,0.044680870272650199,0.044680870272650199,True,0.2547774835972858
uniform,IND,Q174,posrecip,0.5,0.5,True,0.20054164613006398
human,IND,Q174,posrecip,0.29945835386993602,0.29945835386993602,True,0
adapter,IND,Q176,negrecip,5.5924301508920982,0.51027001676578865,True,0.58964463364686748
adapter_persona,IND,Q176,negrecip,5.7639053369171442,0.52932281521301605,True,0.31260010319518222
armA,IND,Q176,negrecip,5.5355992168188086,0.50395546853542317,True,0.25236073905100659
armB,IND,Q176,negrecip,10,1,True,0.7602679858550534
base,IND,Q176,negrecip,5.5936113303747339,0.51040125893052601,True,0.58774000796854109
base_fixed_USA,IND,Q176,negrecip,5.5807928879954485,0.50897698755504983,True,0.58813325930688087
persona,IND,Q176,negrecip,5.6204708781863184,0.51338565313181317,True,0.47752447189560854
uniform,IND,Q176,negrecip,5.5,0.5,True,0.25624053711929751
human,IND,Q176,negrecip,6.9897019813185146,0.66552244236872382,True,0
adapter,IND,Q177,negrecip,9.980862459742081,0.99787360663800895,True,0.45479351027024068
adapter_persona,IND,Q177,negrecip,9.1109020907227638,0.9012113434136404,True,0.30055659534017548
armA,IND,Q177,negrecip,5.5355992168188095,0.50395546853542328,True,0.46137406811426024
armB,IND,Q177,negrecip,10,1,True,0.45828761645465038
base,IND,Q177,negrecip,9.051640745751989,0.89462674952799881,True,0.23739422427313528
base_fixed_USA,IND,Q177,negrecip,9.274825983144984,0.91942510923833154,True,0.28988681207042444
persona,IND,Q177,negrecip,9.1204296881794331,0.90226996535327031,True,0.27362692754785756
uniform,IND,Q177,negrecip,5.5,0.5,True,0.46484103189928599
human,IND,Q177,negrecip,8.345741952996768,0.81619355033297425,True,0
adapter,IND,Q178,risktaking,2.587001179195302,0.17633346435503355,True,0.22351429956766847
adapter_persona,IND,Q178,risktaking,4.1253024907693909,0.34725583230771012,True,0.43663916338218206
armA,IND,Q178,risktaking,5.3623763024806976,0.48470847805341083,True,0.50554605985592949
armB,IND,Q178,risktaking,1,0,True,0.40296605605783825
base,IND,Q178,risktaking,5.9943905335712824,0.55493228150792029,True,0.74787337165241707
base_fixed_USA,IND,Q178,risktaking,5.9162516417148865,0.54625018241276513,True,0.74542107332062224
persona,IND,Q178,risktaking,6.0737078203293935,0.56374531336993261,True,0.77124705129855997
uniform,IND,Q178,risktaking,5.5,0.5,True,0.51911536662637625
human,IND,Q178,risktaking,2.27022359230472,0.14113595470052445,True,0
adapter,IND,Q179,negrecip,9.9679006490510123,0.9964334054501125,True,0.27053250202960383
adapter_persona,IND,Q179,negrecip,9.7314050171372255,0.97015611301524729,True,0.2115252532404405
armA,IND,Q179,negrecip,5.5355992168188095,0.50395546853542328,True,0.62098215395715817
armB,IND,Q179,negrecip,10,1,True,0.27706486474555608
base,IND,Q179,negrecip,9.3965025858390394,0.93294473175989323,True,0.16214938171864188
base_fixed_USA,IND,Q179,negrecip,9.4510912345383602,0.93901013717092896,True,0.16788756818635023
persona,IND,Q179,negrecip,9.6248992960753093,0.95832214400836768,True,0.23414754037084573
uniform,IND,Q179,negrecip,5.5,0.5,True,0.62442843443284723
human,IND,Q179,negrecip,9.1436880840924548,0.90485423156582834,True,0
adapter,IND,Q195,negrecip,5.0039785543392155,0.44488650603769059,True,0.63312719203278989
adapter_persona,IND,Q195,negrecip,2.9469061069578473,0.21632290077309413,True,0.18298326714427277
armA,IND,Q195,negrecip,5.5355992168188086,0.50395546853542317,True,0.3269937421845186
armB,IND,Q195,negrecip,10,1,True,0.94247033356858534
base,IND,Q195,negrecip,5.5461014634387933,0.5051223848265326,True,0.6149940937117967
base_fixed_USA,IND,Q195,negrecip,5.5195581846511379,0.50217313162790422,True,0.61273094693565544
persona,IND,Q195,negrecip,5.6792047906781091,0.51991164340867879,True,0.53273470271350409
uniform,IND,Q195,negrecip,5.5,0.5,True,0.32483991392114686
human,IND,Q195,negrecip,3.835086541183462,0.31500961568705133,True,0
adapter,JPN,Q43,patience,2.0734978678178857,0.53674893390894285,True,0.55211235969546069
adapter_persona,JPN,Q43,patience,2.282371629657427,0.64118581482871351,True,0.25977614100432678
armA,JPN,Q43,patience,2.0542062930762768,0.52710314653813839,True,0.20956088207858001
armB,JPN,Q43,patience,3,1,True,0.42963514519731938
base,JPN,Q43,patience,1.9772230264275823,0.48861151321379115,True,0.60011007328282406
base_fixed_USA,JPN,Q43,patience,1.9654621002804156,0.48273105014020778,True,0.57897532194766255
persona,JPN,Q43,patience,1.9891154474423949,0.49455772372119744,True,0.50097414237532578
uniform,JPN,Q43,patience,2,0.5,True,0.23703152146934725
human,JPN,Q43,patience,2.4653760238272526,0.73268801191362631,True,0
adapter,JPN,Q50,patience,5.8051566408540358,0.53390629342822615,True,0.59801228773138282
adapter_persona,JPN,Q50,patience,6.0819171596128285,0.56465746217920321,True,0.22369624373491373
armA,JPN,Q50,patience,5.5542062930762768,0.50602292145291961,True,0.2406629239928286
armB,JPN,Q50,patience,10,1,True,0.946524064171123
base,JPN,Q50,patience,6.2781176192182144,0.58645751324646822,True,0.58309610740747797
base_fixed_USA,JPN,Q50,patience,6.3070745276425102,0.58967494751583449,True,0.58930052567390723
persona,JPN,Q50,patience,6.5833553042977924,0.62037281158864355,True,0.59651462080904782
uniform,JPN,Q50,patience,5.5,0.5,True,0.24323911382734911
human,JPN,Q50,patience,6.0863254392666155,0.56514727102962392,True,0
adapter,JPN,Q57,trust,0.00055277863692350013,0.00055277863692350013,True,0.35541911831857997
adapter_persona,JPN,Q57,trust,0.002182716079730401,0.002182716079730401,True,0.35378918087577305
armA,JPN,Q57,trust,0.24063503742218012,0.24063503742218012,True,0.11533685953332334
armB,JPN,Q57,trust,0,0,True,0.35597189695550346
base,JPN,Q57,trust,0.2689414213699951,0.2689414213699951,True,0.087030475585508388
base_fixed_USA,JPN,Q57,trust,0.24508501313237169,0.24508501313237169,True,0.11088688382313178
persona,JPN,Q57,trust,0.20181322226037879,0.20181322226037879,True,0.1541586746951247
uniform,JPN,Q57,trust,0.5,0.5,True,0.14402810304449651
human,JPN,Q57,trust,0.35597189695550352,0.35597189695550352,True,0
adapter,JPN,Q58,trust,3.0082594429423057,0.66941981431410191,True,0.60467191932308406
adapter_persona,JPN,Q58,trust,3.0151326923588058,0.67171089745293522,True,0.54971054108188167
armA,JPN,Q58,trust,2.2406350374221802,0.41354501247406006,True,0.59152522832449883
armB,JPN,Q58,trust,1,0,True,0.99775112443778113
base,JPN,Q58,trust,3.458967312914293,0.81965577097143105,True,0.2528694962428395
base_fixed_USA,JPN,Q58,trust,3.4583392679043596,0.81944642263478651,True,0.25273464433934989
persona,JPN,Q58,trust,3.7968870369774881,0.93229567899249599,True,0.084779867790371471
uniform,JPN,Q58,trust,2.5,0.5,True,0.48800599700149927
human,JPN,Q58,trust,3.6986506746626686,0.8995502248875562,True,0
adapter,JPN,Q59,trust,2.6994901846751356,0.56649672822504515,True,0.08696258412594883
adapter_persona,JPN,Q59,trust,2.8412866200961786,0.61376220669872616,True,0.19711260035567549
armA,JPN,Q59,trust,2.2406350374221802,0.41354501247406006,True,0.4239810084600959
armB,JPN,Q59,trust,1,0,True,0.95617529880478092
base,JPN,Q59,trust,2.983595522284181,0.6611985074280603,True,0.30250122152669673
base_fixed_USA,JPN,Q59,trust,2.983595522284181,0.6611985074280603,True,0.30250122152669673
persona,JPN,Q59,trust,3.1521829436808124,0.71739431456027081,True,0.34304466555230517
uniform,JPN,Q59,trust,2.5,0.5,True,0.41314741035856573
human,JPN,Q59,trust,2.6462151394422309,0.54873837981407692,True,0
adapter,JPN,Q60,trust,2.9111059662852954,0.6370353220950985,True,0.11384287981792016
adapter_persona,JPN,Q60,trust,2.7291041676461187,0.57636805588203954,True,0.11880053464362091
armA,JPN,Q60,trust,2.2406350374221802,0.41354501247406006,True,0.51592531142320697
armB,JPN,Q60,trust,1,0,True,0.98472116119174946
base,JPN,Q60,trust,3.1744187249712632,0.72480624165708774,True,0.12870734434971362
base_fixed_USA,JPN,Q60,trust,3.1939495615702511,0.731316520523417,True,0.12889594944921526
persona,JPN,Q60,trust,3.1216797322856689,0.70722657742855632,True,0.12545554531747372
uniform,JPN,Q60,trust,2.5,0.5,True,0.48491214667685262
human,JPN,Q60,trust,2.9793735676088615,0.65979118920295388,True,0
adapter,JPN,Q61,trust,2.437173881019687,0.47905796033989567,True,0.30853492119692921
adapter_persona,JPN,Q61,trust,2.4973747359402316,0.49912491198007719,True,0.44632120893982413
armA,JPN,Q61,trust,2.2406350374221802,0.41354501247406006,True,0.33585334011934398
armB,JPN,Q61,trust,1,0,True,0.73583180987202934
base,JPN,Q61,trust,2.8862271848811725,0.62874239496039086,True,0.75115364041445887
base_fixed_USA,JPN,Q61,trust,2.8862271848811716,0.62874239496039053,True,0.75115364041445865
persona,JPN,Q61,trust,2.7605388028600255,0.58684626762000847,True,0.62480995538649364
uniform,JPN,Q61,trust,2.5,0.5,True,0.37020109689213893
human,JPN,Q61,trust,1.8674588665447898,0.28915295551492992,True,0
adapter,JPN,Q62,trust,2.8867641884434718,0.62892139614782394,True,0.66244037955507395
adapter_persona,JPN,Q62,trust,2.5585278577244135,0.51950928590813783,True,0.44534512391987374
armA,JPN,Q62,trust,2.2406350374221802,0.41354501247406006,True,0.24434827839149537
armB,JPN,Q62,trust,1,0,True,0.73002421307506049
base,JPN,Q62,trust,2.9833965110535146,0.66113217035117156,True,0.75493188303346537
base_fixed_USA,JPN,Q62,trust,2.9830138094600915,0.66100460315336385,True,0.75474463634027078
persona,JPN,Q62,trust,2.9792201244691676,0.65974004148972254,True,0.72872973099235017
uniform,JPN,Q62,trust,2.5,0.5,True,0.28450363196125905
human,JPN,Q62,trust,1.9491525423728813,0.31638418079096042,True,0
adapter,JPN,Q63,trust,2.8285621769802898,0.60952072566009663,True,0.55419881349021516
adapter_persona,JPN,Q63,trust,2.6699710872731401,0.55665702909104675,True,0.46520920573340319
armA,JPN,Q63,trust,2.2406350374221802,0.41354501247406006,True,0.34355643082436288
armB,JPN,Q63,trust,1,0,True,0.8363858363858363
base,JPN,Q63,trust,2.9770270168155579,0.65900900560518594,True,0.69052049630305901
base_fixed_USA,JPN,Q63,trust,2.9708565747832969,0.6569521915944323,True,0.68459799248361142
persona,JPN,Q63,trust,2.9829377214403592,0.66097924048011969,True,0.67506325215385821
uniform,JPN,Q63,trust,2.5,0.5,True,0.33272283272283271
human,JPN,Q63,trust,2.1025641025641026,0.36752136752136755,True,0
adapter,JPN,Q64,trust,2.2619341190319506,0.42064470634398354,True,0.39450631246436996
adapter_persona,JPN,Q64,trust,2.1625440072993496,0.38751466909978322,True,0.26085906365800171
armA,JPN,Q64,trust,2.2406350374221802,0.41354501247406006,True,0.30731410201033382
armB,JPN,Q64,trust,1,0,True,0.55000000000000004
base,JPN,Q64,trust,2.7190908498138544,0.5730302832712848,True,0.55438320106026551
base_fixed_USA,JPN,Q64,trust,2.7121755996547465,0.57072519988491555,True,0.55179444414513557
persona,JPN,Q64,trust,2.2925429725534991,0.43084765751783305,True,0.38278225194311011
uniform,JPN,Q64,trust,2.5,0.5,True,0.41083333333333327
human,JPN,Q64,trust,1.6533333333333333,0.21777777777777776,True,0
adapter,JPN,Q69,trust,2.3150951208120722,0.43836504027069073,True,0.53020156863444923
adapter_persona,JPN,Q69,trust,2.5680399848667266,0.52267999495557549,True,0.27367147815155102
armA,JPN,Q69,trust,2.2406350374221802,0.41354501247406006,True,0.42491186006485016
armB,JPN,Q69,trust,1,0,True,0.97697620874904068
base,JPN,Q69,trust,2.8239255680105337,0.60797518933684458,True,0.13547448056590294
base_fixed_USA,JPN,Q69,trust,2.8239255680105337,0.60797518933684458,True,0.13547448056590294
persona,JPN,Q69,trust,3.1358265944285284,0.71194219814284276,True,0.088884554243982117
uniform,JPN,Q69,trust,2.5,0.5,True,0.39389869531849575
human,JPN,Q69,trust,2.9662317728319265,0.65541059094397547,True,0
adapter,JPN,Q70,trust,2.3090201430339143,0.43634004767797147,True,0.56971400676161088
adapter_persona,JPN,Q70,trust,2.3751616703768086,0.45838722345893618,True,0.4613667652284707
armA,JPN,Q70,trust,2.2406350374221802,0.41354501247406006,True,0.45903871184248002
armB,JPN,Q70,trust,1,0,True,0.97889610389610393
base,JPN,Q70,trust,2.7842146278064543,0.59473820926881815,True,0.1783188371546269
base_fixed_USA,JPN,Q70,trust,2.8090073137919416,0.60300243793064723,True,0.17709949341103035
persona,JPN,Q70,trust,2.8663790356746586,0.62212634522488619,True,0.093063988530948993
uniform,JPN,Q70,trust,2.5,0.5,True,0.4017857142857143
human,JPN,Q70,trust,3.0381493506493507,0.67938311688311692,True,0
adapter,JPN,Q71,trust,2.0659680779070859,0.35532269263569533,True,0.46148649632686461
adapter_persona,JPN,Q71,trust,2.3366828122181476,0.44556093740604918,True,0.11017155877774923
armA,JPN,Q71,trust,2.2406350374221802,0.41354501247406006,True,0.3668271620596959
armB,JPN,Q71,trust,1,0,True,0.89058728881737736
base,JPN,Q71,trust,2.2989848745952024,0.43299495819840078,True,0.24024486710674045
base_fixed_USA,JPN,Q71,trust,2.2980648346585788,0.43268827821952627,True,0.23975105429423957
persona,JPN,Q71,trust,2.5419769176525144,0.51399230588417144,True,0.11516004327894888
uniform,JPN,Q71,trust,2.5,0.5,True,0.35599356395816573
human,JPN,Q71,trust,2.3588093322606598,0.4529364440868866,True,0
adapter,JPN,Q73,trust,2.1504655377422028,0.3834885125807343,True,0.30303608586511666
adapter_persona,JPN,Q73,trust,2.3369907459330719,0.44566358197769063,True,0.036622816942517192
armA,JPN,Q73,trust,2.2406350374221802,0.41354501247406006,True,0.35806728926585718
armB,JPN,Q73,trust,1,0,True,0.86870355078447559
base,JPN,Q73,trust,2.5257526779952375,0.50858422599841246,True,0.16093765291831344
base_fixed_USA,JPN,Q73,trust,2.4940816124279097,0.49802720414263657,True,0.13030080589449239
persona,JPN,Q73,trust,2.536521149112505,0.51217371637083497,True,0.18356280029365712
uniform,JPN,Q73,trust,2.5,0.5,True,0.34723369116432701
human,JPN,Q73,trust,2.2378199834847234,0.41260666116157446,True,0
adapter,JPN,Q81,posrecip,2.516607564250994,0.50553585475033136,True,0.14059122220726
adapter_persona,JPN,Q81,posrecip,2.6885721261169575,0.56285737537231917,True,0.2309259266818538
armA,JPN,Q81,posrecip,2.381489060819149,0.46049635360638302,True,0.34309393248809472
armB,JPN,Q81,posrecip,1,0,True,0.86960690316395017
base,JPN,Q81,posrecip,2.9243805538575098,0.64146018461916998,True,0.45394250539832792
base_fixed_USA,JPN,Q81,posrecip,2.933953426269869,0.64465114208995633,True,0.4552807820030787
persona,JPN,Q81,posrecip,3.0323949314978105,0.67746497716593679,True,0.46183322742397354
uniform,JPN,Q81,posrecip,2.5,0.5,True,0.34084372003835095
human,JPN,Q81,posrecip,2.304889741131352,0.43496324704378403,True,0
adapter,JPN,Q99,altruism,0.32903603739635945,0.16451801869817972,True,0.20979678271343527
adapter_persona,JPN,Q99,altruism,1.1215145724553366,0.56075728622766829,True,0.73151284758182711
armA,JPN,Q99,altruism,0.87947942316532113,0.43973971158266056,True,0.5903641981798663
armB,JPN,Q99,altruism,0,0,True,0.014221556886227525
base,JPN,Q99,altruism,1.3267352684482283,0.66336763422411416,True,0.75220846739303959
base_fixed_USA,JPN,Q99,altruism,1.2792851299000041,0.63964256495000205,True,0.73574699660856857
persona,JPN,Q99,altruism,0.32973451426109857,0.16486725713054928,True,0.28039393041553129
uniform,JPN,Q99,altruism,1,0.5,True,0.65244510978043913
human,JPN,Q99,altruism,0.017964071856287425,0.0089820359281437123,True,0
adapter,JPN,Q101,altruism,0.28405234587199946,0.14202617293599973,True,0.19520478478402739
adapter_persona,JPN,Q101,altruism,1.1378532738031037,0.56892663690155187,True,0.71588936772008516
armA,JPN,Q101,altruism,0.87947942316532113,0.43973971158266056,True,0.57165162332956687
armB,JPN,Q101,altruism,0,0,True,0.032934131736526935
base,JPN,Q101,altruism,1.22445469264022,0.61222734632011,True,0.70855076581021303
base_fixed_USA,JPN,Q101,altruism,1.2169858475220729,0.60849292376103647,True,0.71715298854930332
persona,JPN,Q101,altruism,0.57377777402512331,0.28688888701256166,True,0.43633691502754057
uniform,JPN,Q101,altruism,1,0.5,True,0.6337325349301397
human,JPN,Q101,altruism,0.044910179640718563,0.022455089820359281,True,0
adapter,JPN,Q103,altruism,0.09720500349641209,0.048602501748206045,True,0.040196320935868224
adapter_persona,JPN,Q103,altruism,1.0053552768868239,0.50267763844341196,True,0.62020280976574271
armA,JPN,Q103,altruism,0.87947942316532113,0.43973971158266056,True,0.56485562013356005
armB,JPN,Q103,altruism,0,0,True,0.039730134932533745
base,JPN,Q103,altruism,0.64442636526289543,0.32221318263144771,True,0.350510859932743
base_fixed_USA,JPN,Q103,altruism,0.64442636526289543,0.32221318263144771,True,0.350510859932743
persona,JPN,Q103,altruism,0.24329887794722355,0.12164943897361177,True,0.14447258635559868
uniform,JPN,Q103,altruism,1,0.5,True,0.62693653173413288
human,JPN,Q103,altruism,0.060719640179910044,0.030359820089955022,True,0
adapter,JPN,Q106,risktaking,5.5075255257003608,0.50083616952226229,True,0.39681249159731313
adapter_persona,JPN,Q106,risktaking,5.8425051117718425,0.53805612353020471,True,0.20020908655802652
armA,JPN,Q106,risktaking,5.3220808506011945,0.48023120562235494,True,0.29497296681173674
armB,JPN,Q106,risktaking,1,0,True,0.93813625685199697
base,JPN,Q106,risktaking,5.4266832344593849,0.49185369271770946,True,0.38459147410749739
base_fixed_USA,JPN,Q106,risktaking,5.406422350591277,0.48960248339903079,True,0.38487205035715127
persona,JPN,Q106,risktaking,5.5181715529180186,0.50201906143533537,True,0.33075498693559219
uniform,JPN,Q106,risktaking,5.5,0.5,True,0.29122944400939704
human,JPN,Q106,risktaking,5.3563038371182463,0.48403375967980516,True,0
adapter,JPN,Q107,risktaking,6.8755980040423328,0.65284422267137032,True,0.6904920464065093
adapter_persona,JPN,Q107,risktaking,6.3051817135987829,0.58946463484430922,True,0.53869033278987877
armA,JPN,Q107,risktaking,5.3220808506011945,0.48023120562235494,True,0.41289760048770524
armB,JPN,Q107,risktaking,1,0,True,0.91093474426807752
base,JPN,Q107,risktaking,5.6316956880982296,0.51463285423313665,True,0.43687573143232544
base_fixed_USA,JPN,Q107,risktaking,5.6359970598218077,0.51511078442464531,True,0.43865069193302775
persona,JPN,Q107,risktaking,4.3442135875584293,0.37157928750649216,True,0.33720163016539911
uniform,JPN,Q107,risktaking,5.5,0.5,True,0.42222222222222228
human,JPN,Q107,risktaking,4.0079365079365079,0.33421516754850089,True,0
adapter,JPN,Q109,risktaking,5.5682348129777566,0.50758164588641741,True,0.55754353776489363
adapter_persona,JPN,Q109,risktaking,5.5921555481073408,0.51023950534526008,True,0.41974146414976726
armA,JPN,Q109,risktaking,5.3220808506011945,0.48023120562235494,True,0.35445490582453809
armB,JPN,Q109,risktaking,1,0,True,0.9503937007874016
base,JPN,Q109,risktaking,5.1801595692905993,0.46446217436562215,True,0.46896205425435583
base_fixed_USA,JPN,Q109,risktaking,5.2018321541790646,0.46687023935322941,True,0.48498331149498064
persona,JPN,Q109,risktaking,5.0136748183610891,0.44596386870678767,True,0.39515336216546165
uniform,JPN,Q109,risktaking,5.5,0.5,True,0.36377952755905513
human,JPN,Q109,risktaking,4.5708661417322833,0.39676290463692038,True,0
adapter,JPN,Q174,posrecip,0.0023231625226312002,0.0023231625226312002,True,0.21687268702341289
adapter_persona,JPN,Q174,posrecip,0.0054692745885672025,0.0054692745885672025,True,0.21372657495747693
armA,JPN,Q174,posrecip,0.38148906081914896,0.38148906081914896,True,0.16229321127310489
armB,JPN,Q174,posrecip,0,0,True,0.2191958495460441
base,JPN,Q174,posrecip,0.0071214287457351012,0.0071214287457351012,True,0.21207442080030903
base_fixed_USA,JPN,Q174,posrecip,0.0062899021368924002,0.0062899021368924002,True,0.2129059474091517
persona,JPN,Q174,posrecip,0.0080619915282715993,0.0080619915282715993,True,0.21113385801777251
uniform,JPN,Q174,posrecip,0.5,0.5,True,0.2808041504539559
human,JPN,Q174,posrecip,0.2191958495460441,0.2191958495460441,True,0
adapter,JPN,Q176,negrecip,5.6237157031165772,0.51374618923517523,True,0.44963564600789963
adapter_persona,JPN,Q176,negrecip,5.155198112263049,0.46168867914033879,True,0.24045210491804256
armA,JPN,Q176,negrecip,5.6101716384291658,0.51224129315879618,True,0.37596151392826094
armB,JPN,Q176,negrecip,10,1,True,0.98396226415094334
base,JPN,Q176,negrecip,5.5248470768246758,0.5027607863138529,True,0.46731798669988756
base_fixed_USA,JPN,Q176,negrecip,5.5807928879954485,0.50897698755504983,True,0.45904927269842238
persona,JPN,Q176,negrecip,5.203402384184951,0.46704470935388342,True,0.31550680527848879
uniform,JPN,Q176,negrecip,5.5,0.5,True,0.36981132075471701
human,JPN,Q176,negrecip,4.4660377358490564,0.38511530398322846,True,0
adapter,JPN,Q177,negrecip,9.9297363297438075,0.99219292552708971,True,0.28023800098930768
adapter_persona,JPN,Q177,negrecip,9.2767762591056968,0.91964180656729966,True,0.18442758480216639
armA,JPN,Q177,negrecip,5.610171638429164,0.51224129315879596,True,0.62482148139885529
armB,JPN,Q177,negrecip,10,1,True,0.29089506172839508
base,JPN,Q177,negrecip,9.2714888886603468,0.91905432096226081,True,0.17582775067769021
base_fixed_USA,JPN,Q177,negrecip,9.274825983144984,0.91942510923833154,True,0.17728551972400083
persona,JPN,Q177,negrecip,9.3127304927502301,0.92363672141669229,True,0.18500283198619957
uniform,JPN,Q177,negrecip,5.5,0.5,True,0.63564814814814818
human,JPN,Q177,negrecip,9.2368827160493829,0.91520919067215367,True,0
adapter,JPN,Q178,risktaking,3.7150399934490803,0.30167111038323113,True,0.44108840067464083
adapter_persona,JPN,Q178,risktaking,4.2141694783482944,0.35712994203869936,True,0.66523736972481351
armA,JPN,Q178,risktaking,5.3220808506011945,0.48023120562235494,True,0.75221068036215433
armB,JPN,Q178,risktaking,1,0,True,0.13780120481927713
base,JPN,Q178,risktaking,6.0472899274888281,0.56080999194320313,True,0.90468838408833629
base_fixed_USA,JPN,Q178,risktaking,5.9162516417148865,0.54625018241276513,True,0.90376196943825038
persona,JPN,Q178,risktaking,5.7733892907940811,0.53037658786600905,True,0.8852774055448005
uniform,JPN,Q178,risktaking,5.5,0.5,True,0.76219879518072287
human,JPN,Q178,risktaking,1.3237951807228916,0.035977242302543511,True,0
adapter,JPN,Q179,negrecip,9.9139296298622277,0.99043662554024747,True,0.030582619658690427
adapter_persona,JPN,Q179,negrecip,9.801566113824542,0.97795179042494906,True,0.026897169376916122
armA,JPN,Q179,negrecip,5.610171638429164,0.51224129315879596,True,0.85854426773721548
armB,JPN,Q179,negrecip,10,1,True,0.035338345864661662
base,JPN,Q179,negrecip,9.4694291359763909,0.94104768177515452,True,0.10376495900607104
base_fixed_USA,JPN,Q179,negrecip,9.4510912345383602,0.93901013717092896,True,0.10869623828827396
persona,JPN,Q179,negrecip,9.7747274035894591,0.97496971150993994,True,0.025477883430548961
uniform,JPN,Q179,negrecip,5.5,0.5,True,0.86466165413533835
human,JPN,Q179,negrecip,9.8932330827067663,0.98813700918964065,True,0
adapter,JPN,Q195,negrecip,5.1235693632956654,0.45817437369951836,True,0.59613896583786397
adapter_persona,JPN,Q195,negrecip,3.4758259333225734,0.27509177036917482,True,0.50243131219792037
armA,JPN,Q195,negrecip,5.6101716384291658,0.51224129315879618,True,0.30035501321479874
armB,JPN,Q195,negrecip,10,1,True,0.7119341563786008
base,JPN,Q195,negrecip,5.6019156309017575,0.51132395898908412,True,0.58898472201673624
base_fixed_USA,JPN,Q195,negrecip,5.5195581846511379,0.50217313162790422,True,0.58163618633711023
persona,JPN,Q195,negrecip,5.5853639696335895,0.50948488551484328,True,0.55609941560233422
uniform,JPN,Q195,negrecip,5.5,0.5,True,0.30905349794238685
human,JPN,Q195,negrecip,6.8016460905349794,0.6446273433927755,True,0
adapter,MEX,Q43,patience,2.0232754787965828,0.51163773939829138,True,0.71633616905761355
adapter_persona,MEX,Q43,patience,2.1529816749352797,0.57649083746763985,True,0.50798939751973382
armA,MEX,Q43,patience,1.9457859471440315,0.47289297357201576,True,0.10454891303617408
armB,MEX,Q43,patience,1,0,True,0.64443959721910815
base,MEX,Q43,patience,1.9654621002804156,0.48273105014020778,True,0.6703248570254341
base_fixed_USA,MEX,Q43,patience,1.9654621002804156,0.48273105014020778,True,0.6703248570254341
persona,MEX,Q43,patience,2.0133164995794552,0.50665824978972762,True,0.55336187272979176
uniform,MEX,Q43,patience,2,0.5,True,0.10003655418921367
human,MEX,Q43,patience,2.0555824152940967,0.52779120764704834,True,0
adapter,MEX,Q50,patience,5.7712138004201217,0.53013486671334686,True,0.70226786441322275
adapter_persona,MEX,Q50,patience,5.8124293898782584,0.53471437665313981,True,0.51356020011444969
armA,MEX,Q50,patience,5.4457859471440306,0.49397621634933675,True,0.23192472128861108
armB,MEX,Q50,patience,1,0,True,0.96037024928150394
base,MEX,Q50,patience,6.3070745276425102,0.58967494751583449,True,0.66492742384430525
base_fixed_USA,MEX,Q50,patience,6.3070745276425102,0.58967494751583449,True,0.66492742384430525
persona,MEX,Q50,patience,6.0029362707945957,0.55588180786606622,True,0.61808109563250313
uniform,MEX,Q50,patience,5.5,0.5,True,0.22402187502356011
human,MEX,Q50,patience,6.8274441704936359,0.64749379672151508,True,0
adapter,MEX,Q57,trust,0.020332353342658704,0.020332353342658704,True,0.084720427432919451
adapter_persona,MEX,Q57,trust,0.0040072896298620018,0.0040072896298620018,True,0.10104549114571618
armA,MEX,Q57,trust,0.32146395742893219,0.32146395742893219,True,0.21641117665335396
armB,MEX,Q57,trust,0,0,True,0.10505278077557816
base,MEX,Q57,trust,0.24508501313237169,0.24508501313237169,True,0.14003223235679357
base_fixed_USA,MEX,Q57,trust,0.24508501313237169,0.24508501313237169,True,0.14003223235679357
persona,MEX,Q57,trust,0.0191240367508889,0.0191240367508889,True,0.085928744024689308
uniform,MEX,Q57,trust,0.5,0.5,True,0.39494721922442183
human,MEX,Q57,trust,0.10505278077557821,0.10505278077557821,True,0
adapter,MEX,Q58,trust,2.9975896460610794,0.66586321535369308,True,0.71975566729702789
adapter_persona,MEX,Q58,trust,3.1310785153731979,0.71035950512439927,True,0.56900173613829208
armA,MEX,Q58,trust,2.3214639574289322,0.44048798580964404,True,0.53145629326928068
armB,MEX,Q58,trust,1,0,True,0.99089610617154178
base,MEX,Q58,trust,3.4583392679043596,0.81944642263478651,True,0.33925579665859107
base_fixed_USA,MEX,Q58,trust,3.4583392679043596,0.81944642263478651,True,0.33925579665859107
persona,MEX,Q58,trust,3.773875563084768,0.92462518769492263,True,0.079339013223702542
uniform,MEX,Q58,trust,2.5,0.5,True,0.48041665473339967
human,MEX,Q58,trust,3.640320707097211,0.88010690236573696,True,0
adapter,MEX,Q59,trust,2.912242719722351,0.63741423990745039,True,0.53718126061492955
adapter_persona,MEX,Q59,trust,2.89959122176551,0.63319707392183666,True,0.50328746055057394
armA,MEX,Q59,trust,2.3214639574289322,0.44048798580964404,True,0.21408683768833978
armB,MEX,Q59,trust,1,0,True,0.84916335337535287
base,MEX,Q59,trust,2.983595522284181,0.6611985074280603,True,0.54956298693318573
base_fixed_USA,MEX,Q59,trust,2.983595522284181,0.6611985074280603,True,0.54956298693318573
persona,MEX,Q59,trust,2.960262888412367,0.65342096280412232,True,0.433297791652346
uniform,MEX,Q59,trust,2.5,0.5,True,0.20897112178207003
human,MEX,Q59,trust,2.4864701149004502,0.49549003830015009,True,0
adapter,MEX,Q60,trust,2.9745073428355906,0.6581691142785302,True,0.60469964453754277
adapter_persona,MEX,Q60,trust,2.9605839719787661,0.65352799065958866,True,0.47557457777355172
armA,MEX,Q60,trust,2.3214639574289322,0.44048798580964404,True,0.23222778520878223
armB,MEX,Q60,trust,1,0,True,0.83070211438448815
base,MEX,Q60,trust,3.1939495615702511,0.731316520523417,True,0.56356591861541461
base_fixed_USA,MEX,Q60,trust,3.1939495615702511,0.731316520523417,True,0.56356591861541461
persona,MEX,Q60,trust,3.1676269138172817,0.72254230460576052,True,0.54229895735181644
uniform,MEX,Q60,trust,2.5,0.5,True,0.22711206930251254
human,MEX,Q60,trust,2.364404466847247,0.45480148894908234,True,0
adapter,MEX,Q61,trust,2.7075892545158675,0.56919641817195588,True,0.59365135613219899
adapter_persona,MEX,Q61,trust,2.7643864113525098,0.58812880378416998,True,0.65406075012659348
armA,MEX,Q61,trust,2.3214639574289322,0.44048798580964404,True,0.29769526253679068
armB,MEX,Q61,trust,1,0,True,0.43577153817575565
base,MEX,Q61,trust,2.8862271848811725,0.62874239496039086,True,0.76495659478927691
base_fixed_USA,MEX,Q61,trust,2.8862271848811716,0.62874239496039053,True,0.76495659478927691
persona,MEX,Q61,trust,2.394287620593639,0.46476254019787966,True,0.56697289998789113
uniform,MEX,Q61,trust,2.5,0.5,True,0.36903631212982713
human,MEX,Q61,trust,1.587599049228223,0.195866349742741,True,0
adapter,MEX,Q62,trust,2.9616314714104166,0.6538771571368055,True,0.69700818831096711
adapter_persona,MEX,Q62,trust,2.7356223406998432,0.57854078023328104,True,0.48912202871219146
armA,MEX,Q62,trust,2.3214639574289322,0.44048798580964404,True,0.13803002909111467
armB,MEX,Q62,trust,1,0,True,0.66157358780777331
base,MEX,Q62,trust,2.9830138094600915,0.66100460315336385,True,0.71192186468973162
base_fixed_USA,MEX,Q62,trust,2.9830138094600915,0.66100460315336385,True,0.71192186468973162
persona,MEX,Q62,trust,2.945815593107473,0.64860519770249103,True,0.58442758200463263
uniform,MEX,Q62,trust,2.5,0.5,True,0.19439563556536604
human,MEX,Q62,trust,2.0281082846154117,0.34270276153847057,True,0
adapter,MEX,Q63,trust,2.9510222933424726,0.65034076444749089,True,0.74338885974506419
adapter_persona,MEX,Q63,trust,2.8248883559283193,0.60829611864277311,True,0.59774241099066761
armA,MEX,Q63,trust,2.3214639574289322,0.44048798580964404,True,0.19340073129928165
armB,MEX,Q63,trust,1,0,True,0.54013673354426572
base,MEX,Q63,trust,2.9708565747832969,0.6569521915944323,True,0.73760740278748127
base_fixed_USA,MEX,Q63,trust,2.9708565747832969,0.6569521915944323,True,0.73760740278748127
persona,MEX,Q63,trust,2.8909332107801209,0.6303110702600403,True,0.61007438375826639
uniform,MEX,Q63,trust,2.5,0.5,True,0.26474178089231803
human,MEX,Q63,trust,1.8257318766150108,0.27524395887167025,True,0
adapter,MEX,Q64,trust,2.3881210603920011,0.46270702013066706,True,0.40598058362687839
adapter_persona,MEX,Q64,trust,2.8001752389676873,0.60005841298922913,True,0.23196685444080958
armA,MEX,Q64,trust,2.3214639574289322,0.44048798580964404,True,0.18985740866956091
armB,MEX,Q64,trust,1,0,True,0.87798510735157742
base,MEX,Q64,trust,2.7121755996547465,0.57072519988491555,True,0.31526123357071734
base_fixed_USA,MEX,Q64,trust,2.7121755996547465,0.57072519988491555,True,0.31526123357071734
persona,MEX,Q64,trust,3.0453086146742039,0.68176953822473463,True,0.15486345266024332
uniform,MEX,Q64,trust,2.5,0.5,True,0.12798510735157737
human,MEX,Q64,trust,2.8294306281174721,0.60981020937249075,True,0
adapter,MEX,Q69,trust,2.6059615752151912,0.53532052507173045,True,0.50851325511002643
adapter_persona,MEX,Q69,trust,2.2765587351804335,0.42551957839347782,True,0.46347677430314671
armA,MEX,Q69,trust,2.3214639574289322,0.44048798580964404,True,0.21546842568151134
armB,MEX,Q69,trust,1,0,True,0.53716775880694634
base,MEX,Q69,trust,2.8239255680105337,0.60797518933684458,True,0.55449268596122103
base_fixed_USA,MEX,Q69,trust,2.8239255680105337,0.60797518933684458,True,0.55449268596122103
persona,MEX,Q69,trust,2.1605970509967554,0.3868656836655851,True,0.48731756787090996
uniform,MEX,Q69,trust,2.5,0.5,True,0.2868094752745477
human,MEX,Q69,trust,1.8078962073319644,0.2692987357773215,True,0
adapter,MEX,Q70,trust,2.5096422643926068,0.50321408813086899,True,0.50552194880669665
adapter_persona,MEX,Q70,trust,2.2232879355874666,0.40776264519582223,True,0.43188801316836262
armA,MEX,Q70,trust,2.3214639574289322,0.44048798580964404,True,0.20401794468699655
armB,MEX,Q70,trust,1,0,True,0.54629769523387051
base,MEX,Q70,trust,2.8090073137919416,0.60300243793064723,True,0.5556358305595841
base_fixed_USA,MEX,Q70,trust,2.8090073137919416,0.60300243793064723,True,0.5556358305595841
persona,MEX,Q70,trust,2.1632029201257659,0.38773430670858861,True,0.46726501681164834
uniform,MEX,Q70,trust,2.5,0.5,True,0.27535899428003296
human,MEX,Q70,trust,1.8323388095340933,0.27744626984469778,True,0
adapter,MEX,Q71,trust,2.1506097054060667,0.38353656846868889,True,0.57723030191084679
adapter_persona,MEX,Q71,trust,2.2334039223849489,0.41113464079498296,True,0.52620174583250223
armA,MEX,Q71,trust,2.3214639574289322,0.44048798580964404,True,0.25432796418565196
armB,MEX,Q71,trust,1,0,True,0.46108908203008009
base,MEX,Q71,trust,2.2980648346585788,0.43268827821952627,True,0.57012321041255221
base_fixed_USA,MEX,Q71,trust,2.2980648346585788,0.43268827821952627,True,0.57012321041255221
persona,MEX,Q71,trust,2.0664260744222527,0.35547535814075087,True,0.61105122747264262
uniform,MEX,Q71,trust,2.5,0.5,True,0.32566901377868834
human,MEX,Q71,trust,1.6794903882116621,0.22649679607055404,True,0
adapter,MEX,Q73,trust,2.271492344249415,0.42383078141647168,True,0.5625172193838035
adapter_persona,MEX,Q73,trust,2.4074531388581097,0.4691510462860366,True,0.49211690267329644
armA,MEX,Q73,trust,2.3214639574289322,0.44048798580964404,True,0.28312856367627309
armB,MEX,Q73,trust,1,0,True,0.45337307233775287
base,MEX,Q73,trust,2.4940816124279097,0.49802720414263657,True,0.53864364637065032
base_fixed_USA,MEX,Q73,trust,2.4940816124279097,0.49802720414263657,True,0.53864364637065032
persona,MEX,Q73,trust,2.3197883249547502,0.43992944165158337,True,0.46762675285995453
uniform,MEX,Q73,trust,2.5,0.5,True,0.35446961326930948
human,MEX,Q73,trust,1.6258339073362116,0.20861130244540385,True,0
adapter,MEX,Q81,posrecip,2.6330679184285306,0.5443559728095102,True,0.38767411547100095
adapter_persona,MEX,Q81,posrecip,2.67546044030333,0.55848681343444329,True,0.30320109125923261
armA,MEX,Q81,posrecip,1.9810094237327571,0.32700314124425239,True,0.19453693888363638
armB,MEX,Q81,posrecip,1,0,True,0.7657528414919752
base,MEX,Q81,posrecip,2.933953426269869,0.64465114208995633,True,0.47630508535848026
base_fixed_USA,MEX,Q81,posrecip,2.933953426269869,0.64465114208995633,True,0.47630508535848026
persona,MEX,Q81,posrecip,2.8334279793946342,0.61114265979821136,True,0.29744198554780921
uniform,MEX,Q81,posrecip,2.5,0.5,True,0.10260654204861787
human,MEX,Q81,posrecip,2.4042023977029583,0.46806746590098608,True,0
adapter,MEX,Q99,altruism,0.033061752603978603,0.016530876301989302,True,0.13279345659429495
adapter_persona,MEX,Q99,altruism,0.68370556604210819,0.3418527830210541,True,0.33424694520517284
armA,MEX,Q99,altruism,0.59345564246177662,0.29672782123088831,True,0.28129699152557985
armB,MEX,Q99,altruism,0,0,True,0.16075441645039587
base,MEX,Q99,altruism,1.2792851299000041,0.63964256495000205,True,0.58921413704440029
base_fixed_USA,MEX,Q99,altruism,1.2792851299000041,0.63964256495000205,True,0.58921413704440029
persona,MEX,Q99,altruism,0.2973645469769588,0.1486822734884794,True,0.10335308864831438
uniform,MEX,Q99,altruism,1,0.5,True,0.50591225021627073
human,MEX,Q99,altruism,0.21151742069120932,0.10575871034560466,True,0
adapter,MEX,Q101,altruism,0.042117648168802209,0.021058824084401104,True,0.15145684409278987
adapter_persona,MEX,Q101,altruism,0.76721367716372113,0.38360683858186057,True,0.36542504789978036
armA,MEX,Q101,altruism,0.59345564246177662,0.29672782123088831,True,0.25497485903004558
armB,MEX,Q101,altruism,0,0,True,0.18707654894593015
base,MEX,Q101,altruism,1.2169858475220729,0.60849292376103647,True,0.56301057133990007
base_fixed_USA,MEX,Q101,altruism,1.2169858475220729,0.60849292376103647,True,0.56301057133990007
persona,MEX,Q101,altruism,0.74639105940557204,0.37319552970278602,True,0.37801962185294302
uniform,MEX,Q101,altruism,1,0.5,True,0.47959011772073651
human,MEX,Q101,altruism,0.251913454697336,0.125956727348668,True,0
adapter,MEX,Q103,altruism,0.028901498938086904,0.014450749469043452,True,0.17116451688809189
adapter_persona,MEX,Q103,altruism,0.60133137850551055,0.30066568925275527,True,0.24509521767194153
armA,MEX,Q103,altruism,0.59345564246177662,0.29672782123088831,True,0.24945686610882928
armB,MEX,Q103,altruism,0,0,True,0.19259454186714647
base,MEX,Q103,altruism,0.64442636526289543,0.32221318263144771,True,0.19764645299813022
base_fixed_USA,MEX,Q103,altruism,0.64442636526289543,0.32221318263144771,True,0.19764645299813022
persona,MEX,Q103,altruism,0.26162276321155364,0.13081138160577682,True,0.013865287997904666
uniform,MEX,Q103,altruism,1,0.5,True,0.47407212479952021
human,MEX,Q103,altruism,0.26114729204641712,0.13057364602320856,True,0
adapter,MEX,Q106,risktaking,5.5124985473505976,0.50138872748339969,True,0.65154447069125832
adapter_persona,MEX,Q106,risktaking,5.2732977434250907,0.47481086038056564,True,0.54384442305317848
armA,MEX,Q106,risktaking,5.430541604757309,0.4922824005285899,True,0.22734667868719702
armB,MEX,Q106,risktaking,1,0,True,0.8153305015443163
base,MEX,Q106,risktaking,5.406422350591277,0.48960248339903079,True,0.65044605865182592
base_fixed_USA,MEX,Q106,risktaking,5.406422350591277,0.48960248339903079,True,0.65044605865182592
persona,MEX,Q106,risktaking,5.4223499558542088,0.49137221731713432,True,0.63267703185896473
uniform,MEX,Q106,risktaking,5.5,0.5,True,0.22571259932904661
human,MEX,Q106,risktaking,5.7433373320610306,0.52703748134011452,True,0
adapter,MEX,Q107,risktaking,5.8187146201416464,0.5354127355712941,True,0.41543159525794543
adapter_persona,MEX,Q107,risktaking,5.4229006615952846,0.49143340684392051,True,0.2672658277186255
armA,MEX,Q107,risktaking,5.430541604757309,0.4922824005285899,True,0.18969831327494827
armB,MEX,Q107,risktaking,1,0,True,0.87062927901453691
base,MEX,Q107,risktaking,5.6359970598218094,0.51511078442464553,True,0.33680919477439852
base_fixed_USA,MEX,Q107,risktaking,5.6359970598218077,0.51511078442464531,True,0.33680919477439847
persona,MEX,Q107,risktaking,5.1003667325804001,0.45559630362004444,True,0.27076672144716096
uniform,MEX,Q107,risktaking,5.5,0.5,True,0.18678027287246815
human,MEX,Q107,risktaking,5.8302918877276229,0.53669909863640253,True,0
adapter,MEX,Q109,risktaking,5.4367333048100317,0.49297036720111465,True,0.62886580393853975
adapter_persona,MEX,Q109,risktaking,4.9652941493393703,0.44058823881548559,True,0.50391230675724985
armA,MEX,Q109,risktaking,5.430541604757309,0.4922824005285899,True,0.2478437735831128
armB,MEX,Q109,risktaking,1,0,True,0.70818593447595846
base,MEX,Q109,risktaking,5.2018321541790646,0.46687023935322941,True,0.6068429416570309
base_fixed_USA,MEX,Q109,risktaking,5.2018321541790646,0.46687023935322941,True,0.6068429416570309
persona,MEX,Q109,risktaking,5.0465160631801593,0.44961289590890657,True,0.54293444410285974
uniform,MEX,Q109,risktaking,5.5,0.5,True,0.25206773170816033
human,MEX,Q109,risktaking,4.412240698438902,0.37913785538210021,True,0
adapter,MEX,Q174,posrecip,0.029312230751356305,0.029312230751356305,True,0.11521567146533147
adapter_persona,MEX,Q174,posrecip,0.076960833049659075,0.076960833049659075,True,0.067567069167028676
armA,MEX,Q174,posrecip,0,0,True,0.14452790221668776
armB,MEX,Q174,posrecip,0,0,True,0.14452790221668776
base,MEX,Q174,posrecip,0.0062899021368924002,0.0062899021368924002,True,0.13823800007979536
base_fixed_USA,MEX,Q174,posrecip,0.0062899021368924002,0.0062899021368924002,True,0.13823800007979536
persona,MEX,Q174,posrecip,0.042087727915618801,0.042087727915618801,True,0.10244017430106897
uniform,MEX,Q174,posrecip,0.5,0.5,True,0.35547209778331224
human,MEX,Q174,posrecip,0.14452790221668774,0.14452790221668774,True,0
adapter,MEX,Q176,negrecip,5.7073460454105529,0.5230384494900614,True,0.56448171184837503
adapter_persona,MEX,Q176,negrecip,5.4542033598247004,0.49491148442496669,True,0.2971323571974
armA,MEX,Q176,negrecip,5.4426752701401711,0.4936305855711301,True,0.18522503080453045
armB,MEX,Q176,negrecip,1,0,True,0.8818781606375149
base,MEX,Q176,negrecip,5.5807928879954485,0.50897698755504983,True,0.52410742307079139
base_fixed_USA,MEX,Q176,negrecip,5.5807928879954485,0.50897698755504983,True,0.52410742307079139
persona,MEX,Q176,negrecip,5.4330648948963898,0.49256276609959887,True,0.40458464256671145
uniform,MEX,Q176,negrecip,5.5,0.5,True,0.18244587275273233
human,MEX,Q176,negrecip,5.9303333887640886,0.54781482097378764,True,0
adapter,MEX,Q177,negrecip,9.0791979104240657,0.89768865671378506,True,0.51417822363852661
adapter_persona,MEX,Q177,negrecip,8.2409157900630952,0.80454619889589951,True,0.32516483078234226
armA,MEX,Q177,negrecip,5.4426752701401711,0.4936305855711301,True,0.21236825853604824
armB,MEX,Q177,negrecip,1,0,True,0.88179711586597853
base,MEX,Q177,negrecip,9.274825983144984,0.91942510923833154,True,0.56239493365233451
base_fixed_USA,MEX,Q177,negrecip,9.274825983144984,0.91942510923833154,True,0.56239493365233451
persona,MEX,Q177,negrecip,8.8595626063970343,0.87328473404411489,True,0.49850848030727268
uniform,MEX,Q177,negrecip,5.5,0.5,True,0.21205950401176013
human,MEX,Q177,negrecip,6.3213521880378023,0.59126135422642245,True,0
adapter,MEX,Q178,risktaking,5.0595332928296957,0.45105925475885505,True,0.48776125008381555
adapter_persona,MEX,Q178,risktaking,4.9999717426406267,0.44444130473784743,True,0.44920438211745067
armA,MEX,Q178,risktaking,5.430541604757309,0.4922824005285899,True,0.22328512700201522
armB,MEX,Q178,risktaking,1,0,True,0.7016745130652976
base,MEX,Q178,risktaking,5.9162516417148883,0.54625018241276535,True,0.52511481091898204
base_fixed_USA,MEX,Q178,risktaking,5.9162516417148865,0.54625018241276513,True,0.52511481091898204
persona,MEX,Q178,risktaking,5.9014420384979838,0.54460467094422038,True,0.56251279592225334
uniform,MEX,Q178,risktaking,5.5,0.5,True,0.23046989779120272
human,MEX,Q178,risktaking,4.2833340550608909,0.36481489500676567,True,0
adapter,MEX,Q179,negrecip,9.1901878986300787,0.91002087762556427,True,0.19169112132971777
adapter_persona,MEX,Q179,negrecip,9.1396477819288346,0.90440530910320382,True,0.11326094067788214
armA,MEX,Q179,negrecip,5.4426752701401711,0.4936305855711301,True,0.53774042895031737
armB,MEX,Q179,negrecip,1,0,True,0.9758254114570718
base,MEX,Q179,negrecip,9.4510912345383602,0.93901013717092896,True,0.2429401020579304
base_fixed_USA,MEX,Q179,negrecip,9.4510912345383602,0.93901013717092896,True,0.2429401020579304
persona,MEX,Q179,negrecip,9.719575753531009,0.96884175039233433,True,0.32298713084169783
uniform,MEX,Q179,negrecip,5.5,0.5,True,0.53399654949584896
human,MEX,Q179,negrecip,8.6561099833415618,0.85067888703795136,True,0
adapter,MEX,Q195,negrecip,5.1407931010519574,0.4600881223391064,True,0.7190654211429337
adapter_persona,MEX,Q195,negrecip,3.4723839761291488,0.27470933068101655,True,0.33846343702002274
armA,MEX,Q195,negrecip,5.4426752701401711,0.4936305855711301,True,0.36219253484093561
armB,MEX,Q195,negrecip,1,0,True,0.53736765715541046
base,MEX,Q195,negrecip,5.519558184651137,0.50217313162790411,True,0.69614977310931159
base_fixed_USA,MEX,Q195,negrecip,5.5195581846511379,0.50217313162790422,True,0.69614977310931159
persona,MEX,Q195,negrecip,4.7087863364612508,0.41208737071791673,True,0.55969910274467261
uniform,MEX,Q195,negrecip,5.5,0.5,True,0.36567651902846565
human,MEX,Q195,negrecip,3.6542251134973647,0.2949139014997072,True,0
adapter,NGA,Q43,patience,1.7642998456912324,0.38214992284561622,True,0.44463867886036434
adapter_persona,NGA,Q43,patience,2.0873048771372713,0.54365243856863565,True,0.13128676078920104
armA,NGA,Q43,patience,1.8997902870178223,0.44989514350891113,True,0.16696477150972255
armB,NGA,Q43,patience,1,0,True,0.61809100597530697
base,NGA,Q43,patience,1.9720544194523646,0.4860272097261823,True,0.74315156254562009
base_fixed_USA,NGA,Q43,patience,1.9654621002804156,0.48273105014020778,True,0.73698149928308698
persona,NGA,Q43,patience,2.2641771400951831,0.63208857004759156,True,0.40459443713947585
uniform,NGA,Q43,patience,2,0.5,True,0.16669319644686648
human,NGA,Q43,patience,2.0695418750641466,0.53477093753207328,True,0
adapter,NGA,Q50,patience,6.1954648455106822,0.57727387172340916,True,0.64234951841229249
adapter_persona,NGA,Q50,patience,4.5631001803508102,0.39590002003897889,True,0.35942349814852942
armA,NGA,Q50,patience,5.3997902870178223,0.48886558744642472,True,0.12292068535113848
armB,NGA,Q50,patience,1,0,True,0.86047759941849145
base,NGA,Q50,patience,6.3205390561708779,0.59117100624120866,True,0.70987862142320524
base_fixed_USA,NGA,Q50,patience,6.3070745276425102,0.58967494751583449,True,0.7066470523819236
persona,NGA,Q50,patience,4.9155169651461117,0.43505744057179019,True,0.6097908305561367
uniform,NGA,Q50,patience,5.5,0.5,True,0.13315636413736751
human,NGA,Q50,patience,4.7930341680655495,0.42144824089617217,True,0
adapter,NGA,Q57,trust,0.014957086593149902,0.014957086593149902,True,0.11587223616170265
adapter_persona,NGA,Q57,trust,0.0056419092105948017,0.0056419092105948017,True,0.12518741354425772
armA,NGA,Q57,trust,0.47109779901802534,0.47109779901802534,True,0.3402684762631728
armB,NGA,Q57,trust,0,0,True,0.13082932275485254
base,NGA,Q57,trust,0.26588047309981694,0.26588047309981694,True,0.13505115034496437
base_fixed_USA,NGA,Q57,trust,0.24508501313237169,0.24508501313237169,True,0.11425569037751918
persona,NGA,Q57,trust,0.0004878571227822,0.0004878571227822,True,0.13034146563207033
uniform,NGA,Q57,trust,0.5,0.5,True,0.36917067724514746
human,NGA,Q57,trust,0.13082932275485248,0.13082932275485248,True,0
adapter,NGA,Q58,trust,3.363434496900144,0.78781149896671465,True,0.22682297014393279
adapter_persona,NGA,Q58,trust,2.9871513086922099,0.66238376956406997,True,0.34284369182550617
armA,NGA,Q58,trust,2.4710977990180254,0.49036593300600845,True,0.39760552546287153
armB,NGA,Q58,trust,1,0,True,0.9820348491037707
base,NGA,Q58,trust,3.4824117207947269,0.82747057359824228,True,0.2206665670121348
base_fixed_USA,NGA,Q58,trust,3.4583392679043596,0.81944642263478651,True,0.24368665872785872
persona,NGA,Q58,trust,3.4328778787665555,0.81095929292218516,True,0.23549552726056117
uniform,NGA,Q58,trust,2.5,0.5,True,0.38604495415939755
human,NGA,Q58,trust,3.4699643280329635,0.8233214426776545,True,0
adapter,NGA,Q59,trust,2.8569103396236595,0.61897011320788653,True,0.29479306752882939
adapter_persona,NGA,Q59,trust,2.545341112190147,0.5151137040633823,True,0.15974130745432863
armA,NGA,Q59,trust,2.4710977990180254,0.49036593300600845,True,0.17932694964232637
armB,NGA,Q59,trust,1,0,True,0.88106690050138803
base,NGA,Q59,trust,2.9832703265110219,0.66109010883700725,True,0.48880988737155556
base_fixed_USA,NGA,Q59,trust,2.983595522284181,0.6611985074280603,True,0.4923078600893997
persona,NGA,Q59,trust,2.597935791931318,0.53264526397710599,True,0.26466960627637698
uniform,NGA,Q59,trust,2.5,0.5,True,0.17919328496721831
human,NGA,Q59,trust,2.6989915567520444,0.56633051891734809,True,0
adapter,NGA,Q60,trust,3.1720240602057346,0.72400802006857823,True,0.34532590158018783
adapter_persona,NGA,Q60,trust,2.752260025988805,0.58408667532960168,True,0.10470040817608979
armA,NGA,Q60,trust,2.4710977990180254,0.49036593300600845,True,0.19916298795696402
armB,NGA,Q60,trust,1,0,True,0.88188732407734993
base,NGA,Q60,trust,3.1813854330712408,0.72712847769041355,True,0.39981306574704201
base_fixed_USA,NGA,Q60,trust,3.1939495615702511,0.731316520523417,True,0.40010367612370673
persona,NGA,Q60,trust,2.8676418011975904,0.6225472670658635,True,0.32693276347161804
uniform,NGA,Q60,trust,2.5,0.5,True,0.19902932328185591
human,NGA,Q60,trust,2.6583198747453345,0.55277329158177813,True,0
adapter,NGA,Q61,trust,2.6539226648787735,0.55130755495959116,True,0.42401760834248553
adapter_persona,NGA,Q61,trust,2.424532493054663,0.47484416435155435,True,0.22577416558268676
armA,NGA,Q61,trust,2.4710977990180254,0.49036593300600845,True,0.22172969827607142
armB,NGA,Q61,trust,1,0,True,0.65063833313222874
base,NGA,Q61,trust,2.8851287746917778,0.62837625823059262,True,0.6628790081055298
base_fixed_USA,NGA,Q61,trust,2.8862271848811716,0.62874239496039053,True,0.66491698824096646
persona,NGA,Q61,trust,2.1134647839611977,0.3711549279870659,True,0.44622241785385114
uniform,NGA,Q61,trust,2.5,0.5,True,0.23329026957954543
human,NGA,Q61,trust,1.973918322736949,0.32463944091231633,True,0
adapter,NGA,Q62,trust,2.9129469534226891,0.63764898447422969,True,0.50645971547149682
adapter_persona,NGA,Q62,trust,2.4713793628420051,0.49045978761400172,True,0.12767704990931145
armA,NGA,Q62,trust,2.4710977990180254,0.49036593300600845,True,0.1774271904667622
armB,NGA,Q62,trust,1,0,True,0.77107596659339217
base,NGA,Q62,trust,2.9828848533647601,0.66096161778825335,True,0.61961908741599514
base_fixed_USA,NGA,Q62,trust,2.9830138094600915,0.66100460315336385,True,0.62570090012951196
persona,NGA,Q62,trust,2.7350043646380331,0.5783347882126777,True,0.37170217101485736
uniform,NGA,Q62,trust,2.5,0.5,True,0.17729352579165411
human,NGA,Q62,trust,2.289535844818718,0.4298452816062393,True,0
adapter,NGA,Q63,trust,2.904160617992054,0.63472020599735135,True,0.54507031910928205
adapter_persona,NGA,Q63,trust,2.5310009282394823,0.51033364274649407,True,0.25066444903544532
armA,NGA,Q63,trust,2.4710977990180254,0.49036593300600845,True,0.18818556511648254
armB,NGA,Q63,trust,1,0,True,0.69682376003777979
base,NGA,Q63,trust,2.9781201320889199,0.6593733773629733,True,0.65684162508699084
base_fixed_USA,NGA,Q63,trust,2.9708565747832969,0.6569521915944323,True,0.65222984859875266
persona,NGA,Q63,trust,2.5661301477974283,0.52204338259914274,True,0.28479549289948902
uniform,NGA,Q63,trust,2.5,0.5,True,0.19678954761817877
human,NGA,Q63,trust,2.0735435141347698,0.35784783804492326,True,0
adapter,NGA,Q64,trust,2.6417235811871018,0.5472411937290339,True,0.54834738816521733
adapter_persona,NGA,Q64,trust,3.0231633207043886,0.67438777356812951,True,0.29592942810055251
armA,NGA,Q64,trust,2.4710977990180254,0.49036593300600845,True,0.44911310561784701
armB,NGA,Q64,trust,1,0,True,0.98204961376733824
base,NGA,Q64,trust,2.7263790113469155,0.57545967044897184,True,0.5835615107575024
base_fixed_USA,NGA,Q64,trust,2.7121755996547465,0.57072519988491555,True,0.585060468311141
persona,NGA,Q64,trust,2.8281456705670305,0.60938189018901012,True,0.45056315202085218
uniform,NGA,Q64,trust,2.5,0.5,True,0.44050912311615076
human,NGA,Q64,trust,3.5561035064894884,0.85203450216316279,True,0
adapter,NGA,Q69,trust,2.5834851013073514,0.52782836710245051,True,0.42896815734053184
adapter_persona,NGA,Q69,trust,2.218276703654273,0.40609223455142435,True,0.26138369338770034
armA,NGA,Q69,trust,2.4710977990180254,0.49036593300600845,True,0.21819824896140835
armB,NGA,Q69,trust,1,0,True,0.58531685510559917
base,NGA,Q69,trust,2.8205259386540593,0.60684197955135311,True,0.50869601983644486
base_fixed_USA,NGA,Q69,trust,2.8239255680105337,0.60797518933684458,True,0.52451383471172641
persona,NGA,Q69,trust,2.0567057931275272,0.35223526437584241,True,0.56376425528568297
uniform,NGA,Q69,trust,2.5,0.5,True,0.22975882026488237
human,NGA,Q69,trust,1.9408648897964433,0.31362162993214776,True,0
adapter,NGA,Q70,trust,2.5896119617759066,0.52987065392530219,True,0.27524166787468529
adapter_persona,NGA,Q70,trust,2.2612356193812815,0.42041187312709383,True,0.13112273849495826
armA,NGA,Q70,trust,2.4710977990180254,0.49036593300600845,True,0.15711115621176885
armB,NGA,Q70,trust,1,0,True,0.7987920938177594
base,NGA,Q70,trust,2.7866415517141689,0.59554718390472294,True,0.40183923304096802
base_fixed_USA,NGA,Q70,trust,2.8090073137919416,0.60300243793064723,True,0.42521805698883253
persona,NGA,Q70,trust,2.0607038957720283,0.35356796525734274,True,0.48925107505792098
uniform,NGA,Q70,trust,2.5,0.5,True,0.15697749153666074
human,NGA,Q70,trust,2.3760799690904202,0.45869332303014004,True,0
adapter,NGA,Q71,trust,2.2100155954844811,0.40333853182816037,True,0.42330115442136851
adapter_persona,NGA,Q71,trust,2.1793988826776363,0.3931329608925454,True,0.16890807533985117
armA,NGA,Q71,trust,2.4710977990180254,0.49036593300600845,True,0.11428678394764659
armB,NGA,Q71,trust,1,0,True,0.75721550332317422
base,NGA,Q71,trust,2.2931154250837391,0.43103847502791304,True,0.37316851574259285
base_fixed_USA,NGA,Q71,trust,2.2980648346585788,0.43268827821952627,True,0.37298885320982345
persona,NGA,Q71,trust,2.0135203965926758,0.3378401321975586,True,0.55104171965591497
uniform,NGA,Q71,trust,2.5,0.5,True,0.11415311927253852
human,NGA,Q71,trust,2.3028356557240914,0.4342785519080305,True,0
adapter,NGA,Q73,trust,2.3916618846313042,0.4638872948771014,True,0.26732012014099027
adapter_persona,NGA,Q73,trust,2.4057293548791945,0.46857645162639816,True,0.10359986006113653
armA,NGA,Q73,trust,2.4710977990180254,0.49036593300600845,True,0.16529641508761472
armB,NGA,Q73,trust,1,0,True,0.75184334421405885
base,NGA,Q73,trust,2.5145573184215806,0.50485243947386016,True,0.29895566128369733
base_fixed_USA,NGA,Q73,trust,2.4940816124279097,0.49802720414263657,True,0.29992352002812855
persona,NGA,Q73,trust,2.107992843630734,0.36933094787691134,True,0.38515364661525986
uniform,NGA,Q73,trust,2.5,0.5,True,0.16516275041250664
human,NGA,Q73,trust,2.1757064518272147,0.39190215060907158,True,0
adapter,NGA,Q81,posrecip,2.7466546272345909,0.58221820907819699,True,0.31722282386466072
adapter_persona,NGA,Q81,posrecip,2.7497503857378254,0.58325012857927516,True,0.11472378975137362
armA,NGA,Q81,posrecip,2.3126183897256847,0.43753946324189491,True,0.24392467392792394
armB,NGA,Q81,posrecip,1,0,True,0.91247684078046598
base,NGA,Q81,posrecip,2.9379301600301284,0.6459767200100428,True,0.43626186753186968
base_fixed_USA,NGA,Q81,posrecip,2.933953426269869,0.64465114208995633,True,0.42352494434374044
persona,NGA,Q81,posrecip,2.5576696818072939,0.51922322726909798,True,0.28435774826331855
uniform,NGA,Q81,posrecip,2.5,0.5,True,0.16905691357076152
human,NGA,Q81,posrecip,2.8856535695829804,0.62855118986099345,True,0
adapter,NGA,Q99,altruism,1.3213528499673763,0.66067642498368817,True,0.55390860336374503
adapter_persona,NGA,Q99,altruism,1.143900688635642,0.57195034431782099,True,0.53259202719015786
armA,NGA,Q99,altruism,0.92782247066497803,0.46391123533248901,True,0.41355696857567048
armB,NGA,Q99,altruism,0,0,True,0.21636909661904227
base,NGA,Q99,altruism,1.3304804228972185,0.66524021144860923,True,0.55359579133094416
base_fixed_USA,NGA,Q99,altruism,1.2792851299000041,0.63964256495000205,True,0.53359945687575383
persona,NGA,Q99,altruism,0.1529673441875298,0.076483672093764901,True,0.081353940129354763
uniform,NGA,Q99,altruism,1,0.5,True,0.45029757004762438
human,NGA,Q99,altruism,0.31225322857856275,0.15612661428928137,True,0
adapter,NGA,Q101,altruism,1.2677742939217587,0.63388714696087933,True,0.55610326407850863
adapter_persona,NGA,Q101,altruism,1.3182326853782436,0.65911634268912178,True,0.60355507007791043
armA,NGA,Q101,altruism,0.92782247066497803,0.46391123533248901,True,0.39376366468116486
armB,NGA,Q101,altruism,0,0,True,0.23616240051354787
base,NGA,Q101,altruism,1.2246439946807794,0.61232199734038972,True,0.5135843238172586
base_fixed_USA,NGA,Q101,altruism,1.2169858475220729,0.60849292376103647,True,0.51392471977228238
persona,NGA,Q101,altruism,0.63105060074445352,0.31552530037222676,True,0.28891969132562256
uniform,NGA,Q101,altruism,1,0.5,True,0.43050426615311882
human,NGA,Q101,altruism,0.33948869571366497,0.16974434785683248,True,0
adapter,NGA,Q103,altruism,0.84095663161649581,0.4204783158082479,True,0.22740611980540881
adapter_persona,NGA,Q103,altruism,1.3511466747165914,0.67557333735829572,True,0.56163947108031609
armA,NGA,Q103,altruism,0.92782247066497803,0.46391123533248901,True,0.34916896660419894
armB,NGA,Q103,altruism,0,0,True,0.28075709859051379
base,NGA,Q103,altruism,0.65825133364359478,0.32912566682179739,True,0.11958427257991326
base_fixed_USA,NGA,Q103,altruism,0.64442636526289543,0.32221318263144771,True,0.10948389627476293
persona,NGA,Q103,altruism,0.28273392107929418,0.14136696053964709,True,0.082133565859103308
uniform,NGA,Q103,altruism,1,0.5,True,0.3859095680761529
human,NGA,Q103,altruism,0.43156540818010597,0.21578270409005298,True,0
adapter,NGA,Q106,risktaking,5.4388785943047182,0.49320873270052423,True,0.7714544083844983
adapter_persona,NGA,Q106,risktaking,5.3890850109705486,0.48767611233006097,True,0.54449246336063384
armA,NGA,Q106,risktaking,5.6929917484521875,0.5214435276057986,True,0.32141200635206868
armB,NGA,Q106,risktaking,10,1,True,0.58154204627236361
base,NGA,Q106,risktaking,5.3953451262379879,0.48837168069310977,True,0.77304998842786499
base_fixed_USA,NGA,Q106,risktaking,5.406422350591277,0.48960248339903079,True,0.77098361542496141
persona,NGA,Q106,risktaking,5.7399365111656167,0.5266596123517352,True,0.67421363858174821
uniform,NGA,Q106,risktaking,5.5,0.5,True,0.33806172157056713
human,NGA,Q106,risktaking,7.494652618354011,0.72162806870600127,True,0
adapter,NGA,Q107,risktaking,5.8773316818576342,0.54192574242862601,True,0.55652859333331406
adapter_persona,NGA,Q107,risktaking,5.3882747328494975,0.48758608142772197,True,0.41218304929370408
armA,NGA,Q107,risktaking,5.6929917484521875,0.5214435276057986,True,0.26300621000637908
armB,NGA,Q107,risktaking,10,1,True,0.66506109903690547
base,NGA,Q107,risktaking,5.6201549906246182,0.51335055451384648,True,0.53463006210800901
base_fixed_USA,NGA,Q107,risktaking,5.6359970598218077,0.51511078442464531,True,0.53860732277660117
persona,NGA,Q107,risktaking,6.038994093758185,0.55988823263979837,True,0.48294397765745117
uniform,NGA,Q107,risktaking,5.5,0.5,True,0.26800475305638255
human,NGA,Q107,risktaking,6.6541150280961796,0.6282350031217977,True,0
adapter,NGA,Q109,risktaking,5.1062381202453615,0.45624868002726238,True,0.70575538711713048
adapter_persona,NGA,Q109,risktaking,5.2511219812918508,0.47234688681020565,True,0.54973038662461904
armA,NGA,Q109,risktaking,5.6929917484521875,0.5214435276057986,True,0.32107385166367652
armB,NGA,Q109,risktaking,10,1,True,0.92155611017849282
base,NGA,Q109,risktaking,5.1869282284209106,0.46521424760232338,True,0.69796476943072261
base_fixed_USA,NGA,Q109,risktaking,5.2018321541790646,0.46687023935322941,True,0.69833389333591278
persona,NGA,Q109,risktaking,5.5949546824230927,0.51055052026923253,True,0.62797241790560088
uniform,NGA,Q109,risktaking,5.5,0.5,True,0.30080833477980695
human,NGA,Q109,risktaking,3.5925550769376908,0.28806167521529896,True,0
adapter,NGA,Q174,posrecip,0.027376488778351304,0.027376488778351304,True,0.35466106258307339
adapter_persona,NGA,Q174,posrecip,0.34510527095787252,0.34510527095787252,True,0.036932280403552231
armA,NGA,Q174,posrecip,0.31261838972568506,0.31261838972568506,True,0.069419161635739635
armB,NGA,Q174,posrecip,0,0,True,0.3820375513614247
base,NGA,Q174,posrecip,0.0068504800266449006,0.0068504800266449006,True,0.3751870713347798
base_fixed_USA,NGA,Q174,posrecip,0.0062899021368924002,0.0062899021368924002,True,0.3757476492245323
persona,NGA,Q174,posrecip,0.075858180021243504,0.075858180021243504,True,0.30617937134018125
uniform,NGA,Q174,posrecip,0.5,0.5,True,0.11796244863857527
human,NGA,Q174,posrecip,0.38203755136142475,0.38203755136142475,True,0
adapter,NGA,Q176,negrecip,5.6948844562055525,0.52165382846728359,True,0.53157912316889511
adapter_persona,NGA,Q176,negrecip,5.9841116898548785,0.55379018776165312,True,0.29951441554550717
armA,NGA,Q176,negrecip,5.5882523655891418,0.50980581839879358,True,0.14771044463605004
armB,NGA,Q176,negrecip,10,1,True,0.89101156246171642
base,NGA,Q176,negrecip,5.5936113303747339,0.51040125893052601,True,0.54207522710432898
base_fixed_USA,NGA,Q176,negrecip,5.5807928879954485,0.50897698755504983,True,0.54084804924038032
persona,NGA,Q176,negrecip,5.558280545102356,0.50647561612248404,True,0.3623151692873614
uniform,NGA,Q176,negrecip,5.5,0.5,True,0.14507089939635007
human,NGA,Q176,negrecip,5.0080232710082342,0.4453359190009149,True,0
adapter,NGA,Q177,negrecip,9.3153415743711037,0.92392684159678928,True,0.23634309038701762
adapter_persona,NGA,Q177,negrecip,7.3416836513541632,0.70463151681712921,True,0.38973583203990053
armA,NGA,Q177,negrecip,5.5882523655891418,0.50980581839879358,True,0.59364375823417315
armB,NGA,Q177,negrecip,10,1,True,0.33401484083634347
base,NGA,Q177,negrecip,9.051640745751989,0.89462674952799881,True,0.20173881647120276
base_fixed_USA,NGA,Q177,negrecip,9.274825983144984,0.91942510923833154,True,0.21712154467968672
persona,NGA,Q177,negrecip,8.7314272165824285,0.8590474685091587,True,0.20180739042973658
uniform,NGA,Q177,negrecip,5.5,0.5,True,0.60229346067399503
human,NGA,Q177,negrecip,8.9875332352470245,0.8875036928052249,True,0
adapter,NGA,Q178,risktaking,5.9818220710920684,0.55353578567689654,True,0.85068121109301853
adapter_persona,NGA,Q178,risktaking,5.4818564410453092,0.49798404900503435,True,0.76221508170848973
armA,NGA,Q178,risktaking,5.6929917484521875,0.5214435276057986,True,0.59952359845827885
armB,NGA,Q178,risktaking,10,1,True,0.9649968654745168
base,NGA,Q178,risktaking,5.9943905335712824,0.55493228150792029,True,0.83494800025061733
base_fixed_USA,NGA,Q178,risktaking,5.9162516417148865,0.54625018241276513,True,0.83249570191882249
persona,NGA,Q178,risktaking,6.2470849236651009,0.58300943596278898,True,0.84967057097205578
uniform,NGA,Q178,risktaking,5.5,0.5,True,0.58124365831848479
human,NGA,Q178,risktaking,2.0151975513622649,0.11279972792914054,True,0
adapter,NGA,Q179,negrecip,6.5283731202999009,0.61426368003332232,True,0.67636113142855736
adapter_persona,NGA,Q179,negrecip,8.0247791921217786,0.78053102134686425,True,0.28595807042474503
armA,NGA,Q179,negrecip,5.5882523655891418,0.50980581839879358,True,0.64370445459068037
armB,NGA,Q179,negrecip,10,1,True,0.25141259715324782
base,NGA,Q179,negrecip,9.3965025858390394,0.93294473175989323,True,0.16573033273608057
base_fixed_USA,NGA,Q179,negrecip,9.4510912345383602,0.93901013717092896,True,0.17154864312287404
persona,NGA,Q179,negrecip,9.7033032075357912,0.96703368972619907,True,0.22503002621231588
uniform,NGA,Q179,negrecip,5.5,0.5,True,0.6485874028467522
human,NGA,Q179,negrecip,9.3126007641619104,0.92362230712910121,True,0
adapter,NGA,Q195,negrecip,5.7447488606542851,0.5271943178504761,True,0.79401698150599154
adapter_persona,NGA,Q195,negrecip,4.6725331974127533,0.40805924415697259,True,0.5327642847531997
armA,NGA,Q195,negrecip,5.5882523655891418,0.50980581839879358,True,0.48361349309089363
armB,NGA,Q195,negrecip,10,1,True,0.95369862808210581
base,NGA,Q195,negrecip,5.5461014634387933,0.5051223848265326,True,0.77675540418008804
base_fixed_USA,NGA,Q195,negrecip,5.5195581846511379,0.50217313162790422,True,0.7778132332663088
persona,NGA,Q195,negrecip,5.647720635241086,0.51641340391567625,True,0.69687650338201301
uniform,NGA,Q195,negrecip,5.5,0.5,True,0.47514689958288897
human,NGA,Q195,negrecip,2.5924802966677984,0.17694225518531093,True,0
adapter,NLD,Q43,patience,1.9465780034856273,0.47328900174281363,True,0.56983676330268085
adapter_persona,NLD,Q43,patience,1.6720671328928429,0.33603356644642146,True,0.25294805957282784
armA,NLD,Q43,patience,2.4758538901805878,0.73792694509029388,True,0.35574924261265584
armB,NLD,Q43,patience,3,1,True,0.75486827033218784
base,NLD,Q43,patience,1.9720544194523646,0.4860272097261823,True,0.55240338328088412
base_fixed_USA,NLD,Q43,patience,1.9654621002804156,0.48273105014020778,True,0.5462333200183509
persona,NLD,Q43,patience,1.9624711828975854,0.48123559144879269,True,0.57494338977999382
uniform,NLD,Q43,patience,2,0.5,True,0.088201603665521197
human,NLD,Q43,patience,1.8476517754868271,0.42382588774341357,True,0
adapter,NLD,Q50,patience,6.7626648774448981,0.64029609749387761,True,0.57384139473952089
adapter_persona,NLD,Q50,patience,7.4504918864885106,0.71672132072094563,True,0.24313855281168048
armA,NLD,Q50,patience,5.9758538901805869,0.55287265446450962,True,0.36002725144421233
armB,NLD,Q50,patience,10,1,True,0.93433852140077822
base,NLD,Q50,patience,6.320539056170877,0.59117100624120855,True,0.56464416549476926
base_fixed_USA,NLD,Q50,patience,6.3070745276425102,0.58967494751583449,True,0.56660404834347555
persona,NLD,Q50,patience,6.9428840866524366,0.66032045407249296,True,0.56146142791556841
uniform,NLD,Q50,patience,5.5,0.5,True,0.40398832684824904
human,NLD,Q50,patience,7.2777237354085607,0.69752485948984011,True,0
adapter,NLD,Q57,trust,0.70578502783701125,0.70578502783701125,True,0.093729386415063815
adapter_persona,NLD,Q57,trust,0.49218813572079562,0.49218813572079562,True,0.11986750570115187
armA,NLD,Q57,trust,0.6490284651517868,0.6490284651517868,True,0.036972823729839316
armB,NLD,Q57,trust,1,1,True,0.38794435857805254
base,NLD,Q57,trust,0.26588047309981694,0.26588047309981694,True,0.34617516832213058
base_fixed_USA,NLD,Q57,trust,0.24508501313237169,0.24508501313237169,True,0.36697062828957572
persona,NLD,Q57,trust,0.88079707797788254,0.88079707797788254,True,0.26874143655593508
uniform,NLD,Q57,trust,0.5,0.5,True,0.11205564142194746
human,NLD,Q57,trust,0.61205564142194746,0.61205564142194746,True,0
adapter,NLD,Q58,trust,3.4162722273916204,0.80542407579720676,True,0.43281524872187466
adapter_persona,NLD,Q58,trust,3.5431766732363608,0.84772555774545355,True,0.28164693570976357
armA,NLD,Q58,trust,2.6490284651517868,0.54967615505059564,True,0.53215922137234339
armB,NLD,Q58,trust,4,1,True,0.17133038782523316
base,NLD,Q58,trust,3.4824117207947269,0.82747057359824228,True,0.36246077156128526
base_fixed_USA,NLD,Q58,trust,3.4583392679043596,0.81944642263478651,True,0.3854808632770092
persona,NLD,Q58,trust,3.7977084353639836,0.9325694784546612,True,0.059399228385757195
uniform,NLD,Q58,trust,2.5,0.5,True,0.57866961217476687
human,NLD,Q58,trust,3.7869415807560136,0.92898052691867117,True,0
adapter,NLD,Q59,trust,2.989620919513988,0.66320697317132937,True,0.4498162079700081
adapter_persona,NLD,Q59,trust,3.1977955114593617,0.73259850381978719,True,0.27155529609593831
armA,NLD,Q59,trust,2.6490284651517868,0.54967615505059564,True,0.32852154102922138
armB,NLD,Q59,trust,4,1,True,0.6083162217659136
base,NLD,Q59,trust,2.9832703265110219,0.66109010883700725,True,0.40658074171198338
base_fixed_USA,NLD,Q59,trust,2.983595522284181,0.6611985074280603,True,0.41007871442982746
persona,NLD,Q59,trust,3.0909313097270195,0.69697710324233986,True,0.40474643827343321
uniform,NLD,Q59,trust,2.5,0.5,True,0.38809034907597534
human,NLD,Q59,trust,3.2530800821355235,0.75102669404517453,True,0
adapter,NLD,Q60,trust,3.1400554263877423,0.71335180879591409,True,0.49056840068545038
adapter_persona,NLD,Q60,trust,3.325605647701293,0.77520188256709766,True,0.24744905920645896
armA,NLD,Q60,trust,2.6490284651517868,0.54967615505059564,True,0.41276320776352277
armB,NLD,Q60,trust,4,1,True,0.39328063241106714
base,NLD,Q60,trust,3.1813854330712408,0.72712847769041355,True,0.43950706237258896
base_fixed_USA,NLD,Q60,trust,3.1939495615702511,0.731316520523417,True,0.42752817309658431
persona,NLD,Q60,trust,3.2214743817934304,0.74049146059781012,True,0.41094058010253348
uniform,NLD,Q60,trust,2.5,0.5,True,0.47233201581027673
human,NLD,Q60,trust,3.5741106719367588,0.8580368906455863,True,0
adapter,NLD,Q61,trust,2.9480638517531972,0.64935461725106569,True,0.31413583935608885
adapter_persona,NLD,Q61,trust,3.0407613134403091,0.68025377114676966,True,0.25801997223901174
armA,NLD,Q61,trust,2.6490284651517868,0.54967615505059564,True,0.38538885559225122
armB,NLD,Q61,trust,4,1,True,0.9464285714285714
base,NLD,Q61,trust,2.8851287746917778,0.62837625823059262,True,0.24539242892155055
base_fixed_USA,NLD,Q61,trust,2.8862271848811716,0.62874239496039053,True,0.24743040905698729
persona,NLD,Q61,trust,2.9551332483989312,0.65171108279964374,True,0.30971590092211704
uniform,NLD,Q61,trust,2.5,0.5,True,0.38182773109243695
human,NLD,Q61,trust,2.6701680672268906,0.55672268907563016,True,0
adapter,NLD,Q62,trust,2.9866718006459037,0.66222393354863451,True,0.36035449871441461
adapter_persona,NLD,Q62,trust,3.0717865325391709,0.69059551084639026,True,0.23685268193454784
armA,NLD,Q62,trust,2.6490284651517868,0.54967615505059564,True,0.34982574351217066
armB,NLD,Q62,trust,4,1,True,0.79550827423167847
base,NLD,Q62,trust,2.9828848533647601,0.66096161778825335,True,0.33762992328134334
base_fixed_USA,NLD,Q62,trust,2.9830138094600915,0.66100460315336385,True,0.34371173599486016
persona,NLD,Q62,trust,3.0027424123020556,0.66758080410068521,True,0.34588469011517364
uniform,NLD,Q62,trust,2.5,0.5,True,0.36288416075650121
human,NLD,Q62,trust,2.9864066193853427,0.66213553979511419,True,0
adapter,NLD,Q63,trust,2.9847157207609638,0.66157190692032131,True,0.32591409032790097
adapter_persona,NLD,Q63,trust,3.1316658522613818,0.71055528408712731,True,0.16794918418508598
armA,NLD,Q63,trust,2.6490284651517868,0.54967615505059564,True,0.37256911312004187
armB,NLD,Q63,trust,4,1,True,0.82301908617698083
base,NLD,Q63,trust,2.9781201320889199,0.6593733773629733,True,0.29151294405596584
base_fixed_USA,NLD,Q63,trust,2.9708565747832969,0.6569521915944323,True,0.28690116756772766
persona,NLD,Q63,trust,3.0232136895158179,0.67440456317193931,True,0.30112841022249182
uniform,NLD,Q63,trust,2.5,0.5,True,0.38562753036437247
human,NLD,Q63,trust,2.9560439560439562,0.65201465201465203,True,0
adapter,NLD,Q64,trust,2.8441893090862678,0.61472976969542259,True,0.51307614480532693
adapter_persona,NLD,Q64,trust,2.918536808901119,0.63951226963370633,True,0.50143197976712017
armA,NLD,Q64,trust,2.6490284651517868,0.54967615505059564,True,0.31820871886057783
armB,NLD,Q64,trust,4,1,True,0.95986622073578598
base,NLD,Q64,trust,2.7263790113469155,0.57545967044897184,True,0.40871231375558792
base_fixed_USA,NLD,Q64,trust,2.7121755996547465,0.57072519988491555,True,0.39960102162562611
persona,NLD,Q64,trust,2.6651543826274144,0.55505146087580481,True,0.41356198090058904
uniform,NLD,Q64,trust,2.5,0.5,True,0.25863991081382387
human,NLD,Q64,trust,1.9894091415830546,0.32980304719435155,True,0
adapter,NLD,Q69,trust,2.8853912358053013,0.62846374526843374,True,0.14280306256458178
adapter_persona,NLD,Q69,trust,3.1384660327572806,0.71282201091909358,True,0.2085432275372982
armA,NLD,Q69,trust,2.6490284651517868,0.54967615505059564,True,0.37417188882691887
armB,NLD,Q69,trust,4,1,True,0.9131961866532865
base,NLD,Q69,trust,2.8205259386540593,0.60684197955135311,True,0.062795663222149717
base_fixed_USA,NLD,Q69,trust,2.8239255680105337,0.60797518933684458,True,0.072217853419868042
persona,NLD,Q69,trust,3.2391253921069616,0.74637513070232053,True,0.25331564505390414
uniform,NLD,Q69,trust,2.5,0.5,True,0.38723030607124942
human,NLD,Q69,trust,2.7681886603110888,0.5893962201036963,True,0
adapter,NLD,Q70,trust,2.9029702429710289,0.63432341432367634,True,0.25053960484976984
adapter_persona,NLD,Q70,trust,3.0750209288924255,0.6916736429641418,True,0.21637942508247757
armA,NLD,Q70,trust,2.6490284651517868,0.54967615505059564,True,0.32188019848068988
armB,NLD,Q70,trust,4,1,True,0.87468545546049326
base,NLD,Q70,trust,2.7866415517141689,0.59554718390472294,True,0.14340932800910577
base_fixed_USA,NLD,Q70,trust,2.8090073137919416,0.60300243793064723,True,0.16678815195697022
persona,NLD,Q70,trust,3.0629336455617358,0.68764454852057855,True,0.23840786553411253
uniform,NLD,Q70,trust,2.5,0.5,True,0.31831907398087567
human,NLD,Q70,trust,2.7463512833417214,0.58211709444724047,True,0
adapter,NLD,Q71,trust,2.3707981900690109,0.45693273002300366,True,0.2016216881890322
adapter_persona,NLD,Q71,trust,2.9276635311186086,0.64255451037286948,True,0.51926548252986171
armA,NLD,Q71,trust,2.6490284651517868,0.54967615505059564,True,0.29464328882847146
armB,NLD,Q71,trust,4,1,True,0.98296593186372749
base,NLD,Q71,trust,2.2931154250837391,0.43103847502791304,True,0.1991942286211312
base_fixed_USA,NLD,Q71,trust,2.2980648346585788,0.43268827821952627,True,0.19605980815370466
persona,NLD,Q71,trust,2.6520014886870302,0.55066716289567674,True,0.35230669969937861
uniform,NLD,Q71,trust,2.5,0.5,True,0.2910821643286573
human,NLD,Q71,trust,2.1292585170340681,0.37641950567802268,True,0
adapter,NLD,Q73,trust,2.6881297943888711,0.562709931462957,True,0.36863315178500855
adapter_persona,NLD,Q73,trust,2.8961302883546454,0.63204342945154846,True,0.49332142740858587
armA,NLD,Q73,trust,2.6490284651517868,0.54967615505059564,True,0.35186979257592416
armB,NLD,Q73,trust,4,1,True,0.9867864693446089
base,NLD,Q73,trust,2.5145573184215806,0.50485243947386016,True,0.19816730922390383
base_fixed_USA,NLD,Q73,trust,2.4940816124279097,0.49802720414263657,True,0.17879304493653653
persona,NLD,Q73,trust,2.6053658382587321,0.53512194608624408,True,0.29643890368301612
uniform,NLD,Q73,trust,2.5,0.5,True,0.34830866807610994
human,NLD,Q73,trust,2.1738900634249472,0.39129668780831572,True,0
adapter,NLD,Q81,posrecip,3.0146381305877208,0.6715460435292403,True,0.45093471378753724
adapter_persona,NLD,Q81,posrecip,3.2255180926550229,0.74183936421834096,True,0.44066395451567159
armA,NLD,Q81,posrecip,2.4257992878556252,0.4752664292852084,True,0.38771490007582465
armB,NLD,Q81,posrecip,1,0,True,0.92491838955386285
base,NLD,Q81,posrecip,2.9379301600301284,0.6459767200100428,True,0.38045890126263476
base_fixed_USA,NLD,Q81,posrecip,2.933953426269869,0.64465114208995633,True,0.37213776002224785
persona,NLD,Q81,posrecip,3.077666702685006,0.69255556756166869,True,0.45055906547111052
uniform,NLD,Q81,posrecip,2.5,0.5,True,0.38683351468988025
human,NLD,Q81,posrecip,2.452665941240479,0.48422198041349301,True,0
adapter,NLD,Q99,altruism,1.9087697555574425,0.95438487777872127,True,0.92507823754538843
adapter_persona,NLD,Q99,altruism,1.7833883643044706,0.89169418215223528,True,0.8838001444947623
armA,NLD,Q99,altruism,0.90496878325939167,0.45248439162969584,True,0.5043612508352765
armB,NLD,Q99,altruism,0,0,True,0.11365902293120636
base,NLD,Q99,altruism,1.3304804228972185,0.66524021144860923,True,0.65630586501878008
base_fixed_USA,NLD,Q99,altruism,1.2792851299000041,0.63964256495000205,True,0.63630953056358974
persona,NLD,Q99,altruism,0.79045269188563727,0.39522634594281864,True,0.55484201664470212
uniform,NLD,Q99,altruism,1,0.5,True,0.5530076437354603
human,NLD,Q99,altruism,0.13060817547357925,0.065304087736789626,True,0
adapter,NLD,Q101,altruism,1.8355832190132586,0.9177916095066293,True,0.85431220975268085
adapter_persona,NLD,Q101,altruism,1.7676197003120926,0.88380985015604629,True,0.84936928703894787
armA,NLD,Q101,altruism,0.90496878325939167,0.45248439162969584,True,0.47131368694013559
armB,NLD,Q101,altruism,0,0,True,0.1467065868263473
base,NLD,Q101,altruism,1.2246439946807794,0.61232199734038972,True,0.60304013750445917
base_fixed_USA,NLD,Q101,altruism,1.2169858475220729,0.60849292376103647,True,0.60338053345948284
persona,NLD,Q101,altruism,0.92347084517989564,0.46173542258994782,True,0.60856513994969341
uniform,NLD,Q101,altruism,1,0.5,True,0.51996007984031933
human,NLD,Q101,altruism,0.18363273453093812,0.091816367265469059,True,0
adapter,NLD,Q103,altruism,1.3269019241814202,0.66345096209071008,True,0.65167983064929325
adapter_persona,NLD,Q103,altruism,1.6863018803925049,0.84315094019625247,True,0.94367239745853793
armA,NLD,Q103,altruism,0.90496878325939167,0.45248439162969584,True,0.58048273622894542
armB,NLD,Q103,altruism,0,0,True,0.037537537537537538
base,NLD,Q103,altruism,0.65825133364359478,0.32912566682179739,True,0.36280383363288948
base_fixed_USA,NLD,Q103,altruism,0.64442636526289543,0.32221318263144771,True,0.35270345732773922
persona,NLD,Q103,altruism,0.19821533165272642,0.099107665826363212,True,0.11866772798112289
uniform,NLD,Q103,altruism,1,0.5,True,0.62912912912912922
human,NLD,Q103,altruism,0.04954954954954955,0.024774774774774775,True,0
adapter,NLD,Q106,risktaking,5.4209523358979839,0.49121692621088708,True,0.55726754651113009
adapter_persona,NLD,Q106,risktaking,5.2573515183798261,0.47303905759775844,True,0.42582081324123289
armA,NLD,Q106,risktaking,5.5946631208062163,0.51051812453402401,True,0.19924825216032002
armB,NLD,Q106,risktaking,10,1,True,0.94385432473444608
base,NLD,Q106,risktaking,5.3953451262379879,0.48837168069310977,True,0.50169050552004668
base_fixed_USA,NLD,Q106,risktaking,5.406422350591277,0.48960248339903079,True,0.49669876925184159
persona,NLD,Q106,risktaking,5.131065283560682,0.45900725372896467,True,0.49783743380905388
uniform,NLD,Q106,risktaking,5.5,0.5,True,0.19109762266059682
human,NLD,Q106,risktaking,5.2271117855336371,0.46967908728151525,True,0
adapter,NLD,Q107,risktaking,5.83589004786222,0.5373211164291356,True,0.28659562615655459
adapter_persona,NLD,Q107,risktaking,4.9044568721427355,0.43382854134919285,True,0.14826332103855649
armA,NLD,Q107,risktaking,5.5946631208062163,0.51051812453402401,True,0.34322756056915044
armB,NLD,Q107,risktaking,10,1,True,0.96329188869153348
base,NLD,Q107,risktaking,5.62015499062462,0.5133505545138467,True,0.19213922071925485
base_fixed_USA,NLD,Q107,risktaking,5.6359970598218077,0.51511078442464531,True,0.18818292770066938
persona,NLD,Q107,risktaking,4.5055200103207262,0.38950222336896956,True,0.27941496241456643
uniform,NLD,Q107,risktaking,5.5,0.5,True,0.34304322084073419
human,NLD,Q107,risktaking,5.3463587921847244,0.4829287546871916,True,0
adapter,NLD,Q109,risktaking,5.2710356140939272,0.474559512677103,True,0.41521911120329169
adapter_persona,NLD,Q109,risktaking,4.9155653671766526,0.43506281857518364,True,0.23980286203848125
armA,NLD,Q109,risktaking,5.5946631208062163,0.51051812453402401,True,0.35969981376115245
armB,NLD,Q109,risktaking,10,1,True,0.98123044838373308
base,NLD,Q109,risktaking,5.1869282284209106,0.46521424760232338,True,0.35090183580941581
base_fixed_USA,NLD,Q109,risktaking,5.2018321541790646,0.46687023935322941,True,0.36097872407392628
persona,NLD,Q109,risktaking,4.7082901224825671,0.41203223583139637,True,0.25649293076828023
uniform,NLD,Q109,risktaking,5.5,0.5,True,0.35495307612095933
human,NLD,Q109,risktaking,4.6788321167883211,0.40875912408759124,True,0
adapter,NLD,Q174,posrecip,0.0068504800266449006,0.0068504800266449006,True,0.39418222221087662
adapter_persona,NLD,Q174,posrecip,0.032100707874465013,0.032100707874465013,True,0.36893199436305657
armA,NLD,Q174,posrecip,0.4257992878556251,0.4257992878556251,True,0.024766585618103604
armB,NLD,Q174,posrecip,0,0,True,0.40103270223752152
base,NLD,Q174,posrecip,0.0068504800266449006,0.0068504800266449006,True,0.39418222221087662
base_fixed_USA,NLD,Q174,posrecip,0.0062899021368924002,0.0062899021368924002,True,0.39474280010062912
persona,NLD,Q174,posrecip,0.0038244836446372,0.0038244836446372,True,0.39720821859288435
uniform,NLD,Q174,posrecip,0.5,0.5,True,0.098967297762478479
human,NLD,Q174,posrecip,0.40103270223752152,0.40103270223752152,True,0
adapter,NLD,Q176,negrecip,5.4855759694119186,0.49839732993465763,True,0.52901960465974329
adapter_persona,NLD,Q176,negrecip,5.6668605761918673,0.51854006402131858,True,0.22529938759557427
armA,NLD,Q176,negrecip,5.7072204649448395,0.52302449610498214,True,0.25125685228722489
armB,NLD,Q176,negrecip,10,1,True,0.96379594075699393
base,NLD,Q176,negrecip,5.5936113303747339,0.51040125893052601,True,0.42960529607292636
base_fixed_USA,NLD,Q176,negrecip,5.5807928879954485,0.50897698755504983,True,0.42521276021123044
persona,NLD,Q176,negrecip,5.308874125695981,0.47876379174399791,True,0.34262105297018047
uniform,NLD,Q176,negrecip,5.5,0.5,True,0.25024684585847501
human,NLD,Q176,negrecip,5.5085024684585848,0.50094471871762059,True,0
adapter,NLD,Q177,negrecip,6.3105022516742597,0.59005580574158445,True,0.71851881656449401
adapter_persona,NLD,Q177,negrecip,6.1787237609426491,0.57541375121584992,True,0.74388323810729251
armA,NLD,Q177,negrecip,5.7072204649448395,0.52302449610498214,True,0.65388624441836307
armB,NLD,Q177,negrecip,10,1,True,0.2505102040816326
base,NLD,Q177,negrecip,9.051640745751989,0.89462674952799881,True,0.1327151308714434
base_fixed_USA,NLD,Q177,negrecip,9.274825983144984,0.91942510923833154,True,0.14673961155280579
persona,NLD,Q177,negrecip,8.6245003696811224,0.84716670774234692,True,0.22306823830581407
uniform,NLD,Q177,negrecip,5.5,0.5,True,0.67448979591836744
human,NLD,Q177,negrecip,9.4306122448979597,0.93673469387755104,True,0
adapter,NLD,Q178,risktaking,6.052181521810283,0.56135350242336479,True,0.81335854185899137
adapter_persona,NLD,Q178,risktaking,5.8200972845724372,0.53556636495249299,True,0.76558490110998623
armA,NLD,Q178,risktaking,5.5946631208062163,0.51051812453402401,True,0.53336620944832236
armB,NLD,Q178,risktaking,10,1,True,0.99492643328259767
base,NLD,Q178,risktaking,5.9943905335712824,0.55493228150792029,True,0.75830069567343938
base_fixed_USA,NLD,Q178,risktaking,5.9162516417148865,0.54625018241276513,True,0.75584839734164466
persona,NLD,Q178,risktaking,6.0414538087088214,0.56016153430098015,True,0.75715517355229578
uniform,NLD,Q178,risktaking,5.5,0.5,True,0.52141045154743781
human,NLD,Q178,risktaking,2.0953830542871641,0.12170922825412935,True,0
adapter,NLD,Q179,negrecip,6.2875224791138464,0.58750249767931628,True,0.83917726473169774
adapter_persona,NLD,Q179,negrecip,7.8305299806482749,0.75894777562758609,True,0.42757117602980482
armA,NLD,Q179,negrecip,5.7072204649448395,0.52302449610498214,True,0.71297048260326223
armB,NLD,Q179,negrecip,10,1,True,0.1753410813542193
base,NLD,Q179,negrecip,9.3965025858390394,0.93294473175989323,True,0.11430988590759063
base_fixed_USA,NLD,Q179,negrecip,9.4510912345383602,0.93901013717092896,True,0.11893123287002187
persona,NLD,Q179,negrecip,9.8426579345112426,0.98251754827902693,True,0.15930254008349456
uniform,NLD,Q179,negrecip,5.5,0.5,True,0.73329964628600308
human,NLD,Q179,negrecip,9.6528549772612422,0.96142833080680468,True,0
adapter,NLD,Q195,negrecip,5.8330100080679728,0.53700111200755252,True,0.65416110080358802
adapter_persona,NLD,Q195,negrecip,3.8578015205389966,0.31753350228211075,True,0.23160312173973588
armA,NLD,Q195,negrecip,5.7072204649448395,0.52302449610498214,True,0.37645244112641713
armB,NLD,Q195,negrecip,10,1,True,0.96344647519582249
base,NLD,Q195,negrecip,5.5461014634387933,0.5051223848265326,True,0.612030634804416
base_fixed_USA,NLD,Q195,negrecip,5.5195581846511379,0.50217313162790422,True,0.61308846389063665
persona,NLD,Q195,negrecip,1.4939475192185498,0.054883057690949984,True,0.4623136184876685
uniform,NLD,Q195,negrecip,5.5,0.5,True,0.35613577023498699
human,NLD,Q195,negrecip,3.4015665796344647,0.26684073107049611,True,0
adapter,RUS,Q43,patience,2.0133777469147649,0.50668887345738245,True,0.78618624221948619
adapter_persona,RUS,Q43,patience,2.6171327068802981,0.80856635344014904,True,0.26769350684267151
armA,RUS,Q43,patience,1.9623610265552998,0.48118051327764988,True,0.20133949801618939
armB,RUS,Q43,patience,1,0,True,0.70741241154289836
base,RUS,Q43,patience,1.9772230264275823,0.48861151321379115,True,0.73337445419370662
base_fixed_USA,RUS,Q43,patience,1.9654621002804156,0.48273105014020778,True,0.7122397028585451
persona,RUS,Q43,patience,2.1747670400235055,0.58738352001175276,True,0.44926355903659121
uniform,RUS,Q43,patience,2,0.5,True,0.18269714489855637
human,RUS,Q43,patience,2.223442889774788,0.61172144488739399,True,0
adapter,RUS,Q50,patience,5.9103843302116141,0.54559825891240155,True,0.5758530837670176
adapter_persona,RUS,Q50,patience,4.9192568387555697,0.43547298208395219,True,0.32416600674872342
armA,RUS,Q50,patience,5.4623610265552998,0.49581789183947778,True,0.24079457642879554
armB,RUS,Q50,patience,1,0,True,0.93829606093979279
base,RUS,Q50,patience,6.2781176192182144,0.58645751324646822,True,0.56385472598688724
base_fixed_USA,RUS,Q50,patience,6.3070745276425102,0.58967494751583449,True,0.57005914425331661
persona,RUS,Q50,patience,5.7097057529455579,0.52330063921617309,True,0.41173150581675255
uniform,RUS,Q50,patience,5.5,0.5,True,0.23894474128797
human,RUS,Q50,patience,5.5258076222355639,0.50286751358172932,True,0
adapter,RUS,Q57,trust,0.0010322310367547999,0.0010322310367547999,True,0.2345389910775747
adapter_persona,RUS,Q57,trust,0.00043055712448736983,0.00043055712448736983,True,0.2351406649898421
armA,RUS,Q57,trust,0.42461256682872767,0.42461256682872767,True,0.18904134471439818
armB,RUS,Q57,trust,0,0,True,0.23557122211432946
base,RUS,Q57,trust,0.2689414213699951,0.2689414213699951,True,0.033370199255665645
base_fixed_USA,RUS,Q57,trust,0.24508501313237169,0.24508501313237169,True,0.0095137910180422558
persona,RUS,Q57,trust,0.0026316739748845001,0.0026316739748845001,True,0.23293954813944501
uniform,RUS,Q57,trust,0.5,0.5,True,0.26442877788567054
human,RUS,Q57,trust,0.23557122211432946,0.23557122211432946,True,0
adapter,RUS,Q58,trust,3.0180240978760953,0.67267469929203172,True,0.84117100527095867
adapter_persona,RUS,Q58,trust,2.9245394527684083,0.64151315092280281,True,0.76962792180674833
armA,RUS,Q58,trust,2.4246125668287277,0.47487085560957593,True,0.62587885967201506
armB,RUS,Q58,trust,1,0,True,0.99509213278995123
base,RUS,Q58,trust,3.458967312914293,0.81965577097143105,True,0.40896690697542448
base_fixed_USA,RUS,Q58,trust,3.4583392679043596,0.81944642263478651,True,0.40883205507193476
persona,RUS,Q58,trust,3.7701126560118512,0.92337088533728373,True,0.10288480998601765
uniform,RUS,Q58,trust,2.5,0.5,True,0.60371479368791259
human,RUS,Q58,trust,3.8215367532113032,0.94051225107043435,True,0
adapter,RUS,Q59,trust,2.964514097583296,0.65483803252776529,True,0.44241748723169377
adapter_persona,RUS,Q59,trust,2.6843931642185939,0.56146438807286458,True,0.19694516082848257
armA,RUS,Q59,trust,2.4246125668287277,0.47487085560957593,True,0.27605238886195543
armB,RUS,Q59,trust,1,0,True,0.94242499344858632
base,RUS,Q59,trust,2.983595522284181,0.6611985074280603,True,0.38841831258363752
base_fixed_USA,RUS,Q59,trust,2.983595522284181,0.6611985074280603,True,0.38841831258363752
persona,RUS,Q59,trust,2.9136694191130097,0.63788980637100323,True,0.22051106356843242
uniform,RUS,Q59,trust,2.5,0.5,True,0.26806697268807911
human,RUS,Q59,trust,2.8484017806670709,0.61613392688902369,True,0
adapter,RUS,Q60,trust,2.989167074915188,0.66305569163839595,True,0.42599037684844832
adapter_persona,RUS,Q60,trust,2.6874980883252415,0.5624993627750805,True,0.19650652477504604
armA,RUS,Q60,trust,2.4246125668287277,0.47487085560957593,True,0.3109611067402922
armB,RUS,Q60,trust,1,0,True,0.9585704017351524
base,RUS,Q60,trust,3.1744187249712632,0.72480624165708774,True,0.25927606584202195
base_fixed_USA,RUS,Q60,trust,3.1939495615702511,0.731316520523417,True,0.24016513075151227
persona,RUS,Q60,trust,2.9540938005485442,0.65136460018284803,True,0.22871305089746349
uniform,RUS,Q60,trust,2.5,0.5,True,0.30297569056641593
human,RUS,Q60,trust,2.9505984578291851,0.65019948594306165,True,0
adapter,RUS,Q61,trust,2.4686816076722637,0.4895605358907546,True,0.33665334510469874
adapter_persona,RUS,Q61,trust,2.4911577959298259,0.49705259864327528,True,0.33552916376710151
armA,RUS,Q61,trust,2.4246125668287277,0.47487085560957593,True,0.2379632602907675
armB,RUS,Q61,trust,1,0,True,0.68953161960147757
base,RUS,Q61,trust,2.8862271848811716,0.62874239496039053,True,0.66967846505679218
base_fixed_USA,RUS,Q61,trust,2.8862271848811716,0.62874239496039053,True,0.66967846505679218
persona,RUS,Q61,trust,2.2251237535307915,0.40837458451026382,True,0.31041701359735485
uniform,RUS,Q61,trust,2.5,0.5,True,0.26811274244874617
human,RUS,Q61,trust,1.9479281402836219,0.31597604676120733,True,0
adapter,RUS,Q62,trust,2.9483490723930119,0.64944969079767068,True,0.60409551141106044
adapter_persona,RUS,Q62,trust,2.2318828008838745,0.41062760029462481,True,0.093280117534204121
armA,RUS,Q62,trust,2.4246125668287277,0.47487085560957593,True,0.22272043971475286
armB,RUS,Q62,trust,1,0,True,0.77305575668459814
base,RUS,Q62,trust,2.9833965110535146,0.66113217035117156,True,0.61644108636591644
base_fixed_USA,RUS,Q62,trust,2.9830138094600915,0.66100460315336385,True,0.61625647304038011
persona,RUS,Q62,trust,2.6797057188207214,0.55990190627357384,True,0.29014520847831748
uniform,RUS,Q62,trust,2.5,0.5,True,0.22181062066966378
human,RUS,Q62,trust,2.2158854524254479,0.40529515080848261,True,0
adapter,RUS,Q63,trust,2.9162334471727838,0.63874448239092796,True,0.56558656664588469
adapter_persona,RUS,Q63,trust,2.4920648885401628,0.49735496284672093,True,0.20936377024148775
armA,RUS,Q63,trust,2.4246125668287277,0.47487085560957593,True,0.2264421243888643
armB,RUS,Q63,trust,1,0,True,0.78176532255562625
base,RUS,Q63,trust,2.9770270168155579,0.65900900560518594,True,0.58057661670434402
base_fixed_USA,RUS,Q63,trust,2.9708565747832969,0.6569521915944323,True,0.57480784543204311
persona,RUS,Q63,trust,2.6355388033043314,0.54517960110144381,True,0.24149707775064697
uniform,RUS,Q63,trust,2.5,0.5,True,0.22553230534377522
human,RUS,Q63,trust,2.2419522094793853,0.4139840698264618,True,0
adapter,RUS,Q64,trust,2.14784296101123,0.38261432033707665,True,0.62646275629105919
adapter_persona,RUS,Q64,trust,2.3096533089540259,0.43655110298467531,True,0.3032668928315817
armA,RUS,Q64,trust,2.4246125668287277,0.47487085560957593,True,0.17462003483468447
armB,RUS,Q64,trust,1,0,True,0.85868032995029187
base,RUS,Q64,trust,2.7190908498138544,0.5730302832712848,True,0.25471351389308183
base_fixed_USA,RUS,Q64,trust,2.7121755996547465,0.57072519988491555,True,0.25123880691105682
persona,RUS,Q64,trust,2.5529713657809179,0.51765712192697266,True,0.11326117930294947
uniform,RUS,Q64,trust,2.5,0.5,True,0.14486859504828203
human,RUS,Q64,trust,2.7527528402554222,0.58425094675180744,True,0
adapter,RUS,Q69,trust,2.2044166509946059,0.40147221699820196,True,0.49409503284727807
adapter_persona,RUS,Q69,trust,2.2254497497851209,0.40848324992837365,True,0.40627824869039447
armA,RUS,Q69,trust,2.4246125668287277,0.47487085560957593,True,0.19914297285654514
armB,RUS,Q69,trust,1,0,True,0.81904590064755745
base,RUS,Q69,trust,2.8239255680105337,0.60797518933684458,True,0.31356453516577526
base_fixed_USA,RUS,Q69,trust,2.8239255680105337,0.60797518933684458,True,0.31356453516577526
persona,RUS,Q69,trust,2.3202297562997511,0.4400765854332504,True,0.32217331582513814
uniform,RUS,Q69,trust,2.5,0.5,True,0.19823315381145606
human,RUS,Q69,trust,2.4565550186451022,0.48551833954836737,True,0
adapter,RUS,Q70,trust,2.1489815140405168,0.38299383801350562,True,0.52164744573449207
adapter_persona,RUS,Q70,trust,2.1266974590294652,0.37556581967648839,True,0.42823279053062868
armA,RUS,Q70,trust,2.4246125668287277,0.47487085560957593,True,0.20163658252321148
armB,RUS,Q70,trust,1,0,True,0.80857355465481828
base,RUS,Q70,trust,2.7842146278064543,0.59473820926881815,True,0.32536560892524236
base_fixed_USA,RUS,Q70,trust,2.8090073137919416,0.60300243793064723,True,0.3471917442123803
persona,RUS,Q70,trust,2.2240843675537487,0.40802812251791626,True,0.36746583402665001
uniform,RUS,Q70,trust,2.5,0.5,True,0.20072676347812241
human,RUS,Q70,trust,2.3959521204951253,0.4653173734983751,True,0
adapter,RUS,Q71,trust,2.011614493462186,0.33720483115406202,True,0.70076788561546444
adapter_persona,RUS,Q71,trust,2.1491159537818709,0.38303865126062364,True,0.45281476686392891
armA,RUS,Q71,trust,2.4246125668287277,0.47487085560957593,True,0.19714232264948028
armB,RUS,Q71,trust,1,0,True,0.83458384843976807
base,RUS,Q71,trust,2.2989848745952024,0.43299495819840078,True,0.41171869177113063
base_fixed_USA,RUS,Q71,trust,2.2980648346585788,0.43268827821952627,True,0.4112248789586298
persona,RUS,Q71,trust,2.1496409780849484,0.38321365936164947,True,0.51246642227926131
uniform,RUS,Q71,trust,2.5,0.5,True,0.19623250360439121
human,RUS,Q71,trust,2.5220338961459965,0.50734463204866553,True,0
adapter,RUS,Q73,trust,2.0396727773348733,0.34655759244495776,True,0.60223705758611756
adapter_persona,RUS,Q73,trust,2.1782227879932217,0.39274092933107391,True,0.3581453408223163
armA,RUS,Q73,trust,2.4246125668287277,0.47487085560957593,True,0.19520069734170914
armB,RUS,Q73,trust,1,0,True,0.77168589555402112
base,RUS,Q73,trust,2.5257526779952375,0.50858422599841246,True,0.26855739139624202
base_fixed_USA,RUS,Q73,trust,2.4940816124279097,0.49802720414263657,True,0.27079539214401516
persona,RUS,Q73,trust,2.1503096563488784,0.38343655211629279,True,0.38833773723905768
uniform,RUS,Q73,trust,2.5,0.5,True,0.19429087829662006
human,RUS,Q73,trust,2.2689603550597517,0.42298678501991721,True,0
adapter,RUS,Q81,posrecip,2.2960116536208517,0.43200388454028388,True,0.38310851397060502
adapter_persona,RUS,Q81,posrecip,2.4019066160926501,0.46730220536421668,True,0.24630682515064362
armA,RUS,Q81,posrecip,2.4532974660396576,0.48443248867988586,True,0.19622616034796445
armB,RUS,Q81,posrecip,1,0,True,0.82684681919516356
base,RUS,Q81,posrecip,2.9243805538575098,0.64146018461916998,True,0.42044794508825195
base_fixed_USA,RUS,Q81,posrecip,2.933953426269869,0.64465114208995633,True,0.41372092098383439
persona,RUS,Q81,posrecip,2.6798898851462454,0.55996329504874842,True,0.15887400341711436
uniform,RUS,Q81,posrecip,2.5,0.5,True,0.1958771069781825
human,RUS,Q81,posrecip,2.4635273653280407,0.48784245510934693,True,0
adapter,RUS,Q99,altruism,0.0017786240417575002,0.00088931202087875008,True,0.019286185303975814
adapter_persona,RUS,Q99,altruism,0.33932428226845174,0.16966214113422587,True,0.24357540426512742
armA,RUS,Q99,altruism,0.96537958458065987,0.48268979229032993,True,0.62862925931581071
armB,RUS,Q99,altruism,0,0,True,0.020577344310779809
base,RUS,Q99,altruism,1.3267352684482283,0.66336763422411416,True,0.74585267996848725
base_fixed_USA,RUS,Q99,altruism,1.2792851299000041,0.63964256495000205,True,0.72939120918401634
persona,RUS,Q99,altruism,0.37718449177365998,0.18859224588682999,True,0.30796706781821404
uniform,RUS,Q99,altruism,1,0.5,True,0.64608932235588679
human,RUS,Q99,altruism,0.026310267930132705,0.013155133965066353,True,0
adapter,RUS,Q101,altruism,0.0022987988838987002,0.0011493994419493501,True,0.030899766930000516
adapter_persona,RUS,Q101,altruism,0.32556418154369415,0.16278209077184708,True,0.22937421966812077
armA,RUS,Q101,altruism,0.96537958458065987,0.48268979229032993,True,0.61649524882879325
armB,RUS,Q101,altruism,0,0,True,0.032711354797797305
base,RUS,Q101,altruism,1.22445469264022,0.61222734632011,True,0.70877354274894266
base_fixed_USA,RUS,Q101,altruism,1.2169858475220729,0.60849292376103647,True,0.71737576548803283
persona,RUS,Q101,altruism,0.51717206834294494,0.25858603417147247,True,0.39026403542323462
uniform,RUS,Q101,altruism,1,0.5,True,0.63395531186886944
human,RUS,Q101,altruism,0.040957600049516922,0.020478800024758461,True,0
adapter,RUS,Q103,altruism,0.0023284538598601998,0.0011642269299300999,True,0.018835966095796013
adapter_persona,RUS,Q103,altruism,0.24090598518994344,0.12045299259497172,True,0.17030957782040806
armA,RUS,Q103,altruism,0.96537958458065987,0.48268979229032993,True,0.62875120798238704
armB,RUS,Q103,altruism,0,0,True,0.020455395644203532
base,RUS,Q103,altruism,0.64442636526289543,0.32221318263144771,True,0.36978559922107318
base_fixed_USA,RUS,Q103,altruism,0.64442636526289543,0.32221318263144771,True,0.36978559922107318
persona,RUS,Q103,altruism,0.21939122507250033,0.10969561253625017,True,0.14906143872361199
uniform,RUS,Q103,altruism,1,0.5,True,0.64621127102246323
human,RUS,Q103,altruism,0.025702914204348074,0.012851457102174037,True,0
adapter,RUS,Q106,risktaking,5.2928116710905408,0.47697907456561567,True,0.65012342913519805
adapter_persona,RUS,Q106,risktaking,5.5425245718474869,0.5047249524274986,True,0.31485597535809251
armA,RUS,Q106,risktaking,5.338318794965744,0.48203542166286045,True,0.23266982825040303
armB,RUS,Q106,risktaking,1,0,True,0.92609593602798057
base,RUS,Q106,risktaking,5.4266832344593858,0.49185369271770951,True,0.61370975544408801
base_fixed_USA,RUS,Q106,risktaking,5.406422350591277,0.48960248339903079,True,0.61399033169374173
persona,RUS,Q106,risktaking,5.6593049359959657,0.51770054844399616,True,0.52777512539691496
uniform,RUS,Q106,risktaking,5.5,0.5,True,0.21578310479619889
human,RUS,Q106,risktaking,6.7023283211529519,0.63359203568366129,True,0
adapter,RUS,Q107,risktaking,5.6334164246905845,0.51482404718784269,True,0.43953886932948355
adapter_persona,RUS,Q107,risktaking,5.9772205206184319,0.55302450229093691,True,0.21796175287504671
armA,RUS,Q107,risktaking,5.338318794965744,0.48203542166286045,True,0.26936679596523511
armB,RUS,Q107,risktaking,1,0,True,0.94616092037720012
base,RUS,Q107,risktaking,5.6316956880982296,0.51463285423313665,True,0.29186532011532917
base_fixed_USA,RUS,Q107,risktaking,5.6359970598218077,0.51511078442464531,True,0.28025773144908517
persona,RUS,Q107,risktaking,5.7447418762725455,0.52719354180806066,True,0.26751781345749792
uniform,RUS,Q107,risktaking,5.5,0.5,True,0.25248007251103094
human,RUS,Q107,risktaking,6.4375310289983867,0.60417011433315404,True,0
adapter,RUS,Q109,risktaking,5.158290708598984,0.46203230095544268,True,0.61858639176519936
adapter_persona,RUS,Q109,risktaking,4.7602405499895495,0.41780450555439441,True,0.29802260733827479
armA,RUS,Q109,risktaking,5.338318794965744,0.48203542166286045,True,0.18996920096511616
armB,RUS,Q109,risktaking,1,0,True,0.81378456947551436
base,RUS,Q109,risktaking,5.1801595692905993,0.46446217436562215,True,0.50603300507843418
base_fixed_USA,RUS,Q109,risktaking,5.2018321541790646,0.46687023935322941,True,0.50292484303508467
persona,RUS,Q109,risktaking,5.2495503794182605,0.47217226437980675,True,0.36444272997839305
uniform,RUS,Q109,risktaking,5.5,0.5,True,0.2063949894819074
human,RUS,Q109,risktaking,4.3862855691555831,0.37625395212839813,True,0
adapter,RUS,Q174,posrecip,0.012431650853185804,0.012431650853185804,True,0.19800481521672095
adapter_persona,RUS,Q174,posrecip,0.11436852014455506,0.11436852014455506,True,0.0960679459253517
armA,RUS,Q174,posrecip,0.45329746603965759,0.45329746603965759,True,0.2428609999697508
armB,RUS,Q174,posrecip,0,0,True,0.21043646606990674
base,RUS,Q174,posrecip,0.0071214287457351012,0.0071214287457351012,True,0.20331503732417167
base_fixed_USA,RUS,Q174,posrecip,0.0062899021368924002,0.0062899021368924002,True,0.20414656393301434
persona,RUS,Q174,posrecip,0.095349464899109504,0.095349464899109504,True,0.11508700117079726
uniform,RUS,Q174,posrecip,0.5,0.5,True,0.28956353393009326
human,RUS,Q174,posrecip,0.21043646606990674,0.21043646606990674,True,0
adapter,RUS,Q176,negrecip,5.5022947531756765,0.50025497257507512,True,0.51256966281276506
adapter_persona,RUS,Q176,negrecip,4.6543214931634367,0.40603572146260408,True,0.24668770528371659
armA,RUS,Q176,negrecip,5.4222643598914146,0.49136270665460163,True,0.186403031320166
armB,RUS,Q176,negrecip,1,0,True,0.89963601328883824
base,RUS,Q176,negrecip,5.5248470768246758,0.5027607863138529,True,0.42475292224325778
base_fixed_USA,RUS,Q176,negrecip,5.5807928879954485,0.50897698755504983,True,0.41859627333600702
persona,RUS,Q176,negrecip,5.4755942704296885,0.49728825226996537,True,0.24720567205177232
uniform,RUS,Q176,negrecip,5.5,0.5,True,0.17870482081406489
human,RUS,Q176,negrecip,5.7451624023307319,0.52724026692563686,True,0
adapter,RUS,Q177,negrecip,9.8718804783090128,0.98576449758989027,True,0.62453348282088283
adapter_persona,RUS,Q177,negrecip,9.0760984168840242,0.89734426854266935,True,0.43689326849362886
armA,RUS,Q177,negrecip,5.4222643598914146,0.49136270665460163,True,0.27459399500040738
armB,RUS,Q177,negrecip,1,0,True,0.92888218147704515
base,RUS,Q177,negrecip,9.2714888886603468,0.91905432096226081,True,0.48973199055127342
base_fixed_USA,RUS,Q177,negrecip,9.274825983144984,0.91942510923833154,True,0.49258900274472484
persona,RUS,Q177,negrecip,8.0602776482788947,0.7844752942532105,True,0.29742468846958187
uniform,RUS,Q177,negrecip,5.5,0.5,True,0.26753604105643564
human,RUS,Q177,negrecip,7.1280080316127385,0.68088978129030431,True,0
adapter,RUS,Q178,risktaking,5.5188470554629472,0.50209411727366082,True,0.55178226679762521
adapter_persona,RUS,Q178,risktaking,4.2653661727911247,0.36281846364345832,True,0.26773514128632908
armA,RUS,Q178,risktaking,5.338318794965744,0.48203542166286045,True,0.17857530861748705
armB,RUS,Q178,risktaking,1,0,True,0.77631396060557278
base,RUS,Q178,risktaking,6.0472899274888281,0.56080999194320313,True,0.4392692444773082
base_fixed_USA,RUS,Q178,risktaking,5.9162516417148865,0.54625018241276513,True,0.42348416136046485
persona,RUS,Q178,risktaking,5.7506892036218087,0.52785435595797869,True,0.39988028894115085
uniform,RUS,Q178,risktaking,5.5,0.5,True,0.17986173936162808
human,RUS,Q178,risktaking,4.8995410084976623,0.43328233427751806,True,0
adapter,RUS,Q179,negrecip,9.870951063973779,0.98566122933041989,True,0.35248297123765132
adapter_persona,RUS,Q179,negrecip,9.2439279133437395,0.91599199037152657,True,0.21024737324407905
armA,RUS,Q179,negrecip,5.4222643598914146,0.49136270665460163,True,0.53055825151878067
armB,RUS,Q179,negrecip,1,0,True,0.98934871690772108
base,RUS,Q179,negrecip,9.4694291359763909,0.94104768177515452,True,0.27006832524168628
base_fixed_USA,RUS,Q179,negrecip,9.4510912345383602,0.93901013717092896,True,0.26514201373594881
persona,RUS,Q179,negrecip,9.388915212134993,0.93210169023722145,True,0.30777024261246039
uniform,RUS,Q179,negrecip,5.5,0.5,True,0.52309104828368802
human,RUS,Q179,negrecip,8.7388283290556856,0.85986981433952059,True,0
adapter,RUS,Q195,negrecip,5.2219576085150869,0.46910640094612077,True,0.58951657168881233
adapter_persona,RUS,Q195,negrecip,3.2572441432796766,0.25080490480885298,True,0.21926516848298594
armA,RUS,Q195,negrecip,5.4222643598914146,0.49136270665460163,True,0.25229797445867719
armB,RUS,Q195,negrecip,1,0,True,0.71530902081086534
base,RUS,Q195,negrecip,5.6019156309017575,0.51132395898908412,True,0.54815765326630261
base_fixed_USA,RUS,Q195,negrecip,5.5195581846511379,0.50217313162790422,True,0.5408091175866766
persona,RUS,Q195,negrecip,5.5797452847730593,0.50886058719700655,True,0.42352897252052979
uniform,RUS,Q195,negrecip,5.5,0.5,True,0.25284003622877371
human,RUS,Q195,negrecip,4.5751837775949804,0.39724264195499781,True,0
adapter,TUR,Q43,patience,1.8330013806292307,0.41650069031461534,True,0.49884288626843931
adapter_persona,TUR,Q43,patience,1.7409339614154216,0.37046698070771078,True,0.16668062761383742
armA,TUR,Q43,patience,1.9763005506247282,0.4881502753123641,True,0.073403428883350025
armB,TUR,Q43,patience,1,0,True,0.6021052631578947
base,TUR,Q43,patience,1.9720544194523646,0.4860272097261823,True,0.65000222574787636
base_fixed_USA,TUR,Q43,patience,1.9654621002804156,0.48273105014020778,True,0.64383216248534314
persona,TUR,Q43,patience,2.0588589829584296,0.52942949147921481,True,0.49988999548825352
uniform,TUR,Q43,patience,2,0.5,True,0.0735438596491228
human,TUR,Q43,patience,1.944421052631579,0.47221052631578952,True,0
adapter,TUR,Q50,patience,6.5987660044682146,0.6220851116075794,True,0.48668686227324603
adapter_persona,TUR,Q50,patience,6.3530063767098435,0.59477848630109376,True,0.15764207232469563
armA,TUR,Q50,patience,5.4763005506247282,0.49736672784719205,True,0.33510423472547546
armB,TUR,Q50,patience,1,0,True,0.96837286724927174
base,TUR,Q50,patience,6.320539056170877,0.59117100624120855,True,0.50201785020226597
base_fixed_USA,TUR,Q50,patience,6.3070745276425102,0.58967494751583449,True,0.49878628116098445
persona,TUR,Q50,patience,6.0869797020687191,0.56521996689652432,True,0.4173354500319989
uniform,TUR,Q50,patience,5.5,0.5,True,0.33437369954223883
human,TUR,Q50,patience,5.885975863503953,0.54288620705599477,True,0
adapter,TUR,Q57,trust,0.57749536518581179,0.57749536518581179,True,0.43487933143053759
adapter_persona,TUR,Q57,trust,0.12085322299118346,0.12085322299118346,True,0.021762810764090805
armA,TUR,Q57,trust,0.56455512344837189,0.56455512344837189,True,0.42193908969309757
armB,TUR,Q57,trust,1,1,True,0.85738396624472579
base,TUR,Q57,trust,0.26588047309981694,0.26588047309981694,True,0.12326443934454268
base_fixed_USA,TUR,Q57,trust,0.24508501313237169,0.24508501313237169,True,0.10246897937709748
persona,TUR,Q57,trust,0.037326887344129402,0.037326887344129402,True,0.10528914641114485
uniform,TUR,Q57,trust,0.5,0.5,True,0.35738396624472579
human,TUR,Q57,trust,0.14261603375527426,0.14261603375527426,True,0
adapter,TUR,Q58,trust,3.533210008093616,0.84440333603120532,True,0.30208437195798887
adapter_persona,TUR,Q58,trust,3.4123416808227236,0.80411389360757457,True,0.33933508520255878
armA,TUR,Q58,trust,2.5645551234483719,0.52151837448279059,True,0.55706987054583523
armB,TUR,Q58,trust,4,1,True,0.17322834645669294
base,TUR,Q58,trust,3.4824117207947269,0.82747057359824228,True,0.36185144729274388
base_fixed_USA,TUR,Q58,trust,3.4583392679043596,0.81944642263478651,True,0.38487153900846782
persona,TUR,Q58,trust,3.7508885567002346,0.91696285223341156,True,0.10162187128387624
uniform,TUR,Q58,trust,2.5,0.5,True,0.57677165354330706
human,TUR,Q58,trust,3.7932034811438045,0.93106782704793478,True,0
adapter,TUR,Q59,trust,2.9982261343710221,0.66607537812367401,True,0.23549125561537995
adapter_persona,TUR,Q59,trust,3.0655288454847613,0.68850961516158715,True,0.084376395450595956
armA,TUR,Q59,trust,2.5645551234483719,0.52151837448279059,True,0.36473035643193574
armB,TUR,Q59,trust,4,1,True,0.80024916943521585
base,TUR,Q59,trust,2.9832703265110219,0.66109010883700725,True,0.28214013647413827
base_fixed_USA,TUR,Q59,trust,2.983595522284181,0.6611985074280603,True,0.2856381091919824
persona,TUR,Q59,trust,3.0809640146177166,0.69365467153923888,True,0.18409016572247669
uniform,TUR,Q59,trust,2.5,0.5,True,0.37084717607973416
human,TUR,Q59,trust,2.9858803986710964,0.66196013289036548,True,0
adapter,TUR,Q60,trust,3.3110173299740957,0.77033910999136523,True,0.28473911448043104
adapter_persona,TUR,Q60,trust,3.1795156714389314,0.72650522381297711,True,0.19566228281368286
armA,TUR,Q60,trust,2.5645551234483719,0.52151837448279059,True,0.31133855602675525
armB,TUR,Q60,trust,4,1,True,0.85678704856787058
base,TUR,Q60,trust,3.1813854330712408,0.72712847769041355,True,0.28271928851284966
base_fixed_USA,TUR,Q60,trust,3.1939495615702511,0.731316520523417,True,0.28300989888951444
persona,TUR,Q60,trust,3.104026117269874,0.70134203908995796,True,0.25274496700346472
uniform,TUR,Q60,trust,2.5,0.5,True,0.31745537567455373
human,TUR,Q60,trust,2.775425487754255,0.59180849591808504,True,0
adapter,TUR,Q61,trust,2.9316065317674216,0.6438688439224739,True,0.66924736653382733
adapter_persona,TUR,Q61,trust,2.9055120018605711,0.635170667286857,True,0.56845077342409511
armA,TUR,Q61,trust,2.5645551234483719,0.52151837448279059,True,0.27374219068513744
armB,TUR,Q61,trust,4,1,True,0.96760797342192695
base,TUR,Q61,trust,2.8851287746917778,0.62837625823059262,True,0.6533340939596588
base_fixed_USA,TUR,Q61,trust,2.8862271848811716,0.62874239496039053,True,0.65537207409509546
persona,TUR,Q61,trust,2.5283409361070808,0.50944697870236022,True,0.29931919372001475
uniform,TUR,Q61,trust,2.5,0.5,True,0.24792358803986708
human,TUR,Q61,trust,1.9987541528239203,0.33291805094130678,True,0
adapter,TUR,Q62,trust,2.9944746834702021,0.66482489449006732,True,0.61602610751714293
adapter_persona,TUR,Q62,trust,2.8870045431799514,0.62900151439331708,True,0.48913484391747186
armA,TUR,Q62,trust,2.5645551234483719,0.52151837448279059,True,0.24665750899765074
armB,TUR,Q62,trust,4,1,True,0.9666233203294321
base,TUR,Q62,trust,2.9828848533647601,0.66096161778825335,True,0.64102123618348816
base_fixed_USA,TUR,Q62,trust,2.9830138094600915,0.66100460315336385,True,0.6471030488970051
persona,TUR,Q62,trust,2.8941013513118339,0.63136711710394466,True,0.52063381214316273
uniform,TUR,Q62,trust,2.5,0.5,True,0.24599046380580841
human,TUR,Q62,trust,2.1556133506718682,0.38520445022395605,True,0
adapter,TUR,Q63,trust,3.0080430824002438,0.66934769413341455,True,0.63405738243625676
adapter_persona,TUR,Q63,trust,2.9512774276352083,0.65042580921173609,True,0.53890978000753786
armA,TUR,Q63,trust,2.5645551234483719,0.52151837448279059,True,0.24646626966405258
armB,TUR,Q63,trust,4,1,True,0.96940973718224899
base,TUR,Q63,trust,2.9781201320889199,0.6593733773629733,True,0.63459415817733955
base_fixed_USA,TUR,Q63,trust,2.9708565747832969,0.6569521915944323,True,0.62998238168910148
persona,TUR,Q63,trust,2.8666574126093387,0.6222191375364462,True,0.510267307194611
uniform,TUR,Q63,trust,2.5,0.5,True,0.24579922447221025
human,TUR,Q63,trust,2.1301163291684619,0.376705443056154,True,0
adapter,TUR,Q64,trust,2.8935478734384525,0.63118262447948414,True,0.062978948663138454
adapter_persona,TUR,Q64,trust,3.2290194058935118,0.74300646863117059,True,0.28035926162990454
armA,TUR,Q64,trust,2.5645551234483719,0.52151837448279059,True,0.23778818245392491
armB,TUR,Q64,trust,4,1,True,0.77889869693148372
base,TUR,Q64,trust,2.7263790113469155,0.57545967044897184,True,0.14824576788289473
base_fixed_USA,TUR,Q64,trust,2.7121755996547465,0.57072519988491555,True,0.14615156342796493
persona,TUR,Q64,trust,2.5545495626423871,0.5181831875474624,True,0.26871517844734705
uniform,TUR,Q64,trust,2.5,0.5,True,0.24390500210172339
human,TUR,Q64,trust,2.871374527112232,0.62379150903741065,True,0
adapter,TUR,Q69,trust,2.923897070164025,0.64129902338800837,True,0.3015190876632135
adapter_persona,TUR,Q69,trust,2.8478256593062881,0.61594188643542935,True,0.21497502347230565
armA,TUR,Q69,trust,2.5645551234483719,0.52151837448279059,True,0.316901464104834
armB,TUR,Q69,trust,4,1,True,0.61618690029203171
base,TUR,Q69,trust,2.8205259386540593,0.60684197955135311,True,0.3588744923154657
base_fixed_USA,TUR,Q69,trust,2.8239255680105337,0.60797518933684458,True,0.36530416982636571
persona,TUR,Q69,trust,2.490411283519852,0.49680376117328401,True,0.38213037410941758
uniform,TUR,Q69,trust,2.5,0.5,True,0.3427200667501043
human,TUR,Q69,trust,3.1848143512724238,0.72827145042414132,True,0
adapter,TUR,Q70,trust,2.9014995412243549,0.63383318040811831,True,0.22096369470308128
adapter_persona,TUR,Q70,trust,2.762922376216749,0.58764079207224962,True,0.12818853503921082
armA,TUR,Q70,trust,2.5645551234483719,0.52151837448279059,True,0.23550797097196699
armB,TUR,Q70,trust,4,1,True,0.74623115577889454
base,TUR,Q70,trust,2.7866415517141689,0.59554718390472294,True,0.27673416834152731
base_fixed_USA,TUR,Q70,trust,2.8090073137919416,0.60300243793064723,True,0.27763871549547853
persona,TUR,Q70,trust,2.3015162197699546,0.43383873992331817,True,0.44848203797987185
uniform,TUR,Q70,trust,2.5,0.5,True,0.24539363484087101
human,TUR,Q70,trust,2.9275544388609713,0.64251814628699044,True,0
adapter,TUR,Q71,trust,2.4346190509806451,0.47820635032688169,True,0.34610320074941486
adapter_persona,TUR,Q71,trust,2.7668557872066826,0.58895192906889415,True,0.12130921142888369
armA,TUR,Q71,trust,2.5645551234483719,0.52151837448279059,True,0.19884951031853149
armB,TUR,Q71,trust,4,1,True,0.75589225589225595
base,TUR,Q71,trust,2.2931154250837391,0.43103847502791304,True,0.48182177327272402
base_fixed_USA,TUR,Q71,trust,2.2980648346585788,0.43268827821952627,True,0.4753295531470747
persona,TUR,Q71,trust,2.2262554165975468,0.40875180553251561,True,0.52386333932830742
uniform,TUR,Q71,trust,2.5,0.5,True,0.20496632996632996
human,TUR,Q71,trust,2.8636363636363638,0.62121212121212122,True,0
adapter,TUR,Q73,trust,2.7005159808480759,0.56683866028269192,True,0.14218731223759418
adapter_persona,TUR,Q73,trust,2.8376427333757577,0.61254757779191926,True,0.080719730127225289
armA,TUR,Q73,trust,2.5645551234483719,0.52151837448279059,True,0.27323944723613536
armB,TUR,Q73,trust,4,1,True,0.87393526405451438
base,TUR,Q73,trust,2.5145573184215806,0.50485243947386016,True,0.20289543423750436
base_fixed_USA,TUR,Q73,trust,2.4940816124279097,0.49802720414263657,True,0.22220290704393555
persona,TUR,Q73,trust,2.2406968960029974,0.41356563200099911,True,0.4119730338386845
uniform,TUR,Q73,trust,2.5,0.5,True,0.27257240204429301
human,TUR,Q73,trust,2.6328790459965927,0.54429301533219754,True,0
adapter,TUR,Q81,posrecip,3.028380909617054,0.67612696987235132,True,0.30032744382017773
adapter_persona,TUR,Q81,posrecip,3.0989390412136437,0.69964634707121454,True,0.22084090810567564
armA,TUR,Q81,posrecip,2.2784100919961925,0.42613669733206416,True,0.25565343596446244
armB,TUR,Q81,posrecip,1,0,True,0.86907838070628762
base,TUR,Q81,posrecip,2.9379301600301284,0.6459767200100428,True,0.32144013727484033
base_fixed_USA,TUR,Q81,posrecip,2.933953426269869,0.64465114208995633,True,0.30870321408671109
persona,TUR,Q81,posrecip,2.7818413209336001,0.59394710697786668,True,0.11230646479602305
uniform,TUR,Q81,posrecip,2.5,0.5,True,0.2441860465116279
human,TUR,Q81,posrecip,2.5986218776916452,0.53287395923054837,True,0
adapter,TUR,Q99,altruism,1.6457007970201056,0.82285039851005282,True,0.8177640700815354
adapter_persona,TUR,Q99,altruism,1.2905173028793882,0.64525865143969408,True,0.80222165773747922
armA,TUR,Q99,altruism,0.86051273345947255,0.43025636672973627,True,0.5430269260564754
armB,TUR,Q99,altruism,0,0,True,0.051455082243779017
base,TUR,Q99,altruism,1.3304804228972185,0.66524021144860923,True,0.71850980570620748
base_fixed_USA,TUR,Q99,altruism,1.2792851299000041,0.63964256495000205,True,0.69851347125101715
persona,TUR,Q99,altruism,0.34623036407306318,0.17311518203653159,True,0.25012691252670621
uniform,TUR,Q99,altruism,1,0.5,True,0.61521158442288759
human,TUR,Q99,altruism,0.059046815689582456,0.029523407844791228,True,0
adapter,TUR,Q101,altruism,1.5321423596087405,0.76607117980437023,True,0.78165284949296399
adapter_persona,TUR,Q101,altruism,1.4014569962697432,0.70072849813487159,True,0.83917093121671182
armA,TUR,Q101,altruism,0.86051273345947255,0.43025636672973627,True,0.53208740459030501
armB,TUR,Q101,altruism,0,0,True,0.062394603709949426
base,TUR,Q101,altruism,1.2246439946807794,0.61232199734038972,True,0.68735212062085704
base_fixed_USA,TUR,Q101,altruism,1.2169858475220729,0.60849292376103647,True,0.68769251657588071
persona,TUR,Q101,altruism,0.6940182020127128,0.3470091010063564,True,0.48453229955358007
uniform,TUR,Q101,altruism,1,0.5,True,0.60427206295671732
human,TUR,Q101,altruism,0.074620573355817871,0.037310286677908935,True,0
adapter,TUR,Q103,altruism,0.97136619739744301,0.4856830986987215,True,0.49533914671756141
adapter_persona,TUR,Q103,altruism,1.3235484825117971,0.66177424125589857,True,0.81939254378268045
armA,TUR,Q103,altruism,0.86051273345947255,0.43025636672973627,True,0.56242802264019542
armB,TUR,Q103,altruism,0,0,True,0.032053985660059028
base,TUR,Q103,altruism,0.65825133364359478,0.32912566682179739,True,0.36828738551036799
base_fixed_USA,TUR,Q103,altruism,0.64442636526289543,0.32221318263144771,True,0.35818700920521768
persona,TUR,Q103,altruism,0.22024798793321493,0.11012399396660746,True,0.13125657110747646
uniform,TUR,Q103,altruism,1,0.5,True,0.63461268100660762
human,TUR,Q103,altruism,0.034584563475326867,0.017292281737663433,True,0
adapter,TUR,Q106,risktaking,5.4074645794244844,0.48971828660272049,True,0.54685300104706158
adapter_persona,TUR,Q106,risktaking,5.180266601565978,0.46447406684066422,True,0.3590127256980048
armA,TUR,Q106,risktaking,5.5117136109620333,0.5013015123291148,True,0.13440940690913095
armB,TUR,Q106,risktaking,10,1,True,0.93183742591024554
base,TUR,Q106,risktaking,5.3953451262379879,0.48837168069310977,True,0.54865019092493794
base_fixed_USA,TUR,Q106,risktaking,5.406422350591277,0.48960248339903079,True,0.54658381792203425
persona,TUR,Q106,risktaking,5.37225367786374,0.48580596420708222,True,0.48158709862634597
uniform,TUR,Q106,risktaking,5.5,0.5,True,0.13412362404741746
human,TUR,Q106,risktaking,5.2133784928027094,0.4681531658669677,True,0
adapter,TUR,Q107,risktaking,5.6300588365875122,0.51445098184305693,True,0.28463970002896483
adapter_persona,TUR,Q107,risktaking,4.6751444234574961,0.40834938038416624,True,0.30053349985903288
armA,TUR,Q107,risktaking,5.5117136109620333,0.5013015123291148,True,0.2087550458376643
armB,TUR,Q107,risktaking,10,1,True,0.90113240418118468
base,TUR,Q107,risktaking,5.62015499062462,0.5133505545138467,True,0.26723991112443229
base_fixed_USA,TUR,Q107,risktaking,5.6359970598218077,0.51511078442464531,True,0.2613335133860667
persona,TUR,Q107,risktaking,4.806313319823202,0.42292370220257802,True,0.27302714000008427
uniform,TUR,Q107,risktaking,5.5,0.5,True,0.20932055749128919
human,TUR,Q107,risktaking,6.098867595818815,0.56654084397986837,True,0
adapter,TUR,Q109,risktaking,5.1556738324213862,0.46174153693570957,True,0.49821180996593417
adapter_persona,TUR,Q109,risktaking,4.8205711806086136,0.42450790895651264,True,0.33800994521357547
armA,TUR,Q109,risktaking,5.5117136109620333,0.5013015123291148,True,0.20099569667399672
armB,TUR,Q109,risktaking,10,1,True,0.95597484276729561
base,TUR,Q109,risktaking,5.1869282284209106,0.46521424760232338,True,0.49006426782741097
base_fixed_USA,TUR,Q109,risktaking,5.2018321541790646,0.46687023935322941,True,0.49093250363866014
persona,TUR,Q109,risktaking,4.909109980774744,0.434345553419416,True,0.36872353606397856
uniform,TUR,Q109,risktaking,5.5,0.5,True,0.19999999999999998
human,TUR,Q109,risktaking,4.6528301886792454,0.40587002096436059,True,0
adapter,TUR,Q174,posrecip,0.051082736957052413,0.051082736957052413,True,0.49758220705672884
adapter_persona,TUR,Q174,posrecip,0.36658974324230953,0.36658974324230953,True,0.18207520077147168
armA,TUR,Q174,posrecip,0.27841009199619293,0.27841009199619293,True,0.27025485201758825
armB,TUR,Q174,posrecip,0,0,True,0.54866494401378119
base,TUR,Q174,posrecip,0.0068504800266449006,0.0068504800266449006,True,0.54181446398713629
base_fixed_USA,TUR,Q174,posrecip,0.0062899021368924002,0.0062899021368924002,True,0.5423750418768889
persona,TUR,Q174,posrecip,0.1480471980316895,0.1480471980316895,True,0.40061774598209177
uniform,TUR,Q174,posrecip,0.5,0.5,True,0.048664944013781214
human,TUR,Q174,posrecip,0.54866494401378119,0.54866494401378119,True,0
adapter,TUR,Q176,negrecip,5.5876375345209874,0.5097375038356653,True,0.4350804537740019
adapter_persona,TUR,Q176,negrecip,5.6033572939669352,0.51148414377410389,True,0.11020713506876453
armA,TUR,Q176,negrecip,5.7583775222301483,0.52870861358112764,True,0.19503644291128966
armB,TUR,Q176,negrecip,10,1,True,0.93517718236819358
base,TUR,Q176,negrecip,5.5936113303747339,0.51040125893052601,True,0.41047871272019398
base_fixed_USA,TUR,Q176,negrecip,5.5807928879954485,0.50897698755504983,True,0.40608617685849802
persona,TUR,Q176,negrecip,5.4185635768539067,0.49095150853932296,True,0.25903961714949281
uniform,TUR,Q176,negrecip,5.5,0.5,True,0.20138288677614521
human,TUR,Q176,negrecip,5.7009507346585995,0.52232785940651105,True,0
adapter,TUR,Q177,negrecip,9.1498823707213592,0.90554248563570661,True,0.1100505432618873
adapter_persona,TUR,Q177,negrecip,6.2243851895825593,0.580487243286951,True,0.61216009391744763
armA,TUR,Q177,negrecip,5.7583775222301474,0.52870861358112753,True,0.62664786330420741
armB,TUR,Q177,negrecip,10,1,True,0.25865665415102213
base,TUR,Q177,negrecip,9.051640745751989,0.89462674952799881,True,0.080512463484237698
base_fixed_USA,TUR,Q177,negrecip,9.274825983144984,0.91942510923833154,True,0.10465296939282583
persona,TUR,Q177,negrecip,8.9162355457716362,0.87958172730795958,True,0.066531345749638926
uniform,TUR,Q177,negrecip,5.5,0.5,True,0.64134334584897801
human,TUR,Q177,negrecip,9.1080517313308302,0.90089463681453674,True,0
adapter,TUR,Q178,risktaking,5.9961134844284523,0.55512372049205028,True,0.80310736770228619
adapter_persona,TUR,Q178,risktaking,5.5211927670950143,0.50235475189944601,True,0.6890933345167557
armA,TUR,Q178,risktaking,5.5117136109620333,0.5013015123291148,True,0.58991744787358613
armB,TUR,Q178,risktaking,10,1,True,0.98785594639865992
base,TUR,Q178,risktaking,5.9943905335712806,0.55493228150792007,True,0.76179992698983878
base_fixed_USA,TUR,Q178,risktaking,5.9162516417148865,0.54625018241276513,True,0.75934762865804406
persona,TUR,Q178,risktaking,5.7851174101200513,0.53167971223556121,True,0.75965284426436097
uniform,TUR,Q178,risktaking,5.5,0.5,True,0.58927973199329986
human,TUR,Q178,risktaking,2.0967336683417086,0.12185929648241206,True,0
adapter,TUR,Q179,negrecip,6.9183207609397783,0.65759119565997537,True,0.62512821201968871
adapter_persona,TUR,Q179,negrecip,7.4839409268595629,0.72043788076217363,True,0.43119778754591193
armA,TUR,Q179,negrecip,5.7583775222301474,0.52870861358112753,True,0.70560401828717634
armB,TUR,Q179,negrecip,10,1,True,0.17970049916805322
base,TUR,Q179,negrecip,9.3965025858390394,0.93294473175989323,True,0.078146600511076483
base_fixed_USA,TUR,Q179,negrecip,9.4510912345383602,0.93901013717092896,True,0.083884786978784848
persona,TUR,Q179,negrecip,9.5413525475706447,0.94903917195229381,True,0.13363042964862662
uniform,TUR,Q179,negrecip,5.5,0.5,True,0.72029950083194694
human,TUR,Q179,negrecip,9.3893510815307817,0.9321501201700868,True,0
adapter,TUR,Q195,negrecip,5.7572914605854448,0.52858794006504939,True,0.69394646761833512
adapter_persona,TUR,Q195,negrecip,4.781995313492617,0.42022170149917965,True,0.42260180795730712
armA,TUR,Q195,negrecip,5.7583775222301483,0.52870861358112764,True,0.42668609310629585
armB,TUR,Q195,negrecip,10,1,True,0.9418011894647409
base,TUR,Q195,negrecip,5.5461014634387933,0.5051223848265326,True,0.66799448501438019
base_fixed_USA,TUR,Q195,negrecip,5.5195581846511379,0.50217313162790422,True,0.66905231410060084
persona,TUR,Q195,negrecip,5.2398458952724312,0.47109398836360344,True,0.525122402569699
uniform,TUR,Q195,negrecip,5.5,0.5,True,0.41316907391673757
human,TUR,Q195,negrecip,3.293967714528462,0.25488530161427359,True,0
adapter,USA,Q43,patience,1.9930828857632321,0.49654144288161606,True,0.58289951781372873
adapter_persona,USA,Q43,patience,1.0180254203138082,0.0090127101569040802,True,0.68926408576283649
armA,USA,Q43,patience,2.4056310653686519,0.70281553268432595,True,0.25225534610825834
armB,USA,Q43,patience,3,1,True,0.69486244649656914
base,USA,Q43,patience,1.9654621002804156,0.48273105014020778,True,0.50148946694915664
base_fixed_USA,USA,Q43,patience,1.9654621002804156,0.48273105014020778,True,0.50148946694915664
persona,USA,Q43,patience,1.9594622471361045,0.47973112356805225,True,0.49937244146487936
uniform,USA,Q43,patience,2,0.5,True,0.068798835887063786
human,USA,Q43,patience,2.0124072762272589,0.50620363811362945,True,0
adapter,USA,Q50,patience,6.4175813985973296,0.60195348873303667,True,0.71123622713784984
adapter_persona,USA,Q50,patience,7.4260919007411772,0.71401021119346408,True,0.58042887473806815
armA,USA,Q50,patience,5.9056310653686515,0.54507011837429464,True,0.17545134425460507
armB,USA,Q50,patience,10,1,True,0.92629901341688048
base,USA,Q50,patience,6.3070745276425102,0.58967494751583449,True,0.633836809579441
base_fixed_USA,USA,Q50,patience,6.3070745276425102,0.58967494751583449,True,0.633836809579441
persona,USA,Q50,patience,5.9989373151043726,0.55543747945604138,True,0.58989277011228392
uniform,USA,Q50,patience,5.5,0.5,True,0.19502656857758666
human,USA,Q50,patience,6.2121311551007814,0.57912568390008679,True,0
adapter,USA,Q57,trust,0.62245933120185459,0.62245933120185459,True,0.25063842799351171
adapter_persona,USA,Q57,trust,0.8991213691605412,0.8991213691605412,True,0.52730046595219826
armA,USA,Q57,trust,0.57518348097801208,0.57518348097801208,True,0.20336257776966921
armB,USA,Q57,trust,1,1,True,0.62817909679165718
base,USA,Q57,trust,0.24508501313237169,0.24508501313237169,True,0.12673589007597116
base_fixed_USA,USA,Q57,trust,0.24508501313237169,0.24508501313237169,True,0.12673589007597116
persona,USA,Q57,trust,0.10669059394565113,0.10669059394565113,True,0.26513030926269177
uniform,USA,Q57,trust,0.5,0.5,True,0.12817909679165712
human,USA,Q57,trust,0.37182090320834282,0.37182090320834282,True,0
adapter,USA,Q58,trust,3.0998661268075445,0.69995537560251486,True,0.53809231148577452
adapter_persona,USA,Q58,trust,3.9457777848732274,0.98192592829107583,True,0.35150133912477383
armA,USA,Q58,trust,2.5751834809780112,0.5250611603260037,True,0.41400874076947802
armB,USA,Q58,trust,4,1,True,0.40570982095512953
base,USA,Q58,trust,3.4583392679043596,0.81944642263478651,True,0.17806058062837077
base_fixed_USA,USA,Q58,trust,3.4583392679043596,0.81944642263478651,True,0.17806058062837077
persona,USA,Q58,trust,3.4050897802843556,0.8016965934281185,True,0.2420090234465363
uniform,USA,Q58,trust,2.5,0.5,True,0.44407668653396049
human,USA,Q58,trust,3.5281046824281432,0.84270156080938108,True,0
adapter,USA,Q59,trust,2.9751105610716722,0.65837018702389072,True,0.35235905718977162
adapter_persona,USA,Q59,trust,3.0899736996599954,0.69665789988666516,True,0.2959188353205498
armA,USA,Q59,trust,2.5751834809780112,0.5250611603260037,True,0.35683735530771149
armB,USA,Q59,trust,4,1,True,0.89678126531469482
base,USA,Q59,trust,2.983595522284181,0.6611985074280603,True,0.2925902019097274
base_fixed_USA,USA,Q59,trust,2.983595522284181,0.6611985074280603,True,0.2925902019097274
persona,USA,Q59,trust,2.9337673684316758,0.64458912281055858,True,0.29616546652864179
uniform,USA,Q59,trust,2.5,0.5,True,0.36389508336198928
human,USA,Q59,trust,2.7643884202751203,0.58812947342504007,True,0
adapter,USA,Q60,trust,3.0384392299003538,0.67947974330011796,True,0.35536628637702311
adapter_persona,USA,Q60,trust,3.7518724831459727,0.91729082771532422,True,0.44832215769126066
armA,USA,Q60,trust,2.5751834809780112,0.5250611603260037,True,0.37278738656911592
armB,USA,Q60,trust,4,1,True,0.69636424551409148
base,USA,Q60,trust,3.1939495615702511,0.731316520523417,True,0.19392124347023829
base_fixed_USA,USA,Q60,trust,3.1939495615702511,0.731316520523417,True,0.19392124347023829
persona,USA,Q60,trust,3.1438392494873115,0.71461308316243721,True,0.24968829708705792
uniform,USA,Q60,trust,2.5,0.5,True,0.40285533233359838
human,USA,Q60,trust,3.1917932161512934,0.73059773871709777,True,0
adapter,USA,Q61,trust,2.9635239964718711,0.65450799882395705,True,0.57616768425036036
adapter_persona,USA,Q61,trust,3.0633513839826407,0.68778379466088024,True,0.60009728483766678
armA,USA,Q61,trust,2.5751834809780112,0.5250611603260037,True,0.31149370313183622
armB,USA,Q61,trust,4,1,True,0.98867585212930464
base,USA,Q61,trust,2.8862271848811716,0.62874239496039053,True,0.48942423231101662
base_fixed_USA,USA,Q61,trust,2.8862271848811716,0.62874239496039053,True,0.48942423231101662
persona,USA,Q61,trust,2.8708677054025671,0.6236225684675224,True,0.47687749698905479
uniform,USA,Q61,trust,2.5,0.5,True,0.31058880292495594
human,USA,Q61,trust,2.2301934737031806,0.41006449123439354,True,0
adapter,USA,Q62,trust,2.9871197318743938,0.66237324395813124,True,0.31386976722032789
adapter_persona,USA,Q62,trust,3.1917753335960821,0.73059177786536067,True,0.25061063326631178
armA,USA,Q62,trust,2.5751834809780112,0.5250611603260037,True,0.41002137198339517
armB,USA,Q62,trust,4,1,True,0.91781153149764905
base,USA,Q62,trust,2.9830138094600915,0.66100460315336385,True,0.28951679671368841
base_fixed_USA,USA,Q62,trust,2.9830138094600915,0.66100460315336385,True,0.28951679671368841
persona,USA,Q62,trust,2.9874162741506414,0.66247209138354712,True,0.29064745110657603
uniform,USA,Q62,trust,2.5,0.5,True,0.41707910003767296
human,USA,Q62,trust,2.7865463597163345,0.59551545323877819,True,0
adapter,USA,Q63,trust,2.9854492409837978,0.66181641366126598,True,0.31542255827762244
adapter_persona,USA,Q63,trust,3.1308913369126632,0.7102971123042211,True,0.25890580246653788
armA,USA,Q63,trust,2.5751834809780112,0.5250611603260037,True,0.40145087637615906
armB,USA,Q63,trust,4,1,True,0.91764212730136796
base,USA,Q63,trust,2.9708565747832969,0.6569521915944323,True,0.26402009350166322
base_fixed_USA,USA,Q63,trust,2.9708565747832969,0.6569521915944323,True,0.26402009350166322
persona,USA,Q63,trust,3.0017709157794537,0.66725697192648459,True,0.27231352642471518
uniform,USA,Q63,trust,2.5,0.5,True,0.40850860443043691
human,USA,Q63,trust,2.7763380172326309,0.59211267241087695,True,0
adapter,USA,Q64,trust,2.7951038914677482,0.59836796382258273,True,0.35898522934030425
adapter_persona,USA,Q64,trust,3.4023425762117787,0.80078085873725957,True,0.41256070251131066
armA,USA,Q64,trust,2.5751834809780112,0.5250611603260037,True,0.25519794728036077
armB,USA,Q64,trust,4,1,True,0.8680153842285514
base,USA,Q64,trust,2.7121755996547465,0.57072519988491555,True,0.13022295224782501
base_fixed_USA,USA,Q64,trust,2.7121755996547465,0.57072519988491555,True,0.13022295224782501
persona,USA,Q64,trust,2.783109823025788,0.59436994100859597,True,0.13846397420316725
uniform,USA,Q64,trust,2.5,0.5,True,0.25429304707348049
human,USA,Q64,trust,2.5555363981467938,0.51851213271559793,True,0
adapter,USA,Q69,trust,2.8775547299845616,0.62585157666152058,True,0.38002976846640435
adapter_persona,USA,Q69,trust,3.0909304405138549,0.69697681350461826,True,0.35017051410531091
armA,USA,Q69,trust,2.5751834809780112,0.5250611603260037,True,0.22628843626208445
armB,USA,Q69,trust,4,1,True,0.79102957285062236
base,USA,Q69,trust,2.8239255680105337,0.60797518933684458,True,0.23084609792019253
base_fixed_USA,USA,Q69,trust,2.8239255680105337,0.60797518933684458,True,0.23084609792019253
persona,USA,Q69,trust,2.6621834597776459,0.55406115325921534,True,0.20839256333951758
uniform,USA,Q69,trust,2.5,0.5,True,0.22860206157092491
human,USA,Q69,trust,2.8308968790742624,0.61029895969142078,True,0
adapter,USA,Q70,trust,2.8775161877497566,0.6258387292499189,True,0.39288145997057949
adapter_persona,USA,Q70,trust,3.1804180617568623,0.72680602058562072,True,0.39581683424214315
armA,USA,Q70,trust,2.5751834809780112,0.5250611603260037,True,0.32104465242814223
armB,USA,Q70,trust,4,1,True,0.88754526453848204
base,USA,Q70,trust,2.8090073137919416,0.60300243793064723,True,0.25314398353131456
base_fixed_USA,USA,Q70,trust,2.8090073137919416,0.60300243793064723,True,0.25314398353131456
persona,USA,Q70,trust,2.7029577714079931,0.56765259046933103,True,0.15294403854796698
uniform,USA,Q70,trust,2.5,0.5,True,0.32013975222126195
human,USA,Q70,trust,2.6232367027737964,0.54107890092459876,True,0
adapter,USA,Q71,trust,2.5009140030392905,0.50030466767976345,True,0.37479802673890245
adapter_persona,USA,Q71,trust,2.8214481104106408,0.60714937013688031,True,0.42442813767735155
armA,USA,Q71,trust,2.5751834809780112,0.5250611603260037,True,0.19354346246946322
armB,USA,Q71,trust,4,1,True,0.91640322325736945
base,USA,Q71,trust,2.2980648346585788,0.43268827821952627,True,0.36325857255262389
base_fixed_USA,USA,Q71,trust,2.2980648346585788,0.43268827821952627,True,0.36325857255262389
persona,USA,Q71,trust,2.1614223475232324,0.38714078250774414,True,0.45730072928219967
uniform,USA,Q71,trust,2.5,0.5,True,0.16640322325736942
human,USA,Q71,trust,2.1276014367100182,0.37586714557000606,True,0
adapter,USA,Q73,trust,2.7087536353515769,0.56958454511719225,True,0.57117341725863646
adapter_persona,USA,Q73,trust,3.3917133354493032,0.79723777848310107,True,0.74490345085711951
armA,USA,Q73,trust,2.5751834809780112,0.5250611603260037,True,0.37919841674046673
armB,USA,Q73,trust,4,1,True,0.98140191997160853
base,USA,Q73,trust,2.4940816124279097,0.49802720414263657,True,0.32707784995057582
base_fixed_USA,USA,Q73,trust,2.4940816124279097,0.49802720414263657,True,0.32707784995057582
persona,USA,Q73,trust,2.5401174031903428,0.51337246773011425,True,0.48589549848515978
uniform,USA,Q73,trust,2.5,0.5,True,0.35957697773447328
human,USA,Q73,trust,1.9299141158108959,0.30997137193696528,True,0
adapter,USA,Q81,posrecip,2.9285250881250899,0.64284169604169661,True,0.39687010105120124
adapter_persona,USA,Q81,posrecip,3.6685461287986691,0.88951537626622301,True,0.54967833389811815
armA,USA,Q81,posrecip,2.6018250137567516,0.53394167125225056,True,0.33224231320281916
armB,USA,Q81,posrecip,4,1,True,0.88092426506899479
base,USA,Q81,posrecip,2.933953426269869,0.64465114208995633,True,0.28238308713936611
base_fixed_USA,USA,Q81,posrecip,2.933953426269869,0.64465114208995633,True,0.28238308713936611
persona,USA,Q81,posrecip,2.9477134358225756,0.6492378119408585,True,0.29465887104604521
uniform,USA,Q81,posrecip,2.5,0.5,True,0.33058172550714304
human,USA,Q81,posrecip,2.6938878858435413,0.56462929528118044,True,0
adapter,USA,Q99,altruism,1.2312642528396616,0.61563212641983078,True,0.75585964994577204
adapter_persona,USA,Q99,altruism,1.9993436028579115,0.99967180142895573,True,0.94692055349399706
armA,USA,Q99,altruism,1.2032144367694855,0.60160721838474274,True,0.56757100043604347
armB,USA,Q99,altruism,2,1,True,0.94757693840647661
base,USA,Q99,altruism,1.2792851299000041,0.63964256495000205,True,0.55446828308523433
base_fixed_USA,USA,Q99,altruism,1.2792851299000041,0.63964256495000205,True,0.55446828308523433
persona,USA,Q99,altruism,0.54225513588883667,0.27112756794441834,True,0.38413730478825647
uniform,USA,Q99,altruism,1,0.5,True,0.47116639625710488
human,USA,Q99,altruism,0.24792333200308517,0.12396166600154258,True,0
adapter,USA,Q101,altruism,1.214486104367636,0.60724305218381802,True,0.60500242700100937
adapter_persona,USA,Q101,altruism,1.9998204566572471,0.99991022832862353,True,0.81628731274142874
armA,USA,Q101,altruism,1.2032144367694855,0.60160721838474274,True,0.42967773543714255
armB,USA,Q101,altruism,2,1,True,0.81646684842743933
base,USA,Q101,altruism,1.2169858475220729,0.60849292376103647,True,0.41669358487736746
base_fixed_USA,USA,Q101,altruism,1.2169858475220729,0.60849292376103647,True,0.41669358487736746
persona,USA,Q101,altruism,0.88124633392760932,0.44062316696380466,True,0.59316221507276801
uniform,USA,Q101,altruism,1,0.5,True,0.33327313125820396
human,USA,Q101,altruism,0.5169266869810234,0.2584633434905117,True,0
adapter,USA,Q103,altruism,1.0293794694156155,0.51468973470780777,True,0.62519272581169072
adapter_persona,USA,Q103,altruism,1.9991958922200421,0.99959794611002106,True,0.93456233419538726
armA,USA,Q103,altruism,1.2032144367694855,0.60160721838474274,True,0.60891597374688433
armB,USA,Q103,altruism,2,1,True,0.93536643101442385
base,USA,Q103,altruism,0.64442636526289543,0.32221318263144771,True,0.23608569776655586
base_fixed_USA,USA,Q103,altruism,0.64442636526289543,0.32221318263144771,True,0.23608569776655586
persona,USA,Q103,altruism,0.34253509903974416,0.17126754951987208,True,0.12095451100827576
uniform,USA,Q103,altruism,1,0.5,True,0.51251136956794574
human,USA,Q103,altruism,0.21878886608429701,0.10939443304214851,True,0
adapter,USA,Q106,risktaking,5.5190397387621069,0.50211552652912295,True,0.63246173035813169
adapter_persona,USA,Q106,risktaking,5.2452589758861903,0.47169544176513223,True,0.60775066127949895
armA,USA,Q106,risktaking,5.5582933984696865,0.50647704427440965,True,0.21329979528127302
armB,USA,Q106,risktaking,10,1,True,0.89740334554093604
base,USA,Q106,risktaking,5.406422350591277,0.48960248339903079,True,0.53991967303197874
base_fixed_USA,USA,Q106,risktaking,5.406422350591277,0.48960248339903079,True,0.53991967303197874
persona,USA,Q106,risktaking,5.5316289345560072,0.50351432606177859,True,0.51672633871814377
uniform,USA,Q106,risktaking,5.5,0.5,True,0.21375146924575894
human,USA,Q106,risktaking,4.929778583846689,0.43664206487185431,True,0
adapter,USA,Q107,risktaking,5.3317067011224619,0.48130074456916244,True,0.54514464568709942
adapter_persona,USA,Q107,risktaking,4.8987955740180187,0.43319950822422432,True,0.5090021218063373
armA,USA,Q107,risktaking,5.5582933984696865,0.50647704427440965,True,0.33738353743722393
armB,USA,Q107,risktaking,10,1,True,0.97073072050381115
base,USA,Q107,risktaking,5.6359970598218077,0.51511078442464531,True,0.44373661970424139
base_fixed_USA,USA,Q107,risktaking,5.6359970598218077,0.51511078442464531,True,0.44373661970424139
persona,USA,Q107,risktaking,3.4009420998059809,0.26677134442288675,True,0.18420091003735473
uniform,USA,Q107,risktaking,5.5,0.5,True,0.33101439939427307
human,USA,Q107,risktaking,3.7166989826205081,0.3018554425133898,True,0
adapter,USA,Q109,risktaking,5.3639944974196645,0.48488827749107383,True,0.66438531603258244
adapter_persona,USA,Q109,risktaking,5.233838487781707,0.47042649864241187,True,0.63468274912187628
armA,USA,Q109,risktaking,5.5582933984696865,0.50647704427440965,True,0.37400021340599587
armB,USA,Q109,risktaking,10,1,True,0.97848615111574078
base,USA,Q109,risktaking,5.2018321541790646,0.46687023935322941,True,0.5963417191254764
base_fixed_USA,USA,Q109,risktaking,5.2018321541790646,0.46687023935322941,True,0.5963417191254764
persona,USA,Q109,risktaking,4.9227716802151091,0.435863520023901,True,0.56655438828433446
uniform,USA,Q109,risktaking,5.5,0.5,True,0.36516805670946567
human,USA,Q109,risktaking,3.3008592885729682,0.25565103206366313,True,0
adapter,USA,Q174,posrecip,0.015906391711814703,0.015906391711814703,True,0.19360197455614736
adapter_persona,USA,Q174,posrecip,2.3320748038215248e-06,2.3320748038215248e-06,True,0.20950603419315827
armA,USA,Q174,posrecip,0.60182501375675201,0.60182501375675201,True,0.39231664748878986
armB,USA,Q174,posrecip,1,1,True,0.7904916337320379
base,USA,Q174,posrecip,0.0062899021368924002,0.0062899021368924002,True,0.2032184641310697
base_fixed_USA,USA,Q174,posrecip,0.0062899021368924002,0.0062899021368924002,True,0.2032184641310697
persona,USA,Q174,posrecip,0.016914913266726502,0.016914913266726502,True,0.19259345300123559
uniform,USA,Q174,posrecip,0.5,0.5,True,0.2904916337320379
human,USA,Q174,posrecip,0.20950836626796207,0.20950836626796207,True,0
adapter,USA,Q176,negrecip,5.7495452958716839,0.52772725509685381,True,0.63596579406536313
adapter_persona,USA,Q176,negrecip,6.9094517869949161,0.65660575411054622,True,0.60207888912522878
armA,USA,Q176,negrecip,5.5057768216356617,0.50064186907062913,True,0.14321841388778556
armB,USA,Q176,negrecip,10,1,True,0.87606281579883727
base,USA,Q176,negrecip,5.5807928879954485,0.50897698755504983,True,0.55446248486003935
base_fixed_USA,USA,Q176,negrecip,5.5807928879954485,0.50897698755504983,True,0.55446248486003935
persona,USA,Q176,negrecip,5.4755597773870779,0.4972844197096753,True,0.55063301449367641
uniform,USA,Q176,negrecip,5.5,0.5,True,0.14307851696742699
human,USA,Q176,negrecip,5.4500177418698206,0.49444641576331338,True,0
adapter,USA,Q177,negrecip,5.4243793746602424,0.49159770829558247,True,0.75059795380241778
adapter_persona,USA,Q177,negrecip,5.8150594859942784,0.53500660955491985,True,0.50280163570987624
armA,USA,Q177,negrecip,5.5057768216356635,0.50064186907062924,True,0.46399634466413919
armB,USA,Q177,negrecip,10,1,True,0.46779041240384533
base,USA,Q177,negrecip,9.274825983144984,0.91942510923833154,True,0.31064662691813649
base_fixed_USA,USA,Q177,negrecip,9.274825983144984,0.91942510923833154,True,0.31064662691813649
persona,USA,Q177,negrecip,8.5870525376219398,0.84300583751354885,True,0.22740449849357802
uniform,USA,Q177,negrecip,5.5,0.5,True,0.46459172852654046
human,USA,Q177,negrecip,8.3770704111500951,0.81967449012778837,True,0
adapter,USA,Q178,risktaking,5.922471931634127,0.54694132573712517,True,0.67801787291436455
adapter_persona,USA,Q178,risktaking,6.7503268712443818,0.63892520791604246,True,0.70884073520089574
armA,USA,Q178,risktaking,5.5582933984696865,0.50647704427440965,True,0.41618595661813529
armB,USA,Q178,risktaking,10,1,True,0.9782199363984766
base,USA,Q178,risktaking,5.9162516417148865,0.54625018241276513,True,0.62123964398237974
base_fixed_USA,USA,Q178,risktaking,5.9162516417148865,0.54625018241276513,True,0.62123964398237974
persona,USA,Q178,risktaking,5.7552075566906975,0.52835639518785527,True,0.58372996100289398
uniform,USA,Q178,risktaking,5.5,0.5,True,0.40883508002995561
human,USA,Q178,risktaking,2.9540268511575771,0.21711409457306413,True,0
adapter,USA,Q179,negrecip,5.6106183918536114,0.51229093242817902,True,0.83929879527411599
adapter_persona,USA,Q179,negrecip,9.4998831255104825,0.9444314583900536,True,0.20269815446687145
armA,USA,Q179,negrecip,5.5057768216356635,0.50064186907062924,True,0.60811855720151531
armB,USA,Q179,negrecip,10,1,True,0.29930569250163808
base,USA,Q179,negrecip,9.4510912345383602,0.93901013717092896,True,0.19082203439424517
base_fixed_USA,USA,Q179,negrecip,9.4510912345383602,0.93901013717092896,True,0.19082203439424517
persona,USA,Q179,negrecip,9.8648734337630977,0.98498593708478865,True,0.27699807791077091
uniform,USA,Q179,negrecip,5.5,0.5,True,0.60867912618861764
human,USA,Q179,negrecip,9.098357592696857,0.89981751029965074,True,0
adapter,USA,Q195,negrecip,5.951658423270711,0.55018426925230124,True,0.56031614200807001
adapter_persona,USA,Q195,negrecip,5.3030377064879364,0.47811530072088182,True,0.45664986673987162
armA,USA,Q195,negrecip,5.5057768216356617,0.50064186907062913,True,0.20442618828618581
armB,USA,Q195,negrecip,10,1,True,0.87633141203348275
base,USA,Q195,negrecip,5.5195581846511379,0.50217313162790422,True,0.48944191243184604
base_fixed_USA,USA,Q195,negrecip,5.5195581846511379,0.50217313162790422,True,0.48944191243184604
persona,USA,Q195,negrecip,5.4927728296219449,0.49919698106910498,True,0.50432782698244871
uniform,USA,Q195,negrecip,5.5,0.5,True,0.20467146150616064
human,USA,Q195,negrecip,5.5423848672540093,0.50470942969488997,True,0
