arm,country,item,dimension,raw,normalized,human_available,tvd
adapter,ARG,Q43,patience,1.909061469407069,0.4545307347035343,True,0.6569208557121122
adapter_persona,ARG,Q43,patience,1.7025679811377352,0.3512839905688676,True,0.4934186552339799
armA,ARG,Q43,patience,1.8853460103273392,0.4426730051636695,True,0.3462821870151161
armB,ARG,Q43,patience,1.0,0.0,True,0.8476094326985252
base,ARG,Q43,patience,1.9772230264275823,0.4886115132137911,True,0.7010827426968068
base_fixed_USA,ARG,Q43,patience,1.9654621002804156,0.4827310501402077,True,0.6799479913616453
persona,ARG,Q43,patience,2.0805450644073575,0.5402725322036787,True,0.5515645258618249
uniform,ARG,Q43,patience,2.0,0.5,True,0.2906024545572834
human,ARG,Q43,patience,2.4715452205891424,0.7357726102945711,True,0.0
adapter,ARG,Q50,patience,6.169443467819422,0.5743826075354913,True,0.6034938527643947
adapter_persona,ARG,Q50,patience,5.594710298833427,0.5105233665370474,True,0.441082210834297
armA,ARG,Q50,patience,5.385346010327339,0.4872606678141487,True,0.2148935654380189
armB,ARG,Q50,patience,1.0,0.0,True,0.9163238171601764
base,ARG,Q50,patience,6.278117619218214,0.5864575132464682,True,0.5851054496615018
base_fixed_USA,ARG,Q50,patience,6.30707452764251,0.5896749475158344,True,0.591309867927931
persona,ARG,Q50,patience,5.420553636007069,0.4911726262230076,True,0.6218357323324208
uniform,ARG,Q50,patience,5.5,0.5,True,0.2091045549856536
human,ARG,Q50,patience,5.802368736692481,0.5335965262991645,True,0.0
adapter,ARG,Q57,trust,0.0675466911396291,0.0675466911396291,True,0.1334964153808782
adapter_persona,ARG,Q57,trust,0.0069038377902678,0.0069038377902678,True,0.1941392687302395
armA,ARG,Q57,trust,0.3966333344578742,0.3966333344578742,True,0.1955902279373669
armB,ARG,Q57,trust,0.0,0.0,True,0.2010431065205073
base,ARG,Q57,trust,0.2689414213699951,0.2689414213699951,True,0.0678983148494877
base_fixed_USA,ARG,Q57,trust,0.2450850131323716,0.2450850131323716,True,0.0440419066118643
persona,ARG,Q57,trust,0.0109869426305931,0.0109869426305931,True,0.1900561638899142
uniform,ARG,Q57,trust,0.5,0.5,True,0.2989568934794926
human,ARG,Q57,trust,0.2010431065205073,0.2010431065205073,True,0.0
adapter,ARG,Q58,trust,3.7032971056250714,0.9010990352083572,True,0.1850040796621306
adapter_persona,ARG,Q58,trust,3.3933424457517996,0.7977808152505999,True,0.4301592309468785
armA,ARG,Q58,trust,2.396633334457874,0.4655444448192913,True,0.6507443155007305
armB,ARG,Q58,trust,1.0,0.0,True,0.9976375639959388
base,ARG,Q58,trust,3.458967312914293,0.819655770971431,True,0.4191721372721566
base_fixed_USA,ARG,Q58,trust,3.4583392679043596,0.8194464226347865,True,0.4190372853686669
persona,ARG,Q58,trust,3.6102429494240793,0.8700809831413597,True,0.2662923659375147
uniform,ARG,Q58,trust,2.5,0.5,True,0.6205828823388198
human,ARG,Q58,trust,3.847613131422373,0.9492043771407908,True,0.0
adapter,ARG,Q59,trust,3.0090960987702555,0.6696986995900852,True,0.4080816734296379
adapter_persona,ARG,Q59,trust,2.922854447465882,0.6409514824886274,True,0.2700777231439244
armA,ARG,Q59,trust,2.396633334457874,0.4655444448192913,True,0.3212212446331227
armB,ARG,Q59,trust,1.0,0.0,True,0.9537274189215658
base,ARG,Q59,trust,2.983595522284181,0.6611985074280603,True,0.3963897348909151
base_fixed_USA,ARG,Q59,trust,2.983595522284181,0.6611985074280603,True,0.3963897348909151
persona,ARG,Q59,trust,2.8131807051326843,0.6043935683775614,True,0.2385368958342029
uniform,ARG,Q59,trust,2.5,0.5,True,0.2798887491575558
human,ARG,Q59,trust,3.0034093668558763,0.6678031222852922,True,0.0
adapter,ARG,Q60,trust,3.1982479092443223,0.7327493030814408,True,0.2856909400032271
adapter_persona,ARG,Q60,trust,3.1301686942327516,0.7100562314109172,True,0.1503989606597834
armA,ARG,Q60,trust,2.396633334457874,0.4655444448192913,True,0.3327659184781085
armB,ARG,Q60,trust,1.0,0.0,True,0.9496759667044724
base,ARG,Q60,trust,3.174418724971263,0.7248062416570877,True,0.3020889134519599
base_fixed_USA,ARG,Q60,trust,3.193949561570251,0.731316520523417,True,0.2829779783614503
persona,ARG,Q60,trust,3.029971474243709,0.6766571580812362,True,0.2918156482856817
uniform,ARG,Q60,trust,2.5,0.5,True,0.2914334230025416
human,ARG,Q60,trust,3.0223799697530778,0.6741266565843592,True,0.0
adapter,ARG,Q61,trust,2.853838562222551,0.617946187407517,True,0.5712962243464856
adapter_persona,ARG,Q61,trust,2.6831850617586883,0.561061687252896,True,0.3601291316829571
armA,ARG,Q61,trust,2.396633334457874,0.4655444448192913,True,0.2261187943096512
armB,ARG,Q61,trust,1.0,0.0,True,0.7671755770508796
base,ARG,Q61,trust,2.8862271848811725,0.6287423949603907,True,0.5960992330561142
base_fixed_USA,ARG,Q61,trust,2.8862271848811716,0.6287423949603905,True,0.5960992330561141
persona,ARG,Q61,trust,2.26573250225495,0.4219108340849833,True,0.2547803420776934
uniform,ARG,Q61,trust,2.5,0.5,True,0.2244074905669135
human,ARG,Q61,trust,2.131668976439853,0.3772229921466176,True,0.0
adapter,ARG,Q62,trust,2.99058225254912,0.6635274175163733,True,0.5004777863661487
adapter_persona,ARG,Q62,trust,2.833547795485882,0.6111825984952939,True,0.2524525484410056
armA,ARG,Q62,trust,2.396633334457874,0.4655444448192913,True,0.230501642385729
armB,ARG,Q62,trust,1.0,0.0,True,0.87904834495879
base,ARG,Q62,trust,2.9833965110535146,0.6611321703511716,True,0.4939072884289635
base_fixed_USA,ARG,Q62,trust,2.9830138094600915,0.6610046031533638,True,0.493722675103427
persona,ARG,Q62,trust,2.897583107010998,0.6325277023369992,True,0.3375670398760425
uniform,ARG,Q62,trust,2.5,0.5,True,0.2287903386429913
human,ARG,Q62,trust,2.6424375792383215,0.5474791930794404,True,0.0
adapter,ARG,Q63,trust,2.9915974834368178,0.6638658278122725,True,0.4675754057701397
adapter_persona,ARG,Q63,trust,2.8727408550378657,0.6242469516792885,True,0.2685316932060496
armA,ARG,Q63,trust,2.396633334457874,0.4655444448192913,True,0.2509887316039007
armB,ARG,Q63,trust,1.0,0.0,True,0.8672604236595267
base,ARG,Q63,trust,2.977027016815558,0.6590090056051859,True,0.4605723449074059
base_fixed_USA,ARG,Q63,trust,2.970856574783297,0.6569521915944323,True,0.4548035736351051
persona,ARG,Q63,trust,2.762117061871995,0.5873723539573316,True,0.2388454823602552
uniform,ARG,Q63,trust,2.5,0.5,True,0.2492774278611631
human,ARG,Q63,trust,2.5709515395532483,0.5236505131844161,True,0.0
adapter,ARG,Q64,trust,2.8492791558657795,0.6164263852885931,True,0.2402575668928933
adapter_persona,ARG,Q64,trust,2.8498618161934224,0.6166206053978075,True,0.0875470095022272
armA,ARG,Q64,trust,2.396633334457874,0.4655444448192913,True,0.1533702675087927
armB,ARG,Q64,trust,1.0,0.0,True,0.8646959258928824
base,ARG,Q64,trust,2.7190908498138544,0.5730302832712848,True,0.2121329224488949
base_fixed_USA,ARG,Q64,trust,2.7121755996547465,0.5707251998849155,True,0.2086582154668698
persona,ARG,Q64,trust,2.6233339129637594,0.541111304321253,True,0.0649730571139278
uniform,ARG,Q64,trust,2.5,0.5,True,0.1516589637660551
human,ARG,Q64,trust,2.665381605179978,0.5551272017266594,True,0.0
adapter,ARG,Q69,trust,2.8268490913878956,0.6089496971292985,True,0.4674860850630249
adapter_persona,ARG,Q69,trust,2.340922352438688,0.4469741174795626,True,0.2582741709101353
armA,ARG,Q69,trust,2.396633334457874,0.4655444448192913,True,0.1774105206927604
armB,ARG,Q69,trust,1.0,0.0,True,0.7330050965595055
base,ARG,Q69,trust,2.8239255680105337,0.6079751893368445,True,0.4662555853912109
base_fixed_USA,ARG,Q69,trust,2.8239255680105337,0.6079751893368445,True,0.4662555853912109
persona,ARG,Q69,trust,2.144611068597659,0.3815370228658863,True,0.3651636391365466
uniform,ARG,Q69,trust,2.5,0.5,True,0.1985723747045375
human,ARG,Q69,trust,2.0917386014644506,0.3639128671548168,True,0.0
adapter,ARG,Q70,trust,2.811515026235892,0.6038383420786307,True,0.5699042911459002
adapter_persona,ARG,Q70,trust,2.2961882781017504,0.4320627593672501,True,0.3228821227232194
armA,ARG,Q70,trust,2.396633334457874,0.4655444448192913,True,0.2626785767039462
armB,ARG,Q70,trust,1.0,0.0,True,0.6291275673976408
base,ARG,Q70,trust,2.7842146278064543,0.5947382092688182,True,0.545622618117448
base_fixed_USA,ARG,Q70,trust,2.8090073137919416,0.6030024379306472,True,0.5688440515519011
persona,ARG,Q70,trust,2.0908872042941025,0.3636290680980341,True,0.3809338574731001
uniform,ARG,Q70,trust,2.5,0.5,True,0.3040110721795131
human,ARG,Q70,trust,1.8425402747977004,0.2808467582659001,True,0.0
adapter,ARG,Q71,trust,2.2727031823118486,0.4242343941039495,True,0.3581750076665399
adapter_persona,ARG,Q71,trust,2.265726670402692,0.4219088901342306,True,0.2779233009014808
armA,ARG,Q71,trust,2.396633334457874,0.4655444448192913,True,0.1721148016642916
armB,ARG,Q71,trust,1.0,0.0,True,0.6854786197913616
base,ARG,Q71,trust,2.2989848745952024,0.4329949581984007,True,0.3500867824836611
base_fixed_USA,ARG,Q71,trust,2.298064834658579,0.4326882782195262,True,0.3493871178647979
persona,ARG,Q71,trust,2.0170767151845457,0.3390255717281818,True,0.5192851852173723
uniform,ARG,Q71,trust,2.5,0.5,True,0.2022762348262023
human,ARG,Q71,trust,2.0317881111698073,0.3439293703899357,True,0.0
adapter,ARG,Q73,trust,2.5491291165331007,0.5163763721777002,True,0.3470478107214549
adapter_persona,ARG,Q73,trust,2.4126108112889386,0.470870270429646,True,0.295571120751037
armA,ARG,Q73,trust,2.396633334457874,0.4655444448192913,True,0.2448116860205034
armB,ARG,Q73,trust,1.0,0.0,True,0.6512878411661271
base,ARG,Q73,trust,2.5257526779952375,0.5085842259984124,True,0.3387205196787164
base_fixed_USA,ARG,Q73,trust,2.4940816124279097,0.4980272041426365,True,0.3393224107808496
persona,ARG,Q73,trust,2.0733980580572937,0.3577993526857645,True,0.3546265129111562
uniform,ARG,Q73,trust,2.5,0.5,True,0.2861441814960703
human,ARG,Q73,trust,1.8790731252702095,0.2930243750900698,True,0.0
adapter,ARG,Q81,posrecip,3.0107505566711157,0.6702501855570385,True,0.3328621742804329
adapter_persona,ARG,Q81,posrecip,2.956275823167028,0.652091941055676,True,0.1193178596618413
armA,ARG,Q81,posrecip,2.5798396542668343,0.5266132180889447,True,0.2258252587019421
armB,ARG,Q81,posrecip,4.0,1.0,True,0.7982852672865475
base,ARG,Q81,posrecip,2.9243805538575094,0.6414601846191699,True,0.3118998900935246
base_fixed_USA,ARG,Q81,posrecip,2.933953426269869,0.6446511420899563,True,0.3051728659891071
persona,ARG,Q81,posrecip,2.751548888778098,0.5838496295926991,True,0.1435636471564735
uniform,ARG,Q81,posrecip,2.5,0.5,True,0.2332891766936418
human,ARG,Q81,posrecip,2.8044760432059332,0.6014920144019777,True,0.0
adapter,ARG,Q99,altruism,1.791762310907492,0.895881155453746,True,0.88789171904396
adapter_persona,ARG,Q99,altruism,1.4504767888829082,0.7252383944414541,True,0.9123905305248096
armA,ARG,Q99,altruism,1.0136733409017322,0.5068366704508661,True,0.6087105333517914
armB,ARG,Q99,altruism,2.0,1.0,True,0.9827615252696568
base,ARG,Q99,altruism,1.3267352684482283,0.6633676342241142,True,0.7016605913642476
base_fixed_USA,ARG,Q99,altruism,1.279285129900004,0.639642564950002,True,0.6851991205797767
persona,ARG,Q99,altruism,0.3771844917736599,0.1885922458868299,True,0.2637749792139744
uniform,ARG,Q99,altruism,1.0,0.5,True,0.6018972337516472
human,ARG,Q99,altruism,0.0820079076453626,0.0410039538226813,True,0.0
adapter,ARG,Q101,altruism,1.730735570471636,0.865367785235818,True,0.8442653574090588
adapter_persona,ARG,Q101,altruism,1.4868737135190797,0.7434368567595397,True,0.8849001162709591
armA,ARG,Q101,altruism,1.0136733409017322,0.5068366704508661,True,0.5748136462809871
armB,ARG,Q101,altruism,2.0,1.0,True,0.97107802769534
base,ARG,Q101,altruism,1.22445469264022,0.61222734632011,True,0.6428185775609162
base_fixed_USA,ARG,Q101,altruism,1.2169858475220727,0.6084929237610364,True,0.6514208003000063
persona,ARG,Q101,altruism,0.6222047315969691,0.3111023657984845,True,0.4233469501177351
uniform,ARG,Q101,altruism,1.0,0.5,True,0.5680003466808428
human,ARG,Q101,altruism,0.1275882922904839,0.0637941461452419,True,0.0
adapter,ARG,Q103,altruism,1.334845322655734,0.6674226613278669,True,0.6957614851642417
adapter_persona,ARG,Q103,altruism,1.4629939256574729,0.7314969628287363,True,0.89301423535898
armA,ARG,Q103,altruism,1.0136733409017322,0.5068366704508661,True,0.6086089805452021
armB,ARG,Q103,altruism,2.0,1.0,True,0.98723587440465
base,ARG,Q103,altruism,0.6444263652628954,0.3222131826314477,True,0.325370009143668
base_fixed_USA,ARG,Q103,altruism,0.6444263652628954,0.3222131826314477,True,0.325370009143668
persona,ARG,Q103,altruism,0.1975298069619387,0.0987649034809693,True,0.0846797573188148
uniform,ARG,Q103,altruism,1.0,0.5,True,0.6017956809450579
human,ARG,Q103,altruism,0.0776351113169586,0.0388175556584793,True,0.0
adapter,ARG,Q106,risktaking,5.408106120811313,0.4897895689790348,True,0.634533060200618
adapter_persona,ARG,Q106,risktaking,5.206603929352621,0.4674004365947356,True,0.4933200264561242
armA,ARG,Q106,risktaking,5.52075158432126,0.502305731591251,True,0.1326385791365524
armB,ARG,Q106,risktaking,10.0,1.0,True,0.907984351187536
base,ARG,Q106,risktaking,5.426683234459386,0.4918536927177095,True,0.5736677849063304
base_fixed_USA,ARG,Q106,risktaking,5.406422350591277,0.4896024833990307,True,0.5739483611559842
persona,ARG,Q106,risktaking,5.386587827709178,0.487398647523242,True,0.5240630941266509
uniform,ARG,Q106,risktaking,5.5,0.5,True,0.1325089985922719
human,ARG,Q106,risktaking,5.530000295423342,0.503333366158149,True,0.0
adapter,ARG,Q107,risktaking,5.168993431099688,0.4632214923444097,True,0.4269746970895111
adapter_persona,ARG,Q107,risktaking,5.513961978470094,0.5015513309411215,True,0.228436213162198
armA,ARG,Q107,risktaking,5.52075158432126,0.502305731591251,True,0.2096702682078072
armB,ARG,Q107,risktaking,10.0,1.0,True,0.9004041046905757
base,ARG,Q107,risktaking,5.63169568809823,0.5146328542331366,True,0.2594887612980534
base_fixed_USA,ARG,Q107,risktaking,5.635997059821808,0.5151107844246453,True,0.2459979691122892
persona,ARG,Q107,risktaking,6.266589992231077,0.5851766658034528,True,0.2539360926371447
uniform,ARG,Q107,risktaking,5.5,0.5,True,0.2106688027451002
human,ARG,Q107,risktaking,6.030527072322216,0.5589474524802462,True,0.0
adapter,ARG,Q109,risktaking,5.075694124539931,0.4528549027266589,True,0.5402283250114118
adapter_persona,ARG,Q109,risktaking,5.135987907986376,0.4595542119984862,True,0.3979720196690116
armA,ARG,Q109,risktaking,5.52075158432126,0.502305731591251,True,0.1677475303262212
armB,ARG,Q109,risktaking,10.0,1.0,True,0.919234079194465
base,ARG,Q109,risktaking,5.180159569290599,0.4644621743656221,True,0.5071766776615216
base_fixed_USA,ARG,Q109,risktaking,5.201832154179065,0.4668702393532294,True,0.5040685156181721
persona,ARG,Q109,risktaking,5.381002651438566,0.4867780723820628,True,0.4046079344071343
uniform,ARG,Q109,risktaking,5.5,0.5,True,0.1656056959460299
human,ARG,Q109,risktaking,4.83049012596195,0.4256100139957722,True,0.0
adapter,ARG,Q174,posrecip,0.0043315020205639,0.0043315020205639,True,0.1378187824570833
adapter_persona,ARG,Q174,posrecip,0.059210256136677,0.059210256136677,True,0.0829400283409702
armA,ARG,Q174,posrecip,0.5798396542668341,0.5798396542668341,True,0.4376893697891869
armB,ARG,Q174,posrecip,1.0,1.0,True,0.8578497155223527
base,ARG,Q174,posrecip,0.0071214287457351,0.0071214287457351,True,0.1350288557319121
base_fixed_USA,ARG,Q174,posrecip,0.0062899021368924,0.0062899021368924,True,0.1358603823407548
persona,ARG,Q174,posrecip,0.0229773699100256,0.0229773699100256,True,0.1191729145676216
uniform,ARG,Q174,posrecip,0.5,0.5,True,0.3578497155223527
human,ARG,Q174,posrecip,0.1421502844776472,0.1421502844776472,True,0.0
adapter,ARG,Q176,negrecip,5.931952229959812,0.5479946922177568,True,0.4455802481556613
adapter_persona,ARG,Q176,negrecip,6.653584008734583,0.6281760009705093,True,0.2501243023837635
armA,ARG,Q176,negrecip,5.429771363735199,0.4921968181927998,True,0.2420611847742874
armB,ARG,Q176,negrecip,1.0,0.0,True,0.8461643748905597
base,ARG,Q176,negrecip,5.524847076824676,0.5027607863138529,True,0.4867504819665922
base_fixed_USA,ARG,Q176,negrecip,5.5807928879954485,0.5089769875550498,True,0.4611197643160174
persona,ARG,Q176,negrecip,5.7050976009851375,0.522788622331682,True,0.3205985924053925
uniform,ARG,Q176,negrecip,5.5,0.5,True,0.2424440000583666
human,ARG,Q176,negrecip,5.595112721486041,0.5105680801651156,True,0.0
adapter,ARG,Q177,negrecip,7.394631688015521,0.7105146320017247,True,0.1799037495049445
adapter_persona,ARG,Q177,negrecip,6.0500232884253045,0.5611136987139226,True,0.410967412650287
armA,ARG,Q177,negrecip,5.429771363735197,0.4921968181927997,True,0.2814105009121556
armB,ARG,Q177,negrecip,1.0,0.0,True,0.8961418022179972
base,ARG,Q177,negrecip,9.271488888660347,0.9190543209622608,True,0.4719095934210041
base_fixed_USA,ARG,Q177,negrecip,9.274825983144984,0.9194251092383317,True,0.4760002818653862
persona,ARG,Q177,negrecip,7.143662193024582,0.6826291325582869,True,0.1864988750944548
uniform,ARG,Q177,negrecip,5.5,0.5,True,0.2810267282495817
human,ARG,Q177,negrecip,6.602049509106,0.6224499454562222,True,0.0
adapter,ARG,Q178,risktaking,5.927476690816318,0.547497410090702,True,0.6201235395099005
adapter_persona,ARG,Q178,risktaking,5.7111471396717635,0.5234607932968625,True,0.5926436110615133
armA,ARG,Q178,risktaking,5.52075158432126,0.502305731591251,True,0.4029834889215145
armB,ARG,Q178,risktaking,10.0,1.0,True,0.9802746677772676
base,ARG,Q178,risktaking,6.047289927488828,0.5608099919432031,True,0.583158074001847
base_fixed_USA,ARG,Q178,risktaking,5.9162516417148865,0.5462501824127651,True,0.5822316593517614
persona,ARG,Q178,risktaking,5.930206277806008,0.5478006975340008,True,0.6053370083820595
uniform,ARG,Q178,risktaking,5.5,0.5,True,0.4017270777827093
human,ARG,Q178,risktaking,3.099925104038162,0.2333250115597957,True,0.0
adapter,ARG,Q179,negrecip,7.321656309594688,0.702406256621632,True,0.4262129185295021
adapter_persona,ARG,Q179,negrecip,8.060087221618392,0.7844541357353769,True,0.2730070698168266
armA,ARG,Q179,negrecip,5.429771363735197,0.4921968181927997,True,0.6826964865001263
armB,ARG,Q179,negrecip,1.0,0.0,True,0.9999999999999998
base,ARG,Q179,negrecip,9.469429135976391,0.9410476817751544,True,0.1179285399139902
base_fixed_USA,ARG,Q179,negrecip,9.45109123453836,0.9390101371709288,True,0.1162688774424663
persona,ARG,Q179,negrecip,9.393047653528031,0.9325608503920034,True,0.1632709391018082
uniform,ARG,Q179,negrecip,5.5,0.5,True,0.6789090566569773
human,ARG,Q179,negrecip,9.236714140457597,0.915190460050844,True,0.0
adapter,ARG,Q195,negrecip,5.603049875875868,0.5114499862084299,True,0.6639933492467097
adapter_persona,ARG,Q195,negrecip,3.7396583956076785,0.3044064884008531,True,0.332060409708789
armA,ARG,Q195,negrecip,5.429771363735199,0.4921968181927998,True,0.447575662660765
armB,ARG,Q195,negrecip,1.0,0.0,True,0.451368116919758
base,ARG,Q195,negrecip,5.6019156309017575,0.5113239589890841,True,0.6535614736282719
base_fixed_USA,ARG,Q195,negrecip,5.519558184651138,0.5021731316279042,True,0.6495546465266983
persona,ARG,Q195,negrecip,4.1034584076829415,0.3448287119647712,True,0.3752858436714931
uniform,ARG,Q195,negrecip,5.5,0.5,True,0.4518466243671834
human,ARG,Q195,negrecip,3.2051696660301325,0.2450188517811258,True,0.0
adapter,BRA,Q43,patience,1.9915373222390176,0.4957686611195087,True,0.7433277941202348
adapter_persona,BRA,Q43,patience,1.9438333044441247,0.4719166522220623,True,0.4720442028895318
armA,BRA,Q43,patience,1.8699799031019209,0.4349899515509603,True,0.1379043059945152
armB,BRA,Q43,patience,1.0,0.0,True,0.6450823807372293
base,BRA,Q43,patience,1.9720544194523648,0.4860272097261823,True,0.6730568037
base_fixed_USA,BRA,Q43,patience,1.9654621002804156,0.4827310501402077,True,0.6668867404374669
persona,BRA,Q43,patience,2.03445337392918,0.51722668696459,True,0.5773654708171507
uniform,BRA,Q43,patience,2.0,0.5,True,0.0965984376012464
human,BRA,Q43,patience,2.053429865742372,0.5267149328711859,True,0.0
adapter,BRA,Q50,patience,5.915409959145347,0.5461566621272607,True,0.721418567447188
adapter_persona,BRA,Q50,patience,5.61090379626279,0.5123226440291989,True,0.4867556909743402
armA,BRA,Q50,patience,5.369979903101921,0.4855533225668801,True,0.2152838413150952
armB,BRA,Q50,patience,1.0,0.0,True,0.903397957020884
base,BRA,Q50,patience,6.320539056170877,0.5911710062412086,True,0.6651007841560177
base_fixed_USA,BRA,Q50,patience,6.30707452764251,0.5896749475158344,True,0.6618692151147362
persona,BRA,Q50,patience,5.884855405638612,0.5427617117376236,True,0.5668323698325143
uniform,BRA,Q50,patience,5.5,0.5,True,0.2017397339067044
human,BRA,Q50,patience,6.055559389709529,0.5617288210788365,True,0.0
adapter,BRA,Q57,trust,0.0010817152527255,0.0010817152527255,True,0.0653977205302283
adapter_persona,BRA,Q57,trust,0.001064962550439,0.001064962550439,True,0.0654144732325148
armA,BRA,Q57,trust,0.4986554306233301,0.4986554306233301,True,0.4321759948403762
armB,BRA,Q57,trust,0.0,0.0,True,0.0664794357829538
base,BRA,Q57,trust,0.2658804730998169,0.2658804730998169,True,0.199401037316863
base_fixed_USA,BRA,Q57,trust,0.2450850131323716,0.2450850131323716,True,0.1786055773494178
persona,BRA,Q57,trust,0.0600866501740075,0.0600866501740075,True,0.0063927856089462
uniform,BRA,Q57,trust,0.5,0.5,True,0.4335205642170461
human,BRA,Q57,trust,0.0664794357829538,0.0664794357829538,True,0.0
adapter,BRA,Q58,trust,3.3471958907385173,0.7823986302461724,True,0.3186640798440102
adapter_persona,BRA,Q58,trust,3.2671887823574712,0.755729594119157,True,0.3666063227656263
armA,BRA,Q58,trust,2.4986554306233306,0.4995518102077767,True,0.4052994475331777
armB,BRA,Q58,trust,1.0,0.0,True,0.977457103646893
base,BRA,Q58,trust,3.482411720794727,0.8274705735982422,True,0.1728137073800475
base_fixed_USA,BRA,Q58,trust,3.4583392679043596,0.8194464226347865,True,0.1958337990957714
persona,BRA,Q58,trust,3.7515135420447585,0.917171180681586,True,0.1808827552387994
uniform,BRA,Q58,trust,2.5,0.5,True,0.404761619813624
human,BRA,Q58,trust,3.454967054252452,0.8183223514174841,True,0.0
adapter,BRA,Q59,trust,2.985873419908345,0.661957806636115,True,0.5517549504947755
adapter_persona,BRA,Q59,trust,2.8264720158237573,0.6088240052745858,True,0.3969097018380381
armA,BRA,Q59,trust,2.4986554306233306,0.4995518102077767,True,0.192696420957603
armB,BRA,Q59,trust,1.0,0.0,True,0.8070867583733651
base,BRA,Q59,trust,2.983270326511022,0.6610901088370073,True,0.4800353064898191
base_fixed_USA,BRA,Q59,trust,2.983595522284181,0.6611985074280603,True,0.4835332792076632
persona,BRA,Q59,trust,2.942455519464749,0.6474851731549162,True,0.3926607953923011
uniform,BRA,Q59,trust,2.5,0.5,True,0.1926961316988634
human,BRA,Q59,trust,2.458820017786422,0.4862733392621406,True,0.0
adapter,BRA,Q60,trust,3.029309430141553,0.6764364767138509,True,0.466640386178647
adapter_persona,BRA,Q60,trust,3.0143653552791467,0.6714551184263822,True,0.3306117380367466
armA,BRA,Q60,trust,2.4986554306233306,0.4995518102077767,True,0.2748408899276084
armB,BRA,Q60,trust,1.0,0.0,True,0.8911618032212615
base,BRA,Q60,trust,3.1813854330712408,0.7271284776904136,True,0.3822635792540542
base_fixed_USA,BRA,Q60,trust,3.193949561570251,0.731316520523417,True,0.3825541896307189
persona,BRA,Q60,trust,3.1406646405649443,0.7135548801883148,True,0.368959652921242
uniform,BRA,Q60,trust,2.5,0.5,True,0.2748406006688688
human,BRA,Q60,trust,2.618607042139133,0.5395356807130443,True,0.0
adapter,BRA,Q61,trust,2.6478231453066954,0.5492743817688984,True,0.4823965712640541
adapter_persona,BRA,Q61,trust,2.5457898039692903,0.5152632679897634,True,0.4334085939984963
armA,BRA,Q61,trust,2.4986554306233306,0.4995518102077767,True,0.2681907801251945
armB,BRA,Q61,trust,1.0,0.0,True,0.542466405941129
base,BRA,Q61,trust,2.8851287746917778,0.6283762582305926,True,0.6667732369188107
base_fixed_USA,BRA,Q61,trust,2.8862271848811716,0.6287423949603905,True,0.6688112170542474
persona,BRA,Q61,trust,2.4642836234855676,0.4880945411618558,True,0.4642972722488385
uniform,BRA,Q61,trust,2.5,0.5,True,0.2687286078447482
human,BRA,Q61,trust,1.7987639478287247,0.2662546492762416,True,0.0
adapter,BRA,Q62,trust,2.9839853410911084,0.6613284470303694,True,0.5016395887816415
adapter_persona,BRA,Q62,trust,2.787148125726577,0.5957160419088589,True,0.3065583565393492
armA,BRA,Q62,trust,2.4986554306233306,0.4995518102077767,True,0.2370698284980215
armB,BRA,Q62,trust,1.0,0.0,True,0.8212824522604077
base,BRA,Q62,trust,2.98288485336476,0.6609616177882534,True,0.4706907479889012
base_fixed_USA,BRA,Q62,trust,2.9830138094600915,0.6610046031533638,True,0.4767725607024179
persona,BRA,Q62,trust,2.9841680945239504,0.6613893648413168,True,0.3797017896203468
uniform,BRA,Q62,trust,2.5,0.5,True,0.2370695392392819
human,BRA,Q62,trust,2.469531614351603,0.4898438714505342,True,0.0
adapter,BRA,Q63,trust,2.9662094783353377,0.6554031594451125,True,0.6103855119181792
adapter_persona,BRA,Q63,trust,2.8192722597258415,0.6064240865752804,True,0.4577449371884108
armA,BRA,Q63,trust,2.4986554306233306,0.4995518102077767,True,0.204956958776348
armB,BRA,Q63,trust,1.0,0.0,True,0.6532497256282066
base,BRA,Q63,trust,2.97812013208892,0.6593733773629733,True,0.5751007848732128
base_fixed_USA,BRA,Q63,trust,2.970856574783297,0.6569521915944323,True,0.5704890083849746
persona,BRA,Q63,trust,2.942054840588331,0.6473516135294437,True,0.501383407022076
uniform,BRA,Q63,trust,2.5,0.5,True,0.2053601849755362
human,BRA,Q63,trust,2.0945690452242594,0.3648563484080864,True,0.0
adapter,BRA,Q64,trust,2.5352659332208765,0.5117553110736254,True,0.2992396689221117
adapter_persona,BRA,Q64,trust,2.6231131168680415,0.5410377056226805,True,0.2317350191892974
armA,BRA,Q64,trust,2.4986554306233306,0.4995518102077767,True,0.2371095950628183
armB,BRA,Q64,trust,1.0,0.0,True,0.8642096291607324
base,BRA,Q64,trust,2.7263790113469155,0.5754596704489718,True,0.197176069528625
base_fixed_USA,BRA,Q64,trust,2.7121755996547465,0.5707251998849155,True,0.1950818650736952
persona,BRA,Q64,trust,2.755495772896716,0.5851652576322387,True,0.0977909598856594
uniform,BRA,Q64,trust,2.5,0.5,True,0.2369749935424529
human,BRA,Q64,trust,2.749133252706191,0.5830444175687303,True,0.0
adapter,BRA,Q69,trust,2.5834803458004925,0.5278267819334975,True,0.3230034863636073
adapter_persona,BRA,Q69,trust,2.184276768029435,0.3947589226764782,True,0.5296502159551795
armA,BRA,Q69,trust,2.4986554306233306,0.4995518102077767,True,0.1830660677493325
armB,BRA,Q69,trust,1.0,0.0,True,0.785820546683529
base,BRA,Q69,trust,2.8205259386540593,0.6068419795513531,True,0.263572876955588
base_fixed_USA,BRA,Q69,trust,2.8239255680105337,0.6079751893368445,True,0.2765166932621502
persona,BRA,Q69,trust,2.1767420074391053,0.3922473358130351,True,0.5443496961796321
uniform,BRA,Q69,trust,2.5,0.5,True,0.1829314662289672
human,BRA,Q69,trust,2.4508537053470327,0.4836179017823442,True,0.0
adapter,BRA,Q70,trust,2.515167443786136,0.5050558145953786,True,0.3599424611449422
adapter_persona,BRA,Q70,trust,2.095776175712193,0.3652587252373977,True,0.5628803362398453
armA,BRA,Q70,trust,2.4986554306233306,0.4995518102077767,True,0.1496072146037828
armB,BRA,Q70,trust,1.0,0.0,True,0.759993676651183
base,BRA,Q70,trust,2.786641551714169,0.5955471839047229,True,0.3140094525909141
base_fixed_USA,BRA,Q70,trust,2.8090073137919416,0.6030024379306472,True,0.3194041146158778
persona,BRA,Q70,trust,2.1520437134200363,0.384014571140012,True,0.5540711422914981
uniform,BRA,Q70,trust,2.5,0.5,True,0.1494726130834175
human,BRA,Q70,trust,2.4047579803799617,0.4682526601266539,True,0.0
adapter,BRA,Q71,trust,2.0607841493397068,0.3535947164465689,True,0.7158966583883394
adapter_persona,BRA,Q71,trust,2.1122482476809843,0.3707494158936614,True,0.5853113170831457
armA,BRA,Q71,trust,2.4986554306233306,0.4995518102077767,True,0.2963410198110836
armB,BRA,Q71,trust,1.0,0.0,True,0.4532554647309884
base,BRA,Q71,trust,2.293115425083739,0.431038475027913,True,0.5629541515111762
base_fixed_USA,BRA,Q71,trust,2.298064834658579,0.4326882782195262,True,0.5627744889784067
persona,BRA,Q71,trust,2.0749765299915466,0.3583255099971822,True,0.6587037496594753
uniform,BRA,Q71,trust,2.5,0.5,True,0.2967445352690115
human,BRA,Q71,trust,1.71322475132514,0.2377415837750466,True,0.0
adapter,BRA,Q73,trust,2.1731089276193014,0.3910363092064337,True,0.6362560357665005
adapter_persona,BRA,Q73,trust,2.1546514465431503,0.3848838155143834,True,0.565197948607894
armA,BRA,Q73,trust,2.4986554306233306,0.4995518102077767,True,0.3756886811568144
armB,BRA,Q73,trust,1.0,0.0,True,0.3739078033852576
base,BRA,Q73,trust,2.51455731842158,0.50485243947386,True,0.6167692400426552
base_fixed_USA,BRA,Q73,trust,2.4940816124279097,0.4980272041426365,True,0.6167024485617191
persona,BRA,Q73,trust,2.103769800211729,0.367923266737243,True,0.5893958236906821
uniform,BRA,Q73,trust,2.5,0.5,True,0.3760921966147423
human,BRA,Q73,trust,1.5486388920077254,0.1828796306692418,True,0.0
adapter,BRA,Q81,posrecip,2.8215362123390064,0.6071787374463354,True,0.3320629997350275
adapter_persona,BRA,Q81,posrecip,2.6678118040754564,0.555937268025152,True,0.2659516016056146
armA,BRA,Q81,posrecip,2.6756190955638885,0.5585396985212961,True,0.1933897973990455
armB,BRA,Q81,posrecip,4.0,1.0,True,0.7926058961823832
base,BRA,Q81,posrecip,2.9379301600301284,0.6459767200100428,True,0.3428266911009991
base_fixed_USA,BRA,Q81,posrecip,2.933953426269869,0.6446511420899563,True,0.3300897679128699
persona,BRA,Q81,posrecip,2.8082833273588017,0.6027611091196005,True,0.2217105547669296
uniform,BRA,Q81,posrecip,2.5,0.5,True,0.208372274769879
human,BRA,Q81,posrecip,2.7494081779940145,0.583136059331338,True,0.0
adapter,BRA,Q99,altruism,0.2059689681239691,0.1029844840619845,True,0.1428943727999949
adapter_persona,BRA,Q99,altruism,1.0657032593866549,0.5328516296933273,True,0.8027114387059102
armA,BRA,Q99,altruism,1.232179880142212,0.6160899400711058,True,0.7388236391241148
armB,BRA,Q99,altruism,2.0,1.0,True,0.9825009241726798
base,BRA,Q99,altruism,1.3304804228972185,0.6652402114486092,True,0.7328398798993018
base_fixed_USA,BRA,Q99,altruism,1.279285129900004,0.639642564950002,True,0.7128435454441115
persona,BRA,Q99,altruism,0.3827874522109424,0.1913937261054712,True,0.3087597896561447
uniform,BRA,Q99,altruism,1.0,0.5,True,0.6295416586159819
human,BRA,Q99,altruism,0.0546240838780047,0.0273120419390023,True,0.0
adapter,BRA,Q101,altruism,0.3157059500400679,0.1578529750200339,True,0.2019339450992539
adapter_persona,BRA,Q101,altruism,1.156807015628374,0.578403507814187,True,0.7859824406605506
armA,BRA,Q101,altruism,1.232179880142212,0.6160899400711058,True,0.6770877577610898
armB,BRA,Q101,altruism,2.0,1.0,True,0.9344275166791072
base,BRA,Q101,altruism,1.2246439946807794,0.6123219973403897,True,0.6508858349170967
base_fixed_USA,BRA,Q101,altruism,1.2169858475220727,0.6084929237610364,True,0.6512262308721206
persona,BRA,Q101,altruism,0.6879537693865431,0.3439768846932715,True,0.4637903670484714
uniform,BRA,Q101,altruism,1.0,0.5,True,0.567805777252957
human,BRA,Q101,altruism,0.1644333727346024,0.0822166863673012,True,0.0
adapter,BRA,Q103,altruism,0.0865773387853271,0.0432886693926635,True,0.029596668776146
adapter_persona,BRA,Q103,altruism,0.9230255948954614,0.4615127974477307,True,0.640944168178494
armA,BRA,Q103,altruism,1.232179880142212,0.6160899400711058,True,0.7036994010066552
armB,BRA,Q103,altruism,2.0,1.0,True,0.9533612754691342
base,BRA,Q103,altruism,0.6582513336435947,0.3291256668217973,True,0.3280921250022828
base_fixed_USA,BRA,Q103,altruism,0.6444263652628954,0.3222131826314477,True,0.3179917486971325
persona,BRA,Q103,altruism,0.168160629448781,0.0840803147243905,True,0.0660939147116857
uniform,BRA,Q103,altruism,1.0,0.5,True,0.5944174204985224
human,BRA,Q103,altruism,0.1188879706990098,0.0594439853495049,True,0.0
adapter,BRA,Q106,risktaking,5.378690472010009,0.4865211635566676,True,0.7299572458802428
adapter_persona,BRA,Q106,risktaking,5.354632514577558,0.4838480571752842,True,0.5487935533893119
armA,BRA,Q106,risktaking,5.374701604247093,0.4860779560274547,True,0.3612026585537174
armB,BRA,Q106,risktaking,1.0,0.0,True,0.6930736896831245
base,BRA,Q106,risktaking,5.395345126237988,0.4883716806931097,True,0.6713943034073248
base_fixed_USA,BRA,Q106,risktaking,5.406422350591277,0.4896024833990307,True,0.6713385012132316
persona,BRA,Q106,risktaking,5.386088190475052,0.4873431322750057,True,0.6620200465592658
uniform,BRA,Q106,risktaking,5.5,0.5,True,0.3621462240150625
human,BRA,Q106,risktaking,5.06498777878996,0.45166530875444,True,0.0
adapter,BRA,Q107,risktaking,5.204628781828246,0.4671809757586939,True,0.5364446212265545
adapter_persona,BRA,Q107,risktaking,5.065622164935504,0.4517357961039448,True,0.4746107845336207
armA,BRA,Q107,risktaking,5.374701604247093,0.4860779560274547,True,0.4109526087432407
armB,BRA,Q107,risktaking,1.0,0.0,True,0.7016257056510502
base,BRA,Q107,risktaking,5.620154990624618,0.5133505545138464,True,0.4918697293101761
base_fixed_USA,BRA,Q107,risktaking,5.635997059821808,0.5151107844246453,True,0.4939538057253922
persona,BRA,Q107,risktaking,5.555475159831165,0.5061639066479072,True,0.5216013338782048
uniform,BRA,Q107,risktaking,5.5,0.5,True,0.4118961742045858
human,BRA,Q107,risktaking,4.922348083406912,0.4358164537118791,True,0.0
adapter,BRA,Q109,risktaking,5.229833426778721,0.4699814918643023,True,0.7115115100784821
adapter_persona,BRA,Q109,risktaking,5.315774329146556,0.4795304810162839,True,0.6067079675782447
armA,BRA,Q109,risktaking,5.374701604247093,0.4860779560274547,True,0.4395906994066952
armB,BRA,Q109,risktaking,1.0,0.0,True,0.5441666827594718
base,BRA,Q109,risktaking,5.186928228420911,0.4652142476023233,True,0.6850636531984211
base_fixed_USA,BRA,Q109,risktaking,5.201832154179065,0.4668702393532294,True,0.6854327771036112
persona,BRA,Q109,risktaking,5.1015027118811584,0.4557225235423509,True,0.6291578931209327
uniform,BRA,Q109,risktaking,5.5,0.5,True,0.4405342648680403
human,BRA,Q109,risktaking,3.7625718240550823,0.3069524248950091,True,0.0
adapter,BRA,Q174,posrecip,0.0011879054941163,0.0011879054941163,True,0.0998552827384575
adapter_persona,BRA,Q174,posrecip,0.0154245520535538,0.0154245520535538,True,0.08561863617902
armA,BRA,Q174,posrecip,0.6756190955638885,0.6756190955638885,True,0.5745759073313146
armB,BRA,Q174,posrecip,1.0,1.0,True,0.8989568117674261
base,BRA,Q174,posrecip,0.0068504800266449,0.0068504800266449,True,0.0941927082059289
base_fixed_USA,BRA,Q174,posrecip,0.0062899021368924,0.0062899021368924,True,0.0947532860956814
persona,BRA,Q174,posrecip,0.0132228217523051,0.0132228217523051,True,0.0878203664802687
uniform,BRA,Q174,posrecip,0.5,0.5,True,0.3989568117674261
human,BRA,Q174,posrecip,0.1010431882325738,0.1010431882325738,True,0.0
adapter,BRA,Q176,negrecip,5.728544040850467,0.5253937823167186,True,0.557630138884327
adapter_persona,BRA,Q176,negrecip,6.21240780282915,0.5791564225365721,True,0.4749527519204518
armA,BRA,Q176,negrecip,5.399185210466385,0.4887983567184872,True,0.3465860999162931
armB,BRA,Q176,negrecip,1.0,0.0,True,0.6837093767249042
base,BRA,Q176,negrecip,5.593611330374734,0.510401258930526,True,0.5233913112340676
base_fixed_USA,BRA,Q176,negrecip,5.5807928879954485,0.5089769875550498,True,0.5237845625724074
persona,BRA,Q176,negrecip,5.517753968777953,0.5019726631975503,True,0.4407681301826382
uniform,BRA,Q176,negrecip,5.5,0.5,True,0.3527265126287817
human,BRA,Q176,negrecip,4.231803499137884,0.3590892776819871,True,0.0
adapter,BRA,Q177,negrecip,9.940946858749,0.993438539861,True,0.3004230746138213
adapter_persona,BRA,Q177,negrecip,8.499663954363433,0.8332959949292703,True,0.1293633187149558
armA,BRA,Q177,negrecip,5.399185210466383,0.488798356718487,True,0.5913790733996682
armB,BRA,Q177,negrecip,1.0,0.0,True,0.9452533906554073
base,BRA,Q177,negrecip,9.051640745751987,0.8946267495279988,True,0.1424651613508051
base_fixed_USA,BRA,Q177,negrecip,9.274825983144984,0.9194251092383317,True,0.1752025031244386
persona,BRA,Q177,negrecip,8.141611353012548,0.7935123725569498,True,0.209812465603197
uniform,BRA,Q177,negrecip,5.5,0.5,True,0.5859689315993514
human,BRA,Q177,negrecip,8.553152603217558,0.8392391781352841,True,0.0
adapter,BRA,Q178,risktaking,5.4060649129933696,0.4895627681103744,True,0.5875432496009199
adapter_persona,BRA,Q178,risktaking,5.081254974037398,0.4534727748930442,True,0.5875388410625682
armA,BRA,Q178,risktaking,5.374701604247093,0.4860779560274547,True,0.4688849713880037
armB,BRA,Q178,risktaking,1.0,0.0,True,0.4717209087518473
base,BRA,Q178,risktaking,5.994390533571282,0.5549322815079202,True,0.645042332860378
base_fixed_USA,BRA,Q178,risktaking,5.9162516417148865,0.5462501824127651,True,0.6455789184897246
persona,BRA,Q178,risktaking,5.8350273289118775,0.5372252587679864,True,0.6598789685349432
uniform,BRA,Q178,risktaking,5.5,0.5,True,0.4698285368493487
human,BRA,Q178,risktaking,3.551453629850716,0.2834948477611906,True,0.0
adapter,BRA,Q179,negrecip,9.976633838643572,0.997403759849286,True,0.1225171948599688
adapter_persona,BRA,Q179,negrecip,9.445022702326062,0.9383358558140068,True,0.0423935963402098
armA,BRA,Q179,negrecip,5.399185210466383,0.488798356718487,True,0.777873023683683
armB,BRA,Q179,negrecip,1.0,0.0,True,0.9907109461943616
base,BRA,Q179,negrecip,9.39650258583904,0.9329447317598932,True,0.0394933834597735
base_fixed_USA,BRA,Q179,negrecip,9.45109123453836,0.9390101371709288,True,0.0330245282898841
persona,BRA,Q179,negrecip,9.741745418971709,0.971305046552412,True,0.0996330877323144
uniform,BRA,Q179,negrecip,5.5,0.5,True,0.7724628818833662
human,BRA,Q179,negrecip,9.467741102438511,0.940860122493168,True,0.0
adapter,BRA,Q195,negrecip,4.0330907935585865,0.3370100881731762,True,0.565680347652858
adapter_persona,BRA,Q195,negrecip,2.5994482728742097,0.177716474763801,True,0.2629644180792948
armA,BRA,Q195,negrecip,5.399185210466385,0.4887983567184872,True,0.4615408631310712
armB,BRA,Q195,negrecip,1.0,0.0,True,0.5244472074491268
base,BRA,Q195,negrecip,5.546101463438793,0.5051223848265326,True,0.6797225034854087
base_fixed_USA,BRA,Q195,negrecip,5.519558184651138,0.5021731316279042,True,0.677459356709267
persona,BRA,Q195,negrecip,4.214226429583577,0.3571362699537307,True,0.5282523034087092
uniform,BRA,Q195,negrecip,5.5,0.5,True,0.4622711340432431
human,BRA,Q195,negrecip,4.153788425779887,0.3504209361977652,True,0.0
adapter,CHN,Q43,patience,1.9992104738988343,0.4996052369494171,True,0.8597250556468283
adapter_persona,CHN,Q43,patience,1.8966657516400032,0.4483328758200015,True,0.7545440486760481
armA,CHN,Q43,patience,2.1990523338317867,0.5995261669158933,True,0.184626835051332
armB,CHN,Q43,patience,3.0,1.0,True,0.3890582998630363
base,CHN,Q43,patience,1.9772230264275823,0.4886115132137911,True,0.7860300498279642
base_fixed_USA,CHN,Q43,patience,1.9654621002804156,0.4827310501402077,True,0.7648952984928025
persona,CHN,Q43,patience,2.077198174771594,0.5385990873857973,True,0.5460744283655437
uniform,CHN,Q43,patience,2.0,0.5,True,0.2776083668036303
human,CHN,Q43,patience,2.3606097379506785,0.6803048689753391,True,0.0
adapter,CHN,Q50,patience,6.374676825119744,0.5971863139021937,True,0.6403146122370569
adapter_persona,CHN,Q50,patience,6.866352732021573,0.6518169702246192,True,0.3260147009476325
armA,CHN,Q50,patience,5.699052333831786,0.5221169259813095,True,0.2547359835634109
armB,CHN,Q50,patience,10.0,1.0,True,0.8965417845105159
base,CHN,Q50,patience,6.278117619218214,0.5864575132464682,True,0.5649297446698586
base_fixed_USA,CHN,Q50,patience,6.30707452764251,0.5896749475158344,True,0.571134162936288
persona,CHN,Q50,patience,6.53986640057594,0.6155407111751044,True,0.5262554084701319
uniform,CHN,Q50,patience,5.5,0.5,True,0.2671370613267098
human,CHN,Q50,patience,6.456990430896925,0.6063322700996582,True,0.0
adapter,CHN,Q57,trust,0.9980732653366726,0.9980732653366726,True,0.3582777943719487
adapter_persona,CHN,Q57,trust,0.0039454076648598,0.0039454076648598,True,0.635850063299864
armA,CHN,Q57,trust,0.7764028906822203,0.7764028906822203,True,0.1366074197174965
armB,CHN,Q57,trust,1.0,1.0,True,0.3602045290352761
base,CHN,Q57,trust,0.2689414213699951,0.2689414213699951,True,0.3708540495947287
base_fixed_USA,CHN,Q57,trust,0.2450850131323716,0.2450850131323716,True,0.3947104578323521
persona,CHN,Q57,trust,0.0049054057057219,0.0049054057057219,True,0.6348900652590019
uniform,CHN,Q57,trust,0.5,0.5,True,0.1397954709647238
human,CHN,Q57,trust,0.6397954709647238,0.6397954709647238,True,0.0
adapter,CHN,Q58,trust,3.8519267877113785,0.9506422625704593,True,0.0065949863420502
adapter_persona,CHN,Q58,trust,3.6358933478860793,0.8786311159620264,True,0.2170389657518198
armA,CHN,Q58,trust,2.7764028906822205,0.5921342968940734,True,0.5129706510481167
armB,CHN,Q58,trust,4.0,1.0,True,0.1478136322263193
base,CHN,Q58,trust,3.458967312914293,0.819655770971431,True,0.3865316540002352
base_fixed_USA,CHN,Q58,trust,3.4583392679043596,0.8194464226347865,True,0.3864808503500359
persona,CHN,Q58,trust,3.8126167470965338,0.9375389156988444,True,0.0405522962810091
uniform,CHN,Q58,trust,2.5,0.5,True,0.6021863677736806
human,CHN,Q58,trust,3.844752409004352,0.9482508030014504,True,0.0
adapter,CHN,Q59,trust,3.002124729718379,0.6673749099061262,True,0.3136276002369023
adapter_persona,CHN,Q59,trust,3.0082557647108765,0.6694185882369588,True,0.2506957413136307
armA,CHN,Q59,trust,2.7764028906822205,0.5921342968940734,True,0.4110957738383413
armB,CHN,Q59,trust,4.0,1.0,True,0.8428499290013542
base,CHN,Q59,trust,2.983595522284181,0.6611985074280603,True,0.2243190864115972
base_fixed_USA,CHN,Q59,trust,2.983595522284181,0.6611985074280603,True,0.2243190864115972
persona,CHN,Q59,trust,3.1076406153496325,0.7025468717832108,True,0.1040092863261696
uniform,CHN,Q59,trust,2.5,0.5,True,0.4321661988601194
human,CHN,Q59,trust,2.989086175970082,0.6630287253233605,True,0.0
adapter,CHN,Q60,trust,3.037239147732662,0.6790797159108873,True,0.220444657732374
adapter_persona,CHN,Q60,trust,3.1828587008285725,0.7276195669428575,True,0.0959885729240614
armA,CHN,Q60,trust,2.7764028906822205,0.5921342968940734,True,0.4710779924558741
armB,CHN,Q60,trust,4.0,1.0,True,0.860316273450098
base,CHN,Q60,trust,3.174418724971263,0.7248062416570877,True,0.1116574768691419
base_fixed_USA,CHN,Q60,trust,3.193949561570251,0.731316520523417,True,0.1118460819686436
persona,CHN,Q60,trust,3.0833925425972524,0.6944641808657507,True,0.0640849518974615
uniform,CHN,Q60,trust,2.5,0.5,True,0.4921484174776522
human,CHN,Q60,trust,3.0170312967712505,0.6723437655904168,True,0.0
adapter,CHN,Q61,trust,2.979842408108818,0.659947469369606,True,0.8542828029264509
adapter_persona,CHN,Q61,trust,2.6595288777504034,0.5531762925834677,True,0.5448014626562186
armA,CHN,Q61,trust,2.7764028906822205,0.5921342968940734,True,0.4759535344094649
armB,CHN,Q61,trust,4.0,1.0,True,0.9908428567228144
base,CHN,Q61,trust,2.8862271848811725,0.6287423949603907,True,0.7498809954164639
base_fixed_USA,CHN,Q61,trust,2.8862271848811716,0.6287423949603905,True,0.7498809954164638
persona,CHN,Q61,trust,2.419009157765552,0.4730030525885173,True,0.2988600411261628
uniform,CHN,Q61,trust,2.5,0.5,True,0.4224981737543376
human,CHN,Q61,trust,1.9503205317072771,0.3167735105690923,True,0.0
adapter,CHN,Q62,trust,3.0014070858800053,0.667135695293335,True,0.8013503594576407
adapter_persona,CHN,Q62,trust,2.9280783737956018,0.6426927912652006,True,0.7245730596198261
armA,CHN,Q62,trust,2.7764028906822205,0.5921342968940734,True,0.4087844944544257
armB,CHN,Q62,trust,4.0,1.0,True,0.9936316500347884
base,CHN,Q62,trust,2.9833965110535146,0.6611321703511716,True,0.7689266037792899
base_fixed_USA,CHN,Q62,trust,2.9830138094600915,0.6610046031533638,True,0.7687393570860954
persona,CHN,Q62,trust,2.844470205719168,0.6148234019063892,True,0.6200276933715552
uniform,CHN,Q62,trust,2.5,0.5,True,0.312241812986262
human,CHN,Q62,trust,1.9716134575373057,0.3238711525124352,True,0.0
adapter,CHN,Q63,trust,3.000121534490105,0.6667071781633683,True,0.8351928656058559
adapter_persona,CHN,Q63,trust,2.878470192192069,0.6261567307306894,True,0.7087906062854754
armA,CHN,Q63,trust,2.7764028906822205,0.5921342968940734,True,0.4419446285598996
armB,CHN,Q63,trust,4.0,1.0,True,0.9942584370607304
base,CHN,Q63,trust,2.977027016815558,0.6590090056051859,True,0.7846942456308791
base_fixed_USA,CHN,Q63,trust,2.970856574783297,0.6569521915944323,True,0.7787717418114316
persona,CHN,Q63,trust,2.8827708901903386,0.6275902967301126,True,0.6805575787186275
uniform,CHN,Q63,trust,2.5,0.5,True,0.3316584868125576
human,CHN,Q63,trust,1.9110410194765657,0.3036803398255218,True,0.0
adapter,CHN,Q64,trust,2.795857720065566,0.5986192400218554,True,0.5607627581886238
adapter_persona,CHN,Q64,trust,2.4333453076741645,0.4777817692247214,True,0.2241446158321385
armA,CHN,Q64,trust,2.7764028906822205,0.5921342968940734,True,0.4090206896078647
armB,CHN,Q64,trust,4.0,1.0,True,0.9748843792278916
base,CHN,Q64,trust,2.7190908498138544,0.5730302832712848,True,0.4422844155874549
base_fixed_USA,CHN,Q64,trust,2.7121755996547465,0.5707251998849155,True,0.4396956586723249
persona,CHN,Q64,trust,2.0310538884560763,0.3436846294853587,True,0.4371810986963725
uniform,CHN,Q64,trust,2.5,0.5,True,0.3078856531758044
human,CHN,Q64,trust,1.985532178226868,0.3285107260756225,True,0.0
adapter,CHN,Q69,trust,3.0478745638000593,0.6826248546000196,True,0.3236960925354398
adapter_persona,CHN,Q69,trust,2.826394412619684,0.6087981375398946,True,0.1751746980160506
armA,CHN,Q69,trust,2.7764028906822205,0.5921342968940734,True,0.288769139918667
armB,CHN,Q69,trust,4.0,1.0,True,0.711679281372577
base,CHN,Q69,trust,2.8239255680105337,0.6079751893368445,True,0.2486400457626868
base_fixed_USA,CHN,Q69,trust,2.8239255680105337,0.6079751893368445,True,0.2486400457626868
persona,CHN,Q69,trust,2.9096897159504773,0.636563238650159,True,0.0956867320745662
uniform,CHN,Q69,trust,2.5,0.5,True,0.3481602835678679
human,CHN,Q69,trust,3.115933929992775,0.7053113099975916,True,0.0
adapter,CHN,Q70,trust,2.9957086488067226,0.6652362162689073,True,0.3551489233652304
adapter_persona,CHN,Q70,trust,2.5169734088183007,0.5056578029394335,True,0.3963419091784495
armA,CHN,Q70,trust,2.7764028906822205,0.5921342968940734,True,0.3057326594951838
armB,CHN,Q70,trust,4.0,1.0,True,0.7138206108760475
base,CHN,Q70,trust,2.7842146278064543,0.5947382092688182,True,0.2535156043255024
base_fixed_USA,CHN,Q70,trust,2.8090073137919416,0.6030024379306472,True,0.2522962605819058
persona,CHN,Q70,trust,2.5353075091671817,0.511769169722394,True,0.3169106573652213
uniform,CHN,Q70,trust,2.5,0.5,True,0.3629824736409145
human,CHN,Q70,trust,3.135306822380281,0.711768940793427,True,0.0
adapter,CHN,Q71,trust,2.148338547751253,0.3827795159170843,True,0.8078634947061119
adapter_persona,CHN,Q71,trust,2.7723444045828805,0.5907814681942934,True,0.3486642720677252
armA,CHN,Q71,trust,2.7764028906822205,0.5921342968940734,True,0.3389378756505112
armB,CHN,Q71,trust,4.0,1.0,True,0.5222165461756231
base,CHN,Q71,trust,2.2989848745952024,0.4329949581984007,True,0.653459595535162
base_fixed_USA,CHN,Q71,trust,2.298064834658579,0.4326882782195262,True,0.6529657827226611
persona,CHN,Q71,trust,2.7840093702787057,0.5946697900929018,True,0.3810394359894766
uniform,CHN,Q71,trust,2.5,0.5,True,0.4492240173978532
human,CHN,Q71,trust,3.419975730424968,0.8066585768083226,True,0.0
adapter,CHN,Q73,trust,2.322375554285156,0.4407918514283853,True,0.6138970083704778
adapter_persona,CHN,Q73,trust,2.5612364657351967,0.5204121552450655,True,0.4109241451680285
armA,CHN,Q73,trust,2.7764028906822205,0.5921342968940734,True,0.3164668444566157
armB,CHN,Q73,trust,4.0,1.0,True,0.6152315564980677
base,CHN,Q73,trust,2.5257526779952375,0.5085842259984124,True,0.4181687602055451
base_fixed_USA,CHN,Q73,trust,2.4940816124279097,0.4980272041426365,True,0.4488056072293661
persona,CHN,Q73,trust,2.3851938107896027,0.4617312702632008,True,0.4823927597293512
uniform,CHN,Q73,trust,2.5,0.5,True,0.4267529862039576
human,CHN,Q73,trust,3.3025729852935637,0.7675243284311879,True,0.0
adapter,CHN,Q81,posrecip,3.1020651291180306,0.7006883763726768,True,0.2946038239364925
adapter_persona,CHN,Q81,posrecip,3.02917666011773,0.6763922200392432,True,0.148169879640291
armA,CHN,Q81,posrecip,2.7396685928106312,0.5798895309368771,True,0.3288295068127867
armB,CHN,Q81,posrecip,4.0,1.0,True,0.8572500143023071
base,CHN,Q81,posrecip,2.9243805538575094,0.6414601846191699,True,0.2001917234852457
base_fixed_USA,CHN,Q81,posrecip,2.933953426269869,0.6446511420899563,True,0.1934646993808282
persona,CHN,Q81,posrecip,2.8686658545707746,0.622888618190258,True,0.0278231818186261
uniform,CHN,Q81,posrecip,2.5,0.5,True,0.3449973433019207
human,CHN,Q81,posrecip,2.8428350272775664,0.6142783424258554,True,0.0
adapter,CHN,Q99,altruism,1.2239282599599246,0.6119641299799623,True,0.8318878839882841
adapter_persona,CHN,Q99,altruism,1.3741745136134305,0.6870872568067152,True,0.949164430540646
armA,CHN,Q99,altruism,1.2524125576019287,0.6262062788009644,True,0.7470203668313778
armB,CHN,Q99,altruism,2.0,1.0,True,0.9853341677752908
base,CHN,Q99,altruism,1.3267352684482283,0.6633676342241142,True,0.7286389395740064
base_fixed_USA,CHN,Q99,altruism,1.279285129900004,0.639642564950002,True,0.7121774687895354
persona,CHN,Q99,altruism,0.2973645469769588,0.1486822734884794,True,0.2175634392121671
uniform,CHN,Q99,altruism,1.0,0.5,True,0.628875581961406
human,CHN,Q99,altruism,0.0524569169299701,0.026228458464985,True,0.0
adapter,CHN,Q101,altruism,1.3098610421423935,0.6549305210711968,True,0.8835696175080267
adapter_persona,CHN,Q101,altruism,1.4548397939531306,0.7274198969765652,True,0.9683390831644824
armA,CHN,Q101,altruism,1.2524125576019287,0.6262062788009644,True,0.7573784022017889
armB,CHN,Q101,altruism,2.0,1.0,True,0.9931711648711093
base,CHN,Q101,altruism,1.22445469264022,0.61222734632011,True,0.7140518482118904
base_fixed_USA,CHN,Q101,altruism,1.2169858475220727,0.6084929237610364,True,0.7226540709509807
persona,CHN,Q101,altruism,0.4986161241359919,0.2493080620679959,True,0.3803661389559362
uniform,CHN,Q101,altruism,1.0,0.5,True,0.639233617331817
human,CHN,Q101,altruism,0.0342618844637399,0.0171309422318699,True,0.0
adapter,CHN,Q103,altruism,0.1306755758080823,0.0653377879040411,True,0.0328163338509022
adapter_persona,CHN,Q103,altruism,1.3338052795574975,0.6669026397787488,True,0.8736953321401292
armA,CHN,Q103,altruism,1.2524125576019287,0.6262062788009644,True,0.7107531955689552
armB,CHN,Q103,altruism,2.0,1.0,True,0.9842906083539462
base,CHN,Q103,altruism,0.6444263652628954,0.3222131826314477,True,0.3161827388975935
base_fixed_USA,CHN,Q103,altruism,0.6444263652628954,0.3222131826314477,True,0.3161827388975935
persona,CHN,Q103,altruism,0.372979375488215,0.1864896877441075,True,0.1853472800511647
uniform,CHN,Q103,altruism,1.0,0.5,True,0.5926084106989835
human,CHN,Q103,altruism,0.0897676476137369,0.0448838238068684,True,0.0
adapter,CHN,Q106,risktaking,5.12562918650654,0.4584032429451711,True,0.6390218098687843
adapter_persona,CHN,Q106,risktaking,5.117858465006755,0.457539829445195,True,0.4107679825544654
armA,CHN,Q106,risktaking,5.490094939246774,0.4988994376940859,True,0.127711069309967
armB,CHN,Q106,risktaking,1.0,0.0,True,0.9064922852853684
base,CHN,Q106,risktaking,5.426683234459385,0.4918536927177094,True,0.5736770854384338
base_fixed_USA,CHN,Q106,risktaking,5.406422350591277,0.4896024833990307,True,0.5739576616880875
persona,CHN,Q106,risktaking,5.407046002794963,0.4896717780883291,True,0.4989906777662543
uniform,CHN,Q106,risktaking,5.5,0.5,True,0.1275291039159391
human,CHN,Q106,risktaking,5.529817276894971,0.5033130307661078,True,0.0
adapter,CHN,Q107,risktaking,5.33665709144633,0.4818507879384811,True,0.4343762490173449
adapter_persona,CHN,Q107,risktaking,5.310333981106777,0.478925997900753,True,0.2448203266721825
armA,CHN,Q107,risktaking,5.490094939246774,0.4988994376940859,True,0.1489613178708209
armB,CHN,Q107,risktaking,1.0,0.0,True,0.9299720858528328
base,CHN,Q107,risktaking,5.63169568809823,0.5146328542331366,True,0.3065640776791356
base_fixed_USA,CHN,Q107,risktaking,5.635997059821808,0.5151107844246453,True,0.2898276887616269
persona,CHN,Q107,risktaking,4.921169756195837,0.4356855284662041,True,0.2862008233876845
uniform,CHN,Q107,risktaking,5.5,0.5,True,0.1489598763962931
human,CHN,Q107,risktaking,5.63534836145638,0.5150387068284866,True,0.0
adapter,CHN,Q109,risktaking,5.5402803436958425,0.5044755937439825,True,0.645483021407174
adapter_persona,CHN,Q109,risktaking,5.8306087482997775,0.5367343053666419,True,0.553969470228704
armA,CHN,Q109,risktaking,5.490094939246774,0.4988994376940859,True,0.3504258561657376
armB,CHN,Q109,risktaking,1.0,0.0,True,0.7541378278752137
base,CHN,Q109,risktaking,5.180159569290599,0.4644621743656221,True,0.6184535358547474
base_fixed_USA,CHN,Q109,risktaking,5.201832154179065,0.4668702393532294,True,0.6165349997122224
persona,CHN,Q109,risktaking,5.006114397804305,0.4451238219782561,True,0.5239723368873247
uniform,CHN,Q109,risktaking,5.5,0.5,True,0.3517469630463182
human,CHN,Q109,risktaking,3.4294832457597897,0.2699425828621988,True,0.0
adapter,CHN,Q174,posrecip,0.0001088969100265,0.0001088969100265,True,0.2548698473888384
adapter_persona,CHN,Q174,posrecip,7.602479755843484e-05,7.602479755843484e-05,True,0.2549027195013065
armA,CHN,Q174,posrecip,0.7396685928106306,0.7396685928106306,True,0.4846898485117657
armB,CHN,Q174,posrecip,1.0,1.0,True,0.745021255701135
base,CHN,Q174,posrecip,0.0071214287457351,0.0071214287457351,True,0.2478573155531298
base_fixed_USA,CHN,Q174,posrecip,0.0062899021368924,0.0062899021368924,True,0.2486888421619725
persona,CHN,Q174,posrecip,0.0351448464007931,0.0351448464007931,True,0.2198338978980717
uniform,CHN,Q174,posrecip,0.5,0.5,True,0.245021255701135
human,CHN,Q174,posrecip,0.2549787442988649,0.2549787442988649,True,0.0
adapter,CHN,Q176,negrecip,5.771507034730755,0.5301674483034172,True,0.5389113147410928
adapter_persona,CHN,Q176,negrecip,5.858794646262736,0.5398660718069705,True,0.2761513932852656
armA,CHN,Q176,negrecip,5.512923526577651,0.5014359473975167,True,0.1427173501696847
armB,CHN,Q176,negrecip,10.0,1.0,True,0.930579808848128
base,CHN,Q176,negrecip,5.524847076824676,0.5027607863138529,True,0.481283453702514
base_fixed_USA,CHN,Q176,negrecip,5.5807928879954485,0.5089769875550498,True,0.4730147397010489
persona,CHN,Q176,negrecip,5.182781222606721,0.4647534691785245,True,0.311771382065773
uniform,CHN,Q176,negrecip,5.5,0.5,True,0.1413843639007805
human,CHN,Q176,negrecip,5.15030482984121,0.4611449810934678,True,0.0
adapter,CHN,Q177,negrecip,9.971148093114692,0.9967942325682992,True,0.6292706865710789
adapter_persona,CHN,Q177,negrecip,9.494144241506325,0.9437938046118138,True,0.5445023440410822
armA,CHN,Q177,negrecip,5.5129235265776515,0.5014359473975168,True,0.3259605200687058
armB,CHN,Q177,negrecip,10.0,1.0,True,0.6352731138980565
base,CHN,Q177,negrecip,9.271488888660347,0.9190543209622608,True,0.4729104093964735
base_fixed_USA,CHN,Q177,negrecip,9.274825983144984,0.9194251092383317,True,0.4757674215899248
persona,CHN,Q177,negrecip,8.613208061812365,0.8459120068680405,True,0.3465124267773346
uniform,CHN,Q177,negrecip,5.5,0.5,True,0.327684392382363
human,CHN,Q177,negrecip,7.625751984014552,0.7361946648905058,True,0.0
adapter,CHN,Q178,risktaking,5.040209617323523,0.4489121797026136,True,0.5958269287088777
adapter_persona,CHN,Q178,risktaking,5.2844806772389425,0.4760534085821047,True,0.7390097312728533
armA,CHN,Q178,risktaking,5.490094939246774,0.4988994376940859,True,0.665959912783078
armB,CHN,Q178,risktaking,1.0,0.0,True,0.2517614318790634
base,CHN,Q178,risktaking,6.047289927488828,0.5608099919432031,True,0.868601345314226
base_fixed_USA,CHN,Q178,risktaking,5.9162516417148865,0.5462501824127651,True,0.8676749306641401
persona,CHN,Q178,risktaking,5.974770272621036,0.5527522525134485,True,0.8736135227600514
uniform,CHN,Q178,risktaking,5.5,0.5,True,0.6669215571869411
human,CHN,Q178,risktaking,1.6286874105199054,0.0698541567244339,True,0.0
adapter,CHN,Q179,negrecip,9.989871091270919,0.9988745656967688,True,0.1324068972492596
adapter_persona,CHN,Q179,negrecip,9.913767450562158,0.9904186056180176,True,0.1174296887519791
armA,CHN,Q179,negrecip,5.5129235265776515,0.5014359473975168,True,0.7646523739123144
armB,CHN,Q179,negrecip,10.0,1.0,True,0.1346412325062556
base,CHN,Q179,negrecip,9.469429135976391,0.9410476817751544,True,0.0963609633003525
base_fixed_USA,CHN,Q179,negrecip,9.45109123453836,0.9390101371709288,True,0.0979779684744128
persona,CHN,Q179,negrecip,9.646434749793888,0.9607149721993208,True,0.1139065925507302
uniform,CHN,Q179,negrecip,5.5,0.5,True,0.7653587674937443
human,CHN,Q179,negrecip,9.709789568355536,0.9677543964839485,True,0.0
adapter,CHN,Q195,negrecip,2.8177325838242337,0.2019702870915815,True,0.4306471266646599
adapter_persona,CHN,Q195,negrecip,2.476372189949424,0.1640413544388248,True,0.3820813496697256
armA,CHN,Q195,negrecip,5.512923526577651,0.5014359473975167,True,0.3164526883396657
armB,CHN,Q195,negrecip,10.0,1.0,True,0.7800039135791789
base,CHN,Q195,negrecip,5.6019156309017575,0.5113239589890841,True,0.6891418664651506
base_fixed_USA,CHN,Q195,negrecip,5.519558184651138,0.5021731316279042,True,0.6817933307855246
persona,CHN,Q195,negrecip,5.917599385138173,0.5463999316820191,True,0.5931106271397826
uniform,CHN,Q195,negrecip,5.5,0.5,True,0.3163763275131714
human,CHN,Q195,negrecip,5.3419478021882645,0.4824386446875849,True,0.0
adapter,DEU,Q43,patience,2.015113831792517,0.5075569158962585,True,0.83924749193148
adapter_persona,DEU,Q43,patience,2.0365398375760355,0.5182699187880176,True,0.7663383163578914
armA,DEU,Q43,patience,2.312199085950851,0.6560995429754257,True,0.2734523681763558
armB,DEU,Q43,patience,3.0,1.0,True,0.5985104942450914
base,DEU,Q43,patience,1.9772230264275823,0.4886115132137911,True,0.7893467734221155
base_fixed_USA,DEU,Q43,patience,1.9654621002804156,0.4827310501402077,True,0.7682120220869539
persona,DEU,Q43,patience,1.971365732760354,0.4856828663801769,True,0.7699972345746133
uniform,DEU,Q43,patience,2.0,0.5,True,0.1979237192507334
human,DEU,Q43,patience,1.938388625592417,0.4691943127962084,True,0.0
adapter,DEU,Q50,patience,6.130555944432102,0.5700617716035667,True,0.6458573629756067
adapter_persona,DEU,Q50,patience,6.742074721736552,0.6380083024151724,True,0.3467725333196814
armA,DEU,Q50,patience,5.812199085950852,0.5346887873278725,True,0.2425389252090921
armB,DEU,Q50,patience,10.0,1.0,True,0.8512179065174456
base,DEU,Q50,patience,6.278117619218214,0.5864575132464682,True,0.6205785490644926
base_fixed_USA,DEU,Q50,patience,6.30707452764251,0.5896749475158344,True,0.6267829673309219
persona,DEU,Q50,patience,6.624078081154872,0.6248975645727635,True,0.6818663048563737
uniform,DEU,Q50,patience,5.5,0.5,True,0.2860434496379196
human,DEU,Q50,patience,7.111915734035549,0.6791017482261722,True,0.0
adapter,DEU,Q57,trust,0.0013250224172131,0.0013250224172131,True,0.4581891476232726
adapter_persona,DEU,Q57,trust,0.0049054053488526,0.0049054053488526,True,0.4546087646916331
armA,DEU,Q57,trust,0.4405887350440025,0.4405887350440025,True,0.0189254349964832
armB,DEU,Q57,trust,0.0,0.0,True,0.4595141700404857
base,DEU,Q57,trust,0.2689414213699951,0.2689414213699951,True,0.1905727486704907
base_fixed_USA,DEU,Q57,trust,0.2450850131323716,0.2450850131323716,True,0.214429156908114
persona,DEU,Q57,trust,0.5312093733737562,0.5312093733737562,True,0.0716952033332704
uniform,DEU,Q57,trust,0.5,0.5,True,0.0404858299595141
human,DEU,Q57,trust,0.4595141700404858,0.4595141700404858,True,0.0
adapter,DEU,Q58,trust,3.0578302933032058,0.6859434311010685,True,0.7758815330352897
adapter_persona,DEU,Q58,trust,3.0409463686747116,0.6803154562249037,True,0.7661348065915395
armA,DEU,Q58,trust,2.440588735044002,0.4801962450146673,True,0.6158679240503817
armB,DEU,Q58,trust,1.0,0.0,True,0.9967170059093892
base,DEU,Q58,trust,3.458967312914293,0.819655770971431,True,0.3900961882153036
base_fixed_USA,DEU,Q58,trust,3.4583392679043596,0.8194464226347865,True,0.389961336311814
persona,DEU,Q58,trust,3.6780810767957424,0.8926936922652474,True,0.1827463892419751
uniform,DEU,Q58,trust,2.5,0.5,True,0.5983256730137885
human,DEU,Q58,trust,3.8312541037426127,0.9437513679142044,True,0.0
adapter,DEU,Q59,trust,2.934402046152796,0.6448006820509318,True,0.2665496635164849
adapter_persona,DEU,Q59,trust,2.9623590768428345,0.6541196922809448,True,0.2730395784740948
armA,DEU,Q59,trust,2.440588735044002,0.4801962450146673,True,0.4175741502856398
armB,DEU,Q59,trust,1.0,0.0,True,0.9800796812749004
base,DEU,Q59,trust,2.983595522284181,0.6611985074280603,True,0.2451307035984098
base_fixed_USA,DEU,Q59,trust,2.983595522284181,0.6611985074280603,True,0.2451307035984098
persona,DEU,Q59,trust,3.0468716155846054,0.6822905385282017,True,0.2671964388147092
uniform,DEU,Q59,trust,2.5,0.5,True,0.4113545816733068
human,DEU,Q59,trust,2.941567065073041,0.6471890216910137,True,0.0
adapter,DEU,Q60,trust,2.9930834970623534,0.6643611656874511,True,0.2822336421211502
adapter_persona,DEU,Q60,trust,2.979222508527409,0.659740836175803,True,0.2068805861088731
armA,DEU,Q60,trust,2.440588735044002,0.4801962450146673,True,0.4709216611284505
armB,DEU,Q60,trust,1.0,0.0,True,0.998678996036988
base,DEU,Q60,trust,3.174418724971263,0.7248062416570877,True,0.1286322055497853
base_fixed_USA,DEU,Q60,trust,3.193949561570251,0.731316520523417,True,0.1095212704592756
persona,DEU,Q60,trust,3.129669351747931,0.709889783915977,True,0.1809582859088312
uniform,DEU,Q60,trust,2.5,0.5,True,0.4471598414795244
human,DEU,Q60,trust,3.2093791281373845,0.7364597093791281,True,0.0
adapter,DEU,Q61,trust,2.852066357714897,0.6173554525716323,True,0.5041342070176149
adapter_persona,DEU,Q61,trust,2.8883176168286155,0.6294392056095384,True,0.5406172612945668
armA,DEU,Q61,trust,2.440588735044002,0.4801962450146673,True,0.3357000783690207
armB,DEU,Q61,trust,1.0,0.0,True,0.839189189189189
base,DEU,Q61,trust,2.8862271848811716,0.6287423949603905,True,0.5296011921709683
base_fixed_USA,DEU,Q61,trust,2.8862271848811716,0.6287423949603905,True,0.5296011921709683
persona,DEU,Q61,trust,2.8851220539228493,0.628374017974283,True,0.5293630992113383
uniform,DEU,Q61,trust,2.5,0.5,True,0.3351351351351351
human,DEU,Q61,trust,2.1945945945945944,0.3981981981981981,True,0.0
adapter,DEU,Q62,trust,2.965399786066969,0.655133262022323,True,0.3739285013043152
adapter_persona,DEU,Q62,trust,2.912539394048518,0.637513131349506,True,0.3042101492747326
armA,DEU,Q62,trust,2.440588735044002,0.4801962450146673,True,0.3947957124646548
armB,DEU,Q62,trust,1.0,0.0,True,0.9363905325443787
base,DEU,Q62,trust,2.9833965110535146,0.6611321703511716,True,0.3724609834496788
base_fixed_USA,DEU,Q62,trust,2.9830138094600915,0.6610046031533638,True,0.3722763701241424
persona,DEU,Q62,trust,2.9815577047467947,0.6605192349155982,True,0.3551067862804292
uniform,DEU,Q62,trust,2.5,0.5,True,0.3942307692307692
human,DEU,Q62,trust,2.6050295857988166,0.5350098619329388,True,0.0
adapter,DEU,Q63,trust,2.9616014708566696,0.6538671569522231,True,0.3588779195437111
adapter_persona,DEU,Q63,trust,2.9418602995107497,0.6472867665035831,True,0.304278948990658
armA,DEU,Q63,trust,2.440588735044002,0.4801962450146673,True,0.3949973365816802
armB,DEU,Q63,trust,1.0,0.0,True,0.9421547360809834
base,DEU,Q63,trust,2.977027016815558,0.6590090056051859,True,0.3339373824365051
base_fixed_USA,DEU,Q63,trust,2.970856574783297,0.6569521915944323,True,0.3281686111642042
persona,DEU,Q63,trust,2.99246495636246,0.6641549854541533,True,0.3279665613410363
uniform,DEU,Q63,trust,2.5,0.5,True,0.3944323933477946
human,DEU,Q63,trust,2.6319595083152567,0.5439865027717522,True,0.0
adapter,DEU,Q64,trust,2.5179438069796225,0.5059812689932075,True,0.2128650879579406
adapter_persona,DEU,Q64,trust,2.7457897774415123,0.5819299258138374,True,0.3188672671729414
armA,DEU,Q64,trust,2.440588735044002,0.4801962450146673,True,0.2388569542531693
armB,DEU,Q64,trust,1.0,0.0,True,0.806473829201102
base,DEU,Q64,trust,2.7190908498138544,0.5730302832712848,True,0.2812909145588881
base_fixed_USA,DEU,Q64,trust,2.7121755996547465,0.5707251998849155,True,0.2787021576437582
persona,DEU,Q64,trust,2.681227214339068,0.5604090714463559,True,0.2851001473228113
uniform,DEU,Q64,trust,2.5,0.5,True,0.2382920110192837
human,DEU,Q64,trust,2.236914600550964,0.4123048668503213,True,0.0
adapter,DEU,Q69,trust,2.6920129434821396,0.5640043144940465,True,0.2468583159472879
adapter_persona,DEU,Q69,trust,2.9600428720299243,0.6533476240099748,True,0.2132491858481749
armA,DEU,Q69,trust,2.440588735044002,0.4801962450146673,True,0.3914866873737939
armB,DEU,Q69,trust,1.0,0.0,True,0.9834656084656084
base,DEU,Q69,trust,2.8239255680105337,0.6079751893368445,True,0.1983701385306322
base_fixed_USA,DEU,Q69,trust,2.8239255680105337,0.6079751893368445,True,0.1983701385306322
persona,DEU,Q69,trust,3.125253862646699,0.7084179542155663,True,0.0911399003665607
uniform,DEU,Q69,trust,2.5,0.5,True,0.3756613756613756
human,DEU,Q69,trust,3.0932539682539684,0.6977513227513227,True,0.0
adapter,DEU,Q70,trust,2.663060805015385,0.5543536016717949,True,0.2280255812577444
adapter_persona,DEU,Q70,trust,2.8833308393649975,0.6277769464549992,True,0.247026934518867
armA,DEU,Q70,trust,2.440588735044002,0.4801962450146673,True,0.2995800022166691
armB,DEU,Q70,trust,1.0,0.0,True,0.9654471544715448
base,DEU,Q70,trust,2.7842146278064543,0.5947382092688182,True,0.1933185731909483
base_fixed_USA,DEU,Q70,trust,2.8090073137919416,0.6030024379306472,True,0.1920992294473517
persona,DEU,Q70,trust,3.0074483003402257,0.6691494334467419,True,0.2071782118292123
uniform,DEU,Q70,trust,2.5,0.5,True,0.293360433604336
human,DEU,Q70,trust,2.919376693766938,0.6397922312556459,True,0.0
adapter,DEU,Q71,trust,2.146744358500677,0.3822481195002256,True,0.4239161832887218
adapter_persona,DEU,Q71,trust,2.7470741458102093,0.5823580486034031,True,0.2882582158630109
armA,DEU,Q71,trust,2.440588735044002,0.4801962450146673,True,0.3361444580586834
armB,DEU,Q71,trust,1.0,0.0,True,0.8787061994609164
base,DEU,Q71,trust,2.2989848745952024,0.4329949581984007,True,0.2733493899006938
base_fixed_USA,DEU,Q71,trust,2.298064834658579,0.4326882782195262,True,0.2728555770881929
persona,DEU,Q71,trust,2.5357833871469513,0.5119277957156503,True,0.150814177215701
uniform,DEU,Q71,trust,2.5,0.5,True,0.3355795148247978
human,DEU,Q71,trust,2.3766846361185983,0.4588948787061994,True,0.0
adapter,DEU,Q73,trust,2.3221763928277763,0.4407254642759254,True,0.2242809183552723
adapter_persona,DEU,Q73,trust,2.722542871987584,0.5741809573291947,True,0.2696972725159405
armA,DEU,Q73,trust,2.440588735044002,0.4801962450146673,True,0.3422373215752153
armB,DEU,Q73,trust,1.0,0.0,True,0.886223440712817
base,DEU,Q73,trust,2.5257526779952375,0.5085842259984124,True,0.1211758913515324
base_fixed_USA,DEU,Q73,trust,2.4940816124279097,0.4980272041426365,True,0.1234138920993055
persona,DEU,Q73,trust,2.508700270199049,0.5029000900663497,True,0.1346455548215641
uniform,DEU,Q73,trust,2.5,0.5,True,0.3416723783413296
human,DEU,Q73,trust,2.3728581220013707,0.4576193740004568,True,0.0
adapter,DEU,Q81,posrecip,2.763233970135815,0.5877446567119383,True,0.191298132728561
adapter_persona,DEU,Q81,posrecip,2.915342886731485,0.6384476289104948,True,0.2328415290811295
armA,DEU,Q81,posrecip,2.460067484527826,0.4866891615092752,True,0.3535236043676577
armB,DEU,Q81,posrecip,1.0,0.0,True,0.9582753824756606
base,DEU,Q81,posrecip,2.9243805538575094,0.6414601846191699,True,0.2374700125451637
base_fixed_USA,DEU,Q81,posrecip,2.933953426269869,0.6446511420899563,True,0.2307429884407462
persona,DEU,Q81,posrecip,3.017664426474785,0.6725548088249284,True,0.2653762021231969
uniform,DEU,Q81,posrecip,2.5,0.5,True,0.3532684283727398
human,DEU,Q81,posrecip,2.726008344923505,0.5753361149745015,True,0.0
adapter,DEU,Q99,altruism,0.1831922907639495,0.0915961453819747,True,0.0270364307584394
adapter_persona,DEU,Q99,altruism,1.4515300915448297,0.7257650457724147,True,0.834313780689027
armA,DEU,Q99,altruism,0.9744989667087792,0.4872494833543896,True,0.5377692784992129
armB,DEU,Q99,altruism,0.0,0.0,True,0.1160655737704917
base,DEU,Q99,altruism,1.3267352684482283,0.6633676342241142,True,0.6503644505087753
base_fixed_USA,DEU,Q99,altruism,1.279285129900004,0.639642564950002,True,0.6339029797243043
persona,DEU,Q99,altruism,0.6762963771147541,0.338148188557377,True,0.4808609249834887
uniform,DEU,Q99,altruism,1.0,0.5,True,0.5506010928961748
human,DEU,Q99,altruism,0.1875409836065573,0.0937704918032786,True,0.0
adapter,DEU,Q101,altruism,0.231015079468791,0.1155075397343955,True,0.0656535081216875
adapter_persona,DEU,Q101,altruism,1.4211499947438628,0.7105749973719314,True,0.7969009784446606
armA,DEU,Q101,altruism,0.9744989667087792,0.4872494833543896,True,0.5154741965319997
armB,DEU,Q101,altruism,0.0,0.0,True,0.1383606557377049
base,DEU,Q101,altruism,1.22445469264022,0.61222734632011,True,0.603124241809035
base_fixed_USA,DEU,Q101,altruism,1.2169858475220727,0.6084929237610364,True,0.6117264645481252
persona,DEU,Q101,altruism,0.8420548789624142,0.4210274394812071,True,0.562293042662011
uniform,DEU,Q101,altruism,1.0,0.5,True,0.5283060109289616
human,DEU,Q101,altruism,0.2163934426229508,0.1081967213114754,True,0.0
adapter,DEU,Q103,altruism,0.0639128382991088,0.0319564191495544,True,0.0171739318082905
adapter_persona,DEU,Q103,altruism,1.0984870085045737,0.5492435042522867,True,0.6923791576823588
armA,DEU,Q103,altruism,0.9744989667087792,0.4872494833543896,True,0.5862938686631473
armB,DEU,Q103,altruism,0.0,0.0,True,0.0675409836065573
base,DEU,Q103,altruism,0.6444263652628954,0.3222131826314477,True,0.3227000112587193
base_fixed_USA,DEU,Q103,altruism,0.6444263652628954,0.3222131826314477,True,0.3227000112587193
persona,DEU,Q103,altruism,0.1892770365418711,0.0946385182709355,True,0.0844783841839921
uniform,DEU,Q103,altruism,1.0,0.5,True,0.5991256830601092
human,DEU,Q103,altruism,0.0898360655737704,0.0449180327868852,True,0.0
adapter,DEU,Q106,risktaking,5.491764792656462,0.4990849769618291,True,0.622514283084825
adapter_persona,DEU,Q106,risktaking,5.509543188687482,0.5010603542986091,True,0.4344708955884502
armA,DEU,Q106,risktaking,5.477757059037685,0.4975285621152983,True,0.2046728129437847
armB,DEU,Q106,risktaking,1.0,0.0,True,0.9256308100929612
base,DEU,Q106,risktaking,5.426683234459386,0.4918536927177095,True,0.5509310752435431
base_fixed_USA,DEU,Q106,risktaking,5.406422350591277,0.4896024833990307,True,0.551211651493197
persona,DEU,Q106,risktaking,5.23198608497947,0.4702206761088299,True,0.5688394182332694
uniform,DEU,Q106,risktaking,5.5,0.5,True,0.2035856573705179
human,DEU,Q106,risktaking,5.810092961487384,0.5344547734985982,True,0.0
adapter,DEU,Q107,risktaking,5.969314659300757,0.5521460732556396,True,0.3635577213850356
adapter_persona,DEU,Q107,risktaking,5.5207088008830425,0.5023009778758935,True,0.2373167845898519
armA,DEU,Q107,risktaking,5.477757059037685,0.4975285621152983,True,0.3038007891165053
armB,DEU,Q107,risktaking,1.0,0.0,True,0.9534555712270804
base,DEU,Q107,risktaking,5.63169568809823,0.5146328542331366,True,0.272327316692824
base_fixed_USA,DEU,Q107,risktaking,5.635997059821808,0.5151107844246453,True,0.2767046471221119
persona,DEU,Q107,risktaking,4.490634234475621,0.387848248275069,True,0.41737564616664
uniform,DEU,Q107,risktaking,5.5,0.5,True,0.3035260930888575
human,DEU,Q107,risktaking,5.319464033850494,0.4799404482056104,True,0.0
adapter,DEU,Q109,risktaking,5.313532576450381,0.4792813973833756,True,0.6660548731808623
adapter_persona,DEU,Q109,risktaking,5.0609487968652385,0.4512165329850265,True,0.574439767257713
armA,DEU,Q109,risktaking,5.477757059037685,0.4975285621152983,True,0.360901324314995
armB,DEU,Q109,risktaking,1.0,0.0,True,0.7724550898203592
base,DEU,Q109,risktaking,5.180159569290599,0.4644621743656221,True,0.6214151597729005
base_fixed_USA,DEU,Q109,risktaking,5.201832154179065,0.4668702393532294,True,0.6194966236303752
persona,DEU,Q109,risktaking,4.826011719647822,0.4251124132942024,True,0.5659972314472782
uniform,DEU,Q109,risktaking,5.5,0.5,True,0.3642714570858283
human,DEU,Q109,risktaking,3.462408516300732,0.2736009462556368,True,0.0
adapter,DEU,Q174,posrecip,0.0028009269671209,0.0028009269671209,True,0.5555029599586742
adapter_persona,DEU,Q174,posrecip,0.0073458272196294,0.0073458272196294,True,0.5509580597061656
armA,DEU,Q174,posrecip,0.4600674845278263,0.4600674845278263,True,0.0982364023979687
armB,DEU,Q174,posrecip,0.0,0.0,True,0.558303886925795
base,DEU,Q174,posrecip,0.0071214287457351,0.0071214287457351,True,0.55118245818006
base_fixed_USA,DEU,Q174,posrecip,0.0062899021368924,0.0062899021368924,True,0.5520139847889027
persona,DEU,Q174,posrecip,0.0055549247036911,0.0055549247036911,True,0.552748962222104
uniform,DEU,Q174,posrecip,0.5,0.5,True,0.058303886925795
human,DEU,Q174,posrecip,0.558303886925795,0.558303886925795,True,0.0
adapter,DEU,Q176,negrecip,5.453601155739642,0.4948445728599602,True,0.6088654057047422
adapter_persona,DEU,Q176,negrecip,5.325890927610319,0.4806545475122576,True,0.4451967668817203
armA,DEU,Q176,negrecip,5.352867379784584,0.483651931087176,True,0.1577153567967629
armB,DEU,Q176,negrecip,1.0,0.0,True,0.9163879598662208
base,DEU,Q176,negrecip,5.524847076824676,0.5027607863138529,True,0.594152718825842
base_fixed_USA,DEU,Q176,negrecip,5.5807928879954485,0.5089769875550498,True,0.5858840048243767
persona,DEU,Q176,negrecip,5.470047998113156,0.4966719997903506,True,0.5560465601350842
uniform,DEU,Q176,negrecip,5.5,0.5,True,0.1478260869565217
human,DEU,Q176,negrecip,5.995986622073579,0.555109624674842,True,0.0
adapter,DEU,Q177,negrecip,9.359141490561356,0.9287934989512618,True,0.1603513284983086
adapter_persona,DEU,Q177,negrecip,7.549715946868424,0.7277462163187138,True,0.4755541486112657
armA,DEU,Q177,negrecip,5.352867379784582,0.4836519310871758,True,0.6913231805354112
armB,DEU,Q177,negrecip,1.0,0.0,True,0.9934036939313984
base,DEU,Q177,negrecip,9.271488888660347,0.9190543209622608,True,0.154332137598885
base_fixed_USA,DEU,Q177,negrecip,9.274825983144984,0.9194251092383317,True,0.1563998344810272
persona,DEU,Q177,negrecip,9.071193016361176,0.8967992240401306,True,0.1459578135660391
uniform,DEU,Q177,negrecip,5.5,0.5,True,0.6773087071240105
human,DEU,Q177,negrecip,9.461741424802112,0.940193491644679,True,0.0
adapter,DEU,Q178,risktaking,5.401349494615331,0.4890388327350367,True,0.8500241281046551
adapter_persona,DEU,Q178,risktaking,5.189566549602199,0.4655073944002443,True,0.7475770584809501
armA,DEU,Q178,risktaking,5.477757059037685,0.4975285621152983,True,0.588656960135913
armB,DEU,Q178,risktaking,1.0,0.0,True,0.3199999999999999
base,DEU,Q178,risktaking,6.047289927488828,0.5608099919432031,True,0.8155366953662346
base_fixed_USA,DEU,Q178,risktaking,5.9162516417148865,0.5462501824127651,True,0.8146102807161487
persona,DEU,Q178,risktaking,5.844194476994236,0.5382438307771373,True,0.8311449610698693
uniform,DEU,Q178,risktaking,5.5,0.5,True,0.5908196721311476
human,DEU,Q178,risktaking,1.8295081967213112,0.092167577413479,True,0.0
adapter,DEU,Q179,negrecip,9.56276520891759,0.9514183565463988,True,0.09898673154736
adapter_persona,DEU,Q179,negrecip,9.215145703279344,0.9127939670310384,True,0.1433879921847538
armA,DEU,Q179,negrecip,5.352867379784582,0.4836519310871758,True,0.8083604476693456
armB,DEU,Q179,negrecip,1.0,0.0,True,1.0
base,DEU,Q179,negrecip,9.469429135976391,0.9410476817751544,True,0.087738960506439
base_fixed_USA,DEU,Q179,negrecip,9.45109123453836,0.9390101371709288,True,0.0941576042964947
persona,DEU,Q179,negrecip,9.83167194055875,0.9812968822843052,True,0.0857439196866242
uniform,DEU,Q179,negrecip,5.5,0.5,True,0.800523560209424
human,DEU,Q179,negrecip,9.837696335078535,0.9819662594531704,True,0.0
adapter,DEU,Q195,negrecip,5.107188165479611,0.4563542406088456,True,0.7909937420210805
adapter_persona,DEU,Q195,negrecip,3.249441625640631,0.2499379584045145,True,0.3309708600075012
armA,DEU,Q195,negrecip,5.352867379784584,0.483651931087176,True,0.5260405470838636
armB,DEU,Q195,negrecip,1.0,0.0,True,0.3657407407407407
base,DEU,Q195,negrecip,5.6019156309017575,0.5113239589890841,True,0.7585968727679436
base_fixed_USA,DEU,Q195,negrecip,5.519558184651138,0.5021731316279042,True,0.7545900456663697
persona,DEU,Q195,negrecip,2.0471499446329853,0.1163499938481094,True,0.1968407358456488
uniform,DEU,Q195,negrecip,5.5,0.5,True,0.5342592592592593
human,DEU,Q195,negrecip,2.5257936507936507,0.1695326278659611,True,0.0
adapter,EGY,Q43,patience,1.981925998614968,0.4909629993074841,True,0.9415965785845596
adapter_persona,EGY,Q43,patience,1.860788505104202,0.430394252552101,True,0.8029744549531754
armA,EGY,Q43,patience,1.808402746915817,0.4042013734579085,True,0.6630538011617606
armB,EGY,Q43,patience,1.0,0.0,True,0.9359521776259608
base,EGY,Q43,patience,1.9720544194523648,0.4860272097261823,True,0.8790487446925481
base_fixed_USA,EGY,Q43,patience,1.9654621002804156,0.4827310501402077,True,0.8742889908309908
persona,EGY,Q43,patience,2.173400614140495,0.5867003070702475,True,0.6201957156224777
uniform,EGY,Q43,patience,2.0,0.5,True,0.5718758895530885
human,EGY,Q43,patience,2.8411614005123824,0.9205807002561912,True,0.0
adapter,EGY,Q50,patience,6.302151729036179,0.5891279698929088,True,0.7132930417950899
adapter_persona,EGY,Q50,patience,5.506299756704368,0.5006999729671519,True,0.316461260966
armA,EGY,Q50,patience,5.308402746915816,0.4787114163239796,True,0.1940694583170858
armB,EGY,Q50,patience,1.0,0.0,True,0.8623853211009173
base,EGY,Q50,patience,6.320539056170878,0.5911710062412086,True,0.6704822072038874
base_fixed_USA,EGY,Q50,patience,6.30707452764251,0.5896749475158344,True,0.6672506381626055
persona,EGY,Q50,patience,5.455200027961949,0.4950222253291054,True,0.4723487084220182
uniform,EGY,Q50,patience,5.5,0.5,True,0.2098415346121768
human,EGY,Q50,patience,4.693911592994162,0.4104346214437957,True,0.0
adapter,EGY,Q57,trust,0.8740772351648676,0.8740772351648676,True,0.8005601090161625
adapter_persona,EGY,Q57,trust,0.0083157787616436,0.0083157787616436,True,0.0652013473870615
armA,EGY,Q57,trust,0.8045104444026947,0.8045104444026947,True,0.7309933182539896
armB,EGY,Q57,trust,1.0,1.0,True,0.9264828738512948
base,EGY,Q57,trust,0.2658804730998169,0.2658804730998169,True,0.1923633469511118
base_fixed_USA,EGY,Q57,trust,0.2450850131323716,0.2450850131323716,True,0.1715678869836666
persona,EGY,Q57,trust,0.0031726828424851,0.0031726828424851,True,0.07034444330622
uniform,EGY,Q57,trust,0.5,0.5,True,0.4264828738512949
human,EGY,Q57,trust,0.073517126148705,0.073517126148705,True,0.0
adapter,EGY,Q58,trust,3.6822177088570065,0.894072569619002,True,0.2573655190827638
adapter_persona,EGY,Q58,trust,3.4205459667512015,0.8068486555837338,True,0.485892937485109
armA,EGY,Q58,trust,2.8045104444026943,0.6015034814675647,True,0.5851436785838507
armB,EGY,Q58,trust,4.0,1.0,True,0.0658333333333333
base,EGY,Q58,trust,3.482411720794727,0.8274705735982422,True,0.445532750006024
base_fixed_USA,EGY,Q58,trust,3.4583392679043596,0.8194464226347865,True,0.4688552522143607
persona,EGY,Q58,trust,3.6086282517266146,0.869542750575538,True,0.3162591389196067
uniform,EGY,Q58,trust,2.5,0.5,True,0.6841666666666667
human,EGY,Q58,trust,3.9266666666666663,0.9755555555555556,True,0.0
adapter,EGY,Q59,trust,3.003925667769675,0.6679752225898916,True,0.476185455321698
adapter_persona,EGY,Q59,trust,2.9363197535144785,0.6454399178381593,True,0.3359597970260816
armA,EGY,Q59,trust,2.8045104444026943,0.6015034814675647,True,0.2359460900625305
armB,EGY,Q59,trust,4.0,1.0,True,0.6413678065054212
base,EGY,Q59,trust,2.983270326511022,0.6610901088370073,True,0.4042383550893187
base_fixed_USA,EGY,Q59,trust,2.983595522284181,0.6611985074280603,True,0.4077363278071629
persona,EGY,Q59,trust,2.9203544762017666,0.6401181587339221,True,0.2598775771256999
uniform,EGY,Q59,trust,2.5,0.5,True,0.3573811509591325
human,EGY,Q59,trust,3.190158465387823,0.7300528217959411,True,0.0
adapter,EGY,Q60,trust,3.1576522849789037,0.7192174283263012,True,0.4244425401428134
adapter_persona,EGY,Q60,trust,3.0837905625647526,0.6945968541882509,True,0.336055134573574
armA,EGY,Q60,trust,2.8045104444026943,0.6015034814675647,True,0.2643030541993112
armB,EGY,Q60,trust,4.0,1.0,True,0.5312760633861551
base,EGY,Q60,trust,3.1813854330712408,0.7271284776904136,True,0.3881055321118644
base_fixed_USA,EGY,Q60,trust,3.193949561570251,0.731316520523417,True,0.3761266428358598
persona,EGY,Q60,trust,3.01833044749697,0.6727768158323232,True,0.3654367286918667
uniform,EGY,Q60,trust,2.5,0.5,True,0.3857381150959132
human,EGY,Q60,trust,3.3402835696413677,0.7800945232137892,True,0.0
adapter,EGY,Q61,trust,2.955191774500252,0.651730591500084,True,0.7714759546839381
adapter_persona,EGY,Q61,trust,2.6754636218270766,0.5584878739423588,True,0.4926124361079542
armA,EGY,Q61,trust,2.8045104444026943,0.6015034814675647,True,0.4268041884133805
armB,EGY,Q61,trust,4.0,1.0,True,0.9865771812080538
base,EGY,Q61,trust,2.8851287746917778,0.6283762582305926,True,0.6918104256504434
base_fixed_USA,EGY,Q61,trust,2.8862271848811716,0.6287423949603905,True,0.6938484057858801
persona,EGY,Q61,trust,2.2650010595547694,0.4216670198515897,True,0.2833866636912146
uniform,EGY,Q61,trust,2.5,0.5,True,0.3053691275167785
human,EGY,Q61,trust,1.903523489932886,0.3011744966442953,True,0.0
adapter,EGY,Q62,trust,3.0023181564179247,0.6674393854726415,True,0.5454078801210698
adapter_persona,EGY,Q62,trust,2.8041707957819826,0.6013902652606608,True,0.3386306899449489
armA,EGY,Q62,trust,2.8045104444026943,0.6015034814675647,True,0.3115807621510646
armB,EGY,Q62,trust,4.0,1.0,True,0.9254237288135592
base,EGY,Q62,trust,2.98288485336476,0.6609616177882534,True,0.506446287427675
base_fixed_USA,EGY,Q62,trust,2.9830138094600915,0.6610046031533638,True,0.5125281001411918
persona,EGY,Q62,trust,2.7405788166249057,0.5801929388749685,True,0.2359353130830066
uniform,EGY,Q62,trust,2.5,0.5,True,0.2966101694915254
human,EGY,Q62,trust,2.464406779661017,0.488135593220339,True,0.0
adapter,EGY,Q63,trust,3.000944037272348,0.6669813457574492,True,0.8103873973557884
adapter_persona,EGY,Q63,trust,2.819132457141642,0.6063774857138807,True,0.6239105022451199
armA,EGY,Q63,trust,2.8045104444026943,0.6015034814675647,True,0.4323891245008423
armB,EGY,Q63,trust,4.0,1.0,True,0.9867491166077738
base,EGY,Q63,trust,2.97812013208892,0.6593733773629733,True,0.7639877303784665
base_fixed_USA,EGY,Q63,trust,2.970856574783297,0.6569521915944323,True,0.758067318603114
persona,EGY,Q63,trust,2.7564947894080065,0.5854982631360021,True,0.5403484714303258
uniform,EGY,Q63,trust,2.5,0.5,True,0.3109540636042402
human,EGY,Q63,trust,1.8507067137809188,0.2835689045936395,True,0.0
adapter,EGY,Q64,trust,2.7153330333041668,0.5717776777680555,True,0.3240811666736117
adapter_persona,EGY,Q64,trust,2.8936205735331346,0.631206857844378,True,0.0718951146232001
armA,EGY,Q64,trust,2.8045104444026943,0.6015034814675647,True,0.1299749689594448
armB,EGY,Q64,trust,4.0,1.0,True,0.6743393009377663
base,EGY,Q64,trust,2.7263790113469155,0.5754596704489718,True,0.2682084851371301
base_fixed_USA,EGY,Q64,trust,2.7121755996547465,0.5707251998849155,True,0.2661142806822003
persona,EGY,Q64,trust,2.7215967821652103,0.57386559405507,True,0.1488395083003492
uniform,EGY,Q64,trust,2.5,0.5,True,0.2280477408354646
human,EGY,Q64,trust,2.973572037510656,0.6578573458368853,True,0.0
adapter,EGY,Q73,trust,2.3941550007716934,0.4647183335905644,True,0.5554262683833022
adapter_persona,EGY,Q73,trust,2.364601186278505,0.4548670620928348,True,0.486063938948885
armA,EGY,Q73,trust,2.8045104444026943,0.6015034814675647,True,0.5283176519897193
armB,EGY,Q73,trust,4.0,1.0,True,0.9949392712550608
base,EGY,Q73,trust,2.5145573184215806,0.50485243947386,True,0.5483693511202204
base_fixed_USA,EGY,Q73,trust,2.4940816124279097,0.4980272041426365,True,0.5483025596392845
persona,EGY,Q73,trust,2.0772789107152154,0.3590929702384051,True,0.491920552940379
uniform,EGY,Q73,trust,2.5,0.5,True,0.4068825910931174
human,EGY,Q73,trust,1.540485829959514,0.180161943319838,True,0.0
adapter,EGY,Q81,posrecip,3.049021420941196,0.683007140313732,True,0.4431915068432705
adapter_persona,EGY,Q81,posrecip,3.0054870652535306,0.6684956884178433,True,0.2248579256521957
armA,EGY,Q81,posrecip,2.7849922478199005,0.5949974159399668,True,0.2186745461188365
armB,EGY,Q81,posrecip,4.0,1.0,True,0.8764769065520945
base,EGY,Q81,posrecip,2.9379301600301284,0.6459767200100428,True,0.3575899433144872
base_fixed_USA,EGY,Q81,posrecip,2.933953426269869,0.6446511420899563,True,0.344853020126358
persona,EGY,Q81,posrecip,2.762604275567168,0.5875347585223892,True,0.1584657219330896
uniform,EGY,Q81,posrecip,2.5,0.5,True,0.1936090225563909
human,EGY,Q81,posrecip,2.491944146079484,0.497314715359828,True,0.0
adapter,EGY,Q99,altruism,1.2954728535817372,0.6477364267908686,True,0.8142396935085972
adapter_persona,EGY,Q99,altruism,1.2593048071845885,0.6296524035922941,True,0.8731834759982593
armA,EGY,Q99,altruism,1.317073076963425,0.6585365384817123,True,0.8073858514816465
armB,EGY,Q99,altruism,2.0,1.0,True,0.9983319432860716
base,EGY,Q99,altruism,1.3304804228972185,0.6652402114486092,True,0.7649607178082016
base_fixed_USA,EGY,Q99,altruism,1.279285129900004,0.639642564950002,True,0.7449643833530112
persona,EGY,Q99,altruism,0.1679318441089441,0.083965922054472,True,0.1370190192497577
uniform,EGY,Q99,altruism,1.0,0.5,True,0.6616624965248818
human,EGY,Q99,altruism,0.006672226855713,0.0033361134278565,True,0.0
adapter,EGY,Q101,altruism,1.2905566564569353,0.6452783282284675,True,0.7894570573138193
adapter_persona,EGY,Q101,altruism,1.452830528173219,0.7264152640866095,True,0.9151758706031076
armA,EGY,Q101,altruism,1.317073076963425,0.6585365384817123,True,0.7590122067777265
armB,EGY,Q101,altruism,2.0,1.0,True,0.9816513761467888
base,EGY,Q101,altruism,1.2246439946807794,0.6123219973403897,True,0.6963689094851016
base_fixed_USA,EGY,Q101,altruism,1.2169858475220727,0.6084929237610364,True,0.6967093054401254
persona,EGY,Q101,altruism,0.7759388358311294,0.3879694179155647,True,0.5219691133430769
uniform,EGY,Q101,altruism,1.0,0.5,True,0.6132888518209618
human,EGY,Q101,altruism,0.0717264386989157,0.0358632193494578,True,0.0
adapter,EGY,Q103,altruism,0.3412894362970007,0.1706447181485003,True,0.2070170397967526
adapter_persona,EGY,Q103,altruism,1.2649582225749465,0.6324791112874731,True,0.8533452187737047
armA,EGY,Q103,altruism,1.317073076963425,0.6585365384817123,True,0.8090539081955747
armB,EGY,Q103,altruism,2.0,1.0,True,0.9974979149291076
base,EGY,Q103,altruism,0.6582513336435947,0.3291256668217973,True,0.3970052577425704
base_fixed_USA,EGY,Q103,altruism,0.6444263652628954,0.3222131826314477,True,0.3869048814374201
persona,EGY,Q103,altruism,0.1505588884234298,0.0752794442117149,True,0.1106527269470176
uniform,EGY,Q103,altruism,1.0,0.5,True,0.66333055323881
human,EGY,Q103,altruism,0.0058381984987489,0.0029190992493744,True,0.0
adapter,EGY,Q106,risktaking,5.328139115166907,0.4809043461296563,True,0.7839162935470542
adapter_persona,EGY,Q106,risktaking,5.263686862357263,0.4737429847063625,True,0.4813073537251928
armA,EGY,Q106,risktaking,5.3595519065856925,0.4843946562872991,True,0.2402195283648072
armB,EGY,Q106,risktaking,1.0,0.0,True,0.9328859060402684
base,EGY,Q106,risktaking,5.395345126237988,0.4883716806931097,True,0.7277690982324752
base_fixed_USA,EGY,Q106,risktaking,5.406422350591277,0.4896024833990307,True,0.7257027252295714
persona,EGY,Q106,risktaking,5.505544129490078,0.5006160143877864,True,0.6500884020489703
uniform,EGY,Q106,risktaking,5.5,0.5,True,0.2300335570469798
human,EGY,Q106,risktaking,6.74496644295302,0.6383296047725577,True,0.0
adapter,EGY,Q107,risktaking,5.0801463309978185,0.4533495923330909,True,0.5968695385748279
adapter_persona,EGY,Q107,risktaking,4.914466728433661,0.4349407476037401,True,0.3558085914500567
armA,EGY,Q107,risktaking,5.3595519065856925,0.4843946562872991,True,0.1838701818441431
armB,EGY,Q107,risktaking,1.0,0.0,True,0.9359649122807016
base,EGY,Q107,risktaking,5.620154990624618,0.5133505545138464,True,0.4701172442958448
base_fixed_USA,EGY,Q107,risktaking,5.635997059821808,0.5151107844246453,True,0.4745903629969541
persona,EGY,Q107,risktaking,5.491300031428308,0.4990333368253675,True,0.3459769365528644
uniform,EGY,Q107,risktaking,5.5,0.5,True,0.1736842105263157
human,EGY,Q107,risktaking,6.40438596491228,0.6004873294346978,True,0.0
adapter,EGY,Q109,risktaking,5.336130811840731,0.4817923124267479,True,0.754826806325517
adapter_persona,EGY,Q109,risktaking,5.248264400766631,0.472029377862959,True,0.6332881838910825
armA,EGY,Q109,risktaking,5.3595519065856925,0.4843946562872991,True,0.4177429193560399
armB,EGY,Q109,risktaking,1.0,0.0,True,0.5641476274165202
base,EGY,Q109,risktaking,5.186928228420911,0.4652142476023233,True,0.7311454088395867
base_fixed_USA,EGY,Q109,risktaking,5.201832154179065,0.4668702393532294,True,0.7315145327447768
persona,EGY,Q109,risktaking,5.1297442842082654,0.4588604760231406,True,0.6511619998810216
uniform,EGY,Q109,risktaking,5.5,0.5,True,0.4365553602811951
human,EGY,Q109,risktaking,2.59402460456942,0.1771138449521577,True,0.0
adapter,EGY,Q174,posrecip,0.0012943680354542,0.0012943680354542,True,0.5051879137277264
adapter_persona,EGY,Q174,posrecip,0.0169149153729276,0.0169149153729276,True,0.4895673663902531
armA,EGY,Q174,posrecip,0.7849922478199005,0.7849922478199005,True,0.2785099660567198
armB,EGY,Q174,posrecip,1.0,1.0,True,0.4935177182368193
base,EGY,Q174,posrecip,0.0068504800266449,0.0068504800266449,True,0.4996318017365357
base_fixed_USA,EGY,Q174,posrecip,0.0062899021368924,0.0062899021368924,True,0.5001923796262882
persona,EGY,Q174,posrecip,0.1329642401978292,0.1329642401978292,True,0.3735180415653514
uniform,EGY,Q174,posrecip,0.5,0.5,True,0.0064822817631806
human,EGY,Q174,posrecip,0.5064822817631806,0.5064822817631806,True,0.0
adapter,EGY,Q176,negrecip,5.699645067928833,0.5221827853254258,True,0.5818805574155436
adapter_persona,EGY,Q176,negrecip,5.90276538667122,0.5447517096301355,True,0.3195590521575389
armA,EGY,Q176,negrecip,5.517417907714843,0.501935323079427,True,0.1617280231569216
armB,EGY,Q176,negrecip,10.0,1.0,True,0.9395017793594306
base,EGY,Q176,negrecip,5.593611330374734,0.510401258930526,True,0.5522922752223085
base_fixed_USA,EGY,Q176,negrecip,5.5807928879954485,0.5089769875550498,True,0.5478997393606126
persona,EGY,Q176,negrecip,5.353206979405103,0.4836896643783447,True,0.3015716835268308
uniform,EGY,Q176,negrecip,5.5,0.5,True,0.1601423487544483
human,EGY,Q176,negrecip,4.574733096085409,0.3971925662317121,True,0.0
adapter,EGY,Q177,negrecip,9.916795069871082,0.9907550077634534,True,0.2821937281787237
adapter_persona,EGY,Q177,negrecip,9.003272801577488,0.8892525335086097,True,0.1565642937618815
armA,EGY,Q177,negrecip,5.517417907714844,0.5019353230794271,True,0.603334218013295
armB,EGY,Q177,negrecip,10.0,1.0,True,0.2957130358705161
base,EGY,Q177,negrecip,9.051640745751987,0.8946267495279988,True,0.1441902418339854
base_fixed_USA,EGY,Q177,negrecip,9.274825983144984,0.9194251092383317,True,0.1612537013357446
persona,EGY,Q177,negrecip,8.67836154774474,0.8531512830827487,True,0.1359079512014213
uniform,EGY,Q177,negrecip,5.5,0.5,True,0.6042869641294837
human,EGY,Q177,negrecip,9.21084864391951,0.9123165159910566,True,0.0
adapter,EGY,Q178,risktaking,6.001291082649766,0.5556990091833073,True,0.8130521331366011
adapter_persona,EGY,Q178,risktaking,4.85222586885571,0.4280250965395233,True,0.6784855841222128
armA,EGY,Q178,risktaking,5.3595519065856925,0.4843946562872991,True,0.6362709121809605
armB,EGY,Q178,risktaking,1.0,0.0,True,0.2558922558922558
base,EGY,Q178,risktaking,5.994390533571282,0.5549322815079202,True,0.8425910881830101
base_fixed_USA,EGY,Q178,risktaking,5.9162516417148865,0.5462501824127651,True,0.8401387898512152
persona,EGY,Q178,risktaking,5.915240777714139,0.54613786419046,True,0.8329084023015006
uniform,EGY,Q178,risktaking,5.5,0.5,True,0.645959595959596
human,EGY,Q178,risktaking,1.5925925925925926,0.0658436213991769,True,0.0
adapter,EGY,Q179,negrecip,9.981131997170179,0.9979035552411308,True,0.0427941692827045
adapter_persona,EGY,Q179,negrecip,9.833880675098797,0.9815422972331996,True,0.0281263364140391
armA,EGY,Q179,negrecip,5.517417907714844,0.5019353230794271,True,0.8538589693649827
armB,EGY,Q179,negrecip,10.0,1.0,True,0.0451882845188284
base,EGY,Q179,negrecip,9.39650258583904,0.9329447317598932,True,0.1209040764146304
base_fixed_USA,EGY,Q179,negrecip,9.45109123453836,0.9390101371709288,True,0.1078392196882473
persona,EGY,Q179,negrecip,9.704458753958168,0.9671620837731296,True,0.0382453656625687
uniform,EGY,Q179,negrecip,5.5,0.5,True,0.8548117154811716
human,EGY,Q179,negrecip,9.93389121338912,0.9926545792654577,True,0.0
adapter,EGY,Q195,negrecip,4.717206094526177,0.4130228993917974,True,0.5337709242508524
adapter_persona,EGY,Q195,negrecip,2.734401666514221,0.1927112962793578,True,0.5687330465794413
armA,EGY,Q195,negrecip,5.517417907714843,0.501935323079427,True,0.2898611814454841
armB,EGY,Q195,negrecip,10.0,1.0,True,0.7271944922547333
base,EGY,Q195,negrecip,5.546101463438793,0.5051223848265326,True,0.535852994681506
base_fixed_USA,EGY,Q195,negrecip,5.519558184651138,0.5021731316279042,True,0.5324646286716626
persona,EGY,Q195,negrecip,5.9552792658634806,0.5505865850959422,True,0.4360759925626592
uniform,EGY,Q195,negrecip,5.5,0.5,True,0.2907056798623063
human,EGY,Q195,negrecip,6.63855421686747,0.6265060240963854,True,0.0
adapter,GBR,Q43,patience,1.968082296840254,0.484041148420127,True,0.5905891583300821
adapter_persona,GBR,Q43,patience,1.3888375696526831,0.1944187848263416,True,0.1862101046421863
armA,GBR,Q43,patience,2.2675123512744904,0.6337561756372451,True,0.2875176612200071
armB,GBR,Q43,patience,3.0,1.0,True,0.8113594324712554
base,GBR,Q43,patience,1.9772230264275823,0.4886115132137911,True,0.5495249682577946
base_fixed_USA,GBR,Q43,patience,1.9654621002804156,0.4827310501402077,True,0.5283902169226331
persona,GBR,Q43,patience,1.9740605719445736,0.4870302859722867,True,0.5523843403974906
uniform,GBR,Q43,patience,2.0,0.5,True,0.1446927658045887
human,GBR,Q43,patience,1.75251255430441,0.376256277152205,True,0.0
adapter,GBR,Q50,patience,6.741537581510696,0.637948620167855,True,0.6400376669358235
adapter_persona,GBR,Q50,patience,6.90510631759583,0.6561229241773144,True,0.3246868888557709
armA,GBR,Q50,patience,5.7675123512744895,0.5297235945860543,True,0.2227792741971653
armB,GBR,Q50,patience,10.0,1.0,True,0.8934798418555869
base,GBR,Q50,patience,6.278117619218214,0.5864575132464682,True,0.5755652054990815
base_fixed_USA,GBR,Q50,patience,6.30707452764251,0.5896749475158344,True,0.5817696237655107
persona,GBR,Q50,patience,5.816637082190601,0.5351818980211778,True,0.6956695819450393
uniform,GBR,Q50,patience,5.5,0.5,True,0.2460233750781723
human,GBR,Q50,patience,6.73072318692425,0.636747020769361,True,0.0
adapter,GBR,Q57,trust,0.9933071490757152,0.9933071490757152,True,0.5320534951991247
adapter_persona,GBR,Q57,trust,0.5234203489363238,0.5234203489363238,True,0.0621666950597333
armA,GBR,Q57,trust,0.6173510253429412,0.6173510253429412,True,0.1560973714663507
armB,GBR,Q57,trust,1.0,1.0,True,0.5387463461234094
base,GBR,Q57,trust,0.2689414213699951,0.2689414213699951,True,0.1923122325065953
base_fixed_USA,GBR,Q57,trust,0.2450850131323716,0.2450850131323716,True,0.2161686407442187
persona,GBR,Q57,trust,0.2942149721629887,0.2942149721629887,True,0.1670386817136017
uniform,GBR,Q57,trust,0.5,0.5,True,0.0387463461234095
human,GBR,Q57,trust,0.4612536538765905,0.4612536538765905,True,0.0
adapter,GBR,Q58,trust,3.7302095907509454,0.9100698635836486,True,0.0914672143246921
adapter_persona,GBR,Q58,trust,3.7259626725421233,0.9086542241807076,True,0.0807614130865394
armA,GBR,Q58,trust,2.6173510253429413,0.539117008447647,True,0.5166539893202006
armB,GBR,Q58,trust,4.0,1.0,True,0.197027167002681
base,GBR,Q58,trust,3.458967312914293,0.819655770971431,True,0.3506311360766899
base_fixed_USA,GBR,Q58,trust,3.4583392679043596,0.8194464226347865,True,0.3504962841732003
persona,GBR,Q58,trust,3.591692662543974,0.8638975541813246,True,0.2297546911829259
uniform,GBR,Q58,trust,2.5,0.5,True,0.5529728329973189
human,GBR,Q58,trust,3.7779671813326066,0.925989060444202,True,0.0
adapter,GBR,Q59,trust,3.0273580482294764,0.6757860160764921,True,0.3165424671403304
adapter_persona,GBR,Q59,trust,3.1367685604275626,0.7122561868091875,True,0.1810090073167995
armA,GBR,Q59,trust,2.6173510253429413,0.539117008447647,True,0.3764021704919087
armB,GBR,Q59,trust,4.0,1.0,True,0.7890372855055487
base,GBR,Q59,trust,2.983595522284181,0.6611985074280603,True,0.269482298079839
base_fixed_USA,GBR,Q59,trust,2.983595522284181,0.6611985074280603,True,0.269482298079839
persona,GBR,Q59,trust,2.9935783978406416,0.6645261326135472,True,0.2939542403819173
uniform,GBR,Q59,trust,2.5,0.5,True,0.3870029871918775
human,GBR,Q59,trust,3.034750740247834,0.678250246749278,True,0.0
adapter,GBR,Q60,trust,3.293445622535472,0.7644818741784907,True,0.2291749533693591
adapter_persona,GBR,Q60,trust,3.563486384583837,0.8544954615279456,True,0.0828108730261392
armA,GBR,Q60,trust,2.6173510253429413,0.539117008447647,True,0.4296132062354705
armB,GBR,Q60,trust,4.0,1.0,True,0.4996659013641181
base,GBR,Q60,trust,3.174418724971263,0.7248062416570877,True,0.336052988431762
base_fixed_USA,GBR,Q60,trust,3.193949561570251,0.731316520523417,True,0.3169420533412523
persona,GBR,Q60,trust,3.199833013350787,0.7332776711169289,True,0.320712466701634
uniform,GBR,Q60,trust,2.5,0.5,True,0.4765328666125577
human,GBR,Q60,trust,3.474063074097681,0.8246876913658934,True,0.0
adapter,GBR,Q61,trust,2.955510960894935,0.6518369869649783,True,0.4384963406331228
adapter_persona,GBR,Q61,trust,3.065926834247369,0.6886422780824563,True,0.3870634595289261
armA,GBR,Q61,trust,2.6173510253429413,0.539117008447647,True,0.3857979675506361
armB,GBR,Q61,trust,4.0,1.0,True,0.9792112843887558
base,GBR,Q61,trust,2.8862271848811725,0.6287423949603907,True,0.3639692836612857
base_fixed_USA,GBR,Q61,trust,2.8862271848811716,0.6287423949603905,True,0.3639692836612856
persona,GBR,Q61,trust,2.911214603538484,0.6370715345128279,True,0.3869114879356428
uniform,GBR,Q61,trust,2.5,0.5,True,0.3835916451622534
human,GBR,Q61,trust,2.457044967811856,0.4856816559372852,True,0.0
adapter,GBR,Q62,trust,3.0072243161031236,0.6690747720343744,True,0.2633898220748866
adapter_persona,GBR,Q62,trust,3.1713460805282976,0.7237820268427658,True,0.1229382761196481
armA,GBR,Q62,trust,2.6173510253429413,0.539117008447647,True,0.4553673997842381
armB,GBR,Q62,trust,4.0,1.0,True,0.8652553805266426
base,GBR,Q62,trust,2.9833965110535146,0.6611321703511716,True,0.2408122935926908
base_fixed_USA,GBR,Q62,trust,2.9830138094600915,0.6610046031533638,True,0.2406276802671543
persona,GBR,Q62,trust,2.991848885254551,0.6639496284181837,True,0.2375658622385142
uniform,GBR,Q62,trust,2.5,0.5,True,0.465968216484207
human,GBR,Q62,trust,2.9654533042845297,0.6551511014281765,True,0.0
adapter,GBR,Q63,trust,3.003346792490029,0.6677822641633429,True,0.2283628012491502
adapter_persona,GBR,Q63,trust,3.195380549405429,0.7317935164684762,True,0.1104316242375305
armA,GBR,Q63,trust,2.6173510253429413,0.539117008447647,True,0.4830258865809675
armB,GBR,Q63,trust,4.0,1.0,True,0.868974338335546
base,GBR,Q63,trust,2.977027016815558,0.6590090056051859,True,0.1846707659234647
base_fixed_USA,GBR,Q63,trust,2.970856574783297,0.6569521915944323,True,0.1789019946511637
persona,GBR,Q63,trust,3.0159532355831367,0.6719844118610455,True,0.1813097706436191
uniform,GBR,Q63,trust,2.5,0.5,True,0.4936267032809363
human,GBR,Q63,trust,2.985841540554342,0.6619471801847806,True,0.0
adapter,GBR,Q64,trust,2.7622413263484336,0.5874137754494778,True,0.2679804531162939
adapter_persona,GBR,Q64,trust,3.101409910986902,0.7004699703289674,True,0.3362540231619676
armA,GBR,Q64,trust,2.6173510253429413,0.539117008447647,True,0.2451235051876261
armB,GBR,Q64,trust,4.0,1.0,True,0.9009057597476888
base,GBR,Q64,trust,2.7190908498138544,0.5730302832712848,True,0.2241057510187355
base_fixed_USA,GBR,Q64,trust,2.7121755996547465,0.5707251998849155,True,0.2215169941036056
persona,GBR,Q64,trust,2.6961701919106043,0.5653900639702014,True,0.2345737255720492
uniform,GBR,Q64,trust,2.5,0.5,True,0.2429171827992434
human,GBR,Q64,trust,2.3605497800120623,0.4535165933373541,True,0.0
adapter,GBR,Q69,trust,2.9006543319547986,0.6335514439849326,True,0.2415903244500403
adapter_persona,GBR,Q69,trust,3.136655044863735,0.7122183482879118,True,0.2244267222077193
armA,GBR,Q69,trust,2.6173510253429413,0.539117008447647,True,0.2983132290710902
armB,GBR,Q69,trust,4.0,1.0,True,0.8455252692733745
base,GBR,Q69,trust,2.8239255680105337,0.6079751893368445,True,0.1914371873513631
base_fixed_USA,GBR,Q69,trust,2.8239255680105337,0.6079751893368445,True,0.1914371873513631
persona,GBR,Q69,trust,2.876218522492721,0.6254061741642402,True,0.2230258275400745
uniform,GBR,Q69,trust,2.5,0.5,True,0.2961069066827075
human,GBR,Q69,trust,2.777542071002338,0.5925140236674462,True,0.0
adapter,GBR,Q70,trust,2.9511780080215915,0.6503926693405305,True,0.2711367244287415
adapter_persona,GBR,Q70,trust,3.070164908401389,0.6900549694671296,True,0.1695525827436832
armA,GBR,Q70,trust,2.6173510253429413,0.539117008447647,True,0.301963392939939
armB,GBR,Q70,trust,4.0,1.0,True,0.8562570655948409
base,GBR,Q70,trust,2.7842146278064543,0.5947382092688182,True,0.1660251462172413
base_fixed_USA,GBR,Q70,trust,2.8090073137919416,0.6030024379306472,True,0.1878512815043793
persona,GBR,Q70,trust,2.7473529020318117,0.5824509673439372,True,0.1575717137507927
uniform,GBR,Q70,trust,2.5,0.5,True,0.2997570705515564
human,GBR,Q70,trust,2.7620113199619496,0.5873371066539832,True,0.0
adapter,GBR,Q71,trust,2.224953442148235,0.4083178140494117,True,0.3249615494103083
adapter_persona,GBR,Q71,trust,2.737885429006112,0.5792951430020373,True,0.3952077512864742
armA,GBR,Q71,trust,2.6173510253429413,0.539117008447647,True,0.3031694521793161
armB,GBR,Q71,trust,4.0,1.0,True,0.9643096175898322
base,GBR,Q71,trust,2.2989848745952024,0.4329949581984007,True,0.3162984257325158
base_fixed_USA,GBR,Q71,trust,2.298064834658579,0.4326882782195262,True,0.3155987611136527
persona,GBR,Q71,trust,2.201954886716091,0.4006516289053636,True,0.3291020239838543
uniform,GBR,Q71,trust,2.5,0.5,True,0.256249791802229
human,GBR,Q71,trust,1.9866741843868163,0.3288913947956054,True,0.0
adapter,GBR,Q73,trust,2.549432132868064,0.5164773776226879,True,0.3163072786141769
adapter_persona,GBR,Q73,trust,2.7954087540371715,0.5984695846790572,True,0.4318060874539035
armA,GBR,Q73,trust,2.6173510253429413,0.539117008447647,True,0.3156226517562882
armB,GBR,Q73,trust,4.0,1.0,True,0.9754206310725868
base,GBR,Q73,trust,2.5257526779952375,0.5085842259984124,True,0.2772872173776136
base_fixed_USA,GBR,Q73,trust,2.4940816124279097,0.4980272041426365,True,0.2466503703537925
persona,GBR,Q73,trust,2.222691253410923,0.4075637511369743,True,0.2646704948780371
uniform,GBR,Q73,trust,2.5,0.5,True,0.268702991379201
human,GBR,Q73,trust,2.0030906905681927,0.3343635635227308,True,0.0
adapter,GBR,Q81,posrecip,3.100101355379537,0.7000337851265122,True,0.2805915213474996
adapter_persona,GBR,Q81,posrecip,3.437871495916732,0.8126238319722439,True,0.2988223400672784
armA,GBR,Q81,posrecip,2.4808341339230533,0.4936113779743511,True,0.3133202610715029
armB,GBR,Q81,posrecip,1.0,0.0,True,0.9723766780380324
base,GBR,Q81,posrecip,2.9243805538575094,0.6414601846191699,True,0.2338146446104282
base_fixed_USA,GBR,Q81,posrecip,2.933953426269869,0.6446511420899563,True,0.2270876205060107
persona,GBR,Q81,posrecip,3.041515360583127,0.6805051201943755,True,0.2591403761274799
uniform,GBR,Q81,posrecip,2.5,0.5,True,0.3113744221767382
human,GBR,Q81,posrecip,2.8929931629792858,0.6309977209930951,True,0.0
adapter,GBR,Q99,altruism,1.9808211562516111,0.9904105781258056,True,0.9391761239995976
adapter_persona,GBR,Q99,altruism,1.9247860033639332,0.9623930016819666,True,0.8767180206445182
armA,GBR,Q99,altruism,1.0142251830548048,0.5071125915274024,True,0.5396192960884134
armB,GBR,Q99,altruism,2.0,1.0,True,0.9517014154991734
base,GBR,Q99,altruism,1.3267352684482283,0.6633676342241142,True,0.6322953576125183
base_fixed_USA,GBR,Q99,altruism,1.279285129900004,0.639642564950002,True,0.6158338868280472
persona,GBR,Q99,altruism,0.5787589741626872,0.2893794870813436,True,0.4698568156847488
uniform,GBR,Q99,altruism,1.0,0.5,True,0.5325319999999178
human,GBR,Q99,altruism,0.1824332511675754,0.0912166255837877,True,0.0
adapter,GBR,Q101,altruism,1.9644205388806857,0.9822102694403428,True,0.8176114759794432
adapter_persona,GBR,Q101,altruism,1.9359544117782477,0.9679772058891236,True,0.7784819862850697
armA,GBR,Q101,altruism,1.0142251830548048,0.5071125915274024,True,0.4020427155401428
armB,GBR,Q101,altruism,2.0,1.0,True,0.8423568366869529
base,GBR,Q101,altruism,1.22445469264022,0.61222734632011,True,0.4697736503317203
base_fixed_USA,GBR,Q101,altruism,1.2169858475220727,0.6084929237610364,True,0.4783758730708106
persona,GBR,Q101,altruism,0.7877147438346705,0.3938573719173353,True,0.5843499213275422
uniform,GBR,Q101,altruism,1.0,0.5,True,0.394955419451647
human,GBR,Q101,altruism,0.4293544105280665,0.2146772052640332,True,0.0
adapter,GBR,Q103,altruism,1.64076478266217,0.820382391331085,True,0.7360645625459012
adapter_persona,GBR,Q103,altruism,1.8658999438445352,0.9329499719222676,True,0.8802835946708053
armA,GBR,Q103,altruism,1.0142251830548048,0.5071125915274024,True,0.5574810570743702
armB,GBR,Q103,altruism,2.0,1.0,True,0.938188708946496
base,GBR,Q103,altruism,0.6444263652628954,0.3222131826314477,True,0.2739680891844846
base_fixed_USA,GBR,Q103,altruism,0.6444263652628954,0.3222131826314477,True,0.2739680891844846
persona,GBR,Q103,altruism,0.22950869302266,0.11475434651133,True,0.1042295212641752
uniform,GBR,Q103,altruism,1.0,0.5,True,0.5503937609858746
human,GBR,Q103,altruism,0.178084196734296,0.089042098367148,True,0.0
adapter,GBR,Q106,risktaking,5.352614446690978,0.4836238274101087,True,0.6528313257190838
adapter_persona,GBR,Q106,risktaking,5.194907103118938,0.4661007892354375,True,0.5455463526909315
armA,GBR,Q106,risktaking,5.524342335760593,0.5027047039733992,True,0.1725767695980953
armB,GBR,Q106,risktaking,10.0,1.0,True,0.8831758299640045
base,GBR,Q106,risktaking,5.426683234459386,0.4918536927177095,True,0.5931128502135111
base_fixed_USA,GBR,Q106,risktaking,5.406422350591277,0.4896024833990307,True,0.5933934264631648
persona,GBR,Q106,risktaking,5.48646348649547,0.4984959429439411,True,0.5589450643448579
uniform,GBR,Q106,risktaking,5.5,0.5,True,0.1737569871490024
human,GBR,Q106,risktaking,5.896470857780287,0.5440523175311429,True,0.0
adapter,GBR,Q107,risktaking,5.54312157279287,0.5047912858658745,True,0.3116778064337642
adapter_persona,GBR,Q107,risktaking,5.590918756806785,0.5101020840896427,True,0.2006747095202946
armA,GBR,Q107,risktaking,5.524342335760593,0.5027047039733992,True,0.2186476884312614
armB,GBR,Q107,risktaking,10.0,1.0,True,0.9382252900242832
base,GBR,Q107,risktaking,5.63169568809823,0.5146328542331366,True,0.2235795908732762
base_fixed_USA,GBR,Q107,risktaking,5.635997059821808,0.5151107844246453,True,0.2275235129256324
persona,GBR,Q107,risktaking,5.7180667293998955,0.5242296365999883,True,0.2924776837704696
uniform,GBR,Q107,risktaking,5.5,0.5,True,0.2183421836234222
human,GBR,Q107,risktaking,5.308615018274246,0.4787350020304717,True,0.0
adapter,GBR,Q109,risktaking,5.3340991454165705,0.4815665717129522,True,0.5341637978906905
adapter_persona,GBR,Q109,risktaking,5.044563739262555,0.4493959710291728,True,0.3873436419244814
armA,GBR,Q109,risktaking,5.524342335760593,0.5027047039733992,True,0.357733721901975
armB,GBR,Q109,risktaking,10.0,1.0,True,0.9866839947530194
base,GBR,Q109,risktaking,5.180159569290599,0.4644621743656221,True,0.4986947905591294
base_fixed_USA,GBR,Q109,risktaking,5.201832154179065,0.4668702393532294,True,0.4967762544166042
persona,GBR,Q109,risktaking,5.02905993637258,0.4476733262636199,True,0.4819084844321254
uniform,GBR,Q109,risktaking,5.5,0.5,True,0.3540455020550458
human,GBR,Q109,risktaking,3.786575021699616,0.3096194468555129,True,0.0
adapter,GBR,Q176,negrecip,5.713402321087063,0.5237113690096736,True,0.5425141569970026
adapter_persona,GBR,Q176,negrecip,6.121965996809094,0.5691073329787882,True,0.3458684391468474
armA,GBR,Q176,negrecip,5.512275193817912,0.5013639104242124,True,0.2079935967043096
armB,GBR,Q176,negrecip,10.0,1.0,True,0.8710166695841778
base,GBR,Q176,negrecip,5.524847076824676,0.5027607863138529,True,0.4929634165130238
base_fixed_USA,GBR,Q176,negrecip,5.5807928879954485,0.5089769875550498,True,0.4846947025115587
persona,GBR,Q176,negrecip,5.415407964107026,0.4906008849007806,True,0.4727043778359006
uniform,GBR,Q176,negrecip,5.5,0.5,True,0.208364910917349
human,GBR,Q176,negrecip,5.842187200137758,0.5380208000153063,True,0.0
adapter,GBR,Q177,negrecip,8.11353364768685,0.7903926275207611,True,0.281065794171143
adapter_persona,GBR,Q177,negrecip,7.428229558851312,0.7142477287612568,True,0.3124038969640097
armA,GBR,Q177,negrecip,5.5122751938179135,0.5013639104242125,True,0.5743046168128357
armB,GBR,Q177,negrecip,10.0,1.0,True,0.3362436213583773
base,GBR,Q177,negrecip,9.271488888660347,0.9190543209622608,True,0.2003625519545038
base_fixed_USA,GBR,Q177,negrecip,9.274825983144984,0.9194251092383317,True,0.2037673243442413
persona,GBR,Q177,negrecip,8.760793626724439,0.8623104029693821,True,0.1475684767072762
uniform,GBR,Q177,negrecip,5.5,0.5,True,0.5754967106460134
human,GBR,Q177,negrecip,9.06662952696581,0.8962921696628678,True,0.0
adapter,GBR,Q178,risktaking,5.771320281958749,0.5301466979954165,True,0.7476445322850032
adapter_persona,GBR,Q178,risktaking,5.8624616329793895,0.5402735147754876,True,0.7155176312345571
armA,GBR,Q178,risktaking,5.524342335760593,0.5027047039733992,True,0.464092800679888
armB,GBR,Q178,risktaking,10.0,1.0,True,0.9884667997436434
base,GBR,Q178,risktaking,6.047289927488828,0.5608099919432031,True,0.7028247752064192
base_fixed_USA,GBR,Q178,risktaking,5.9162516417148865,0.5462501824127651,True,0.7018983605563331
persona,GBR,Q178,risktaking,5.931229989354215,0.5479144432615795,True,0.6868095108872808
uniform,GBR,Q178,risktaking,5.5,0.5,True,0.4610007812231722
human,GBR,Q178,risktaking,2.495917453352712,0.1662130503725235,True,0.0
adapter,GBR,Q179,negrecip,8.690537310092363,0.8545041455658181,True,0.2390359509902455
adapter_persona,GBR,Q179,negrecip,9.329827929926605,0.9255364366585114,True,0.1053488914717754
armA,GBR,Q179,negrecip,5.5122751938179135,0.5013639104242125,True,0.6907749768031795
armB,GBR,Q179,negrecip,10.0,1.0,True,0.2085541374713081
base,GBR,Q179,negrecip,9.469429135976391,0.9410476817751544,True,0.1274666598476788
base_fixed_USA,GBR,Q179,negrecip,9.45109123453836,0.9390101371709288,True,0.1257168470600214
persona,GBR,Q179,negrecip,9.878143073641654,0.9864603415157392,True,0.1977584424835496
uniform,GBR,Q179,negrecip,5.5,0.5,True,0.6914458625286917
human,GBR,Q179,negrecip,9.515653369137143,0.9461837076819049,True,0.0
adapter,GBR,Q195,negrecip,5.493388266678956,0.4992653629643284,True,0.6004528650855177
adapter_persona,GBR,Q195,negrecip,3.161482349202485,0.2401647054669428,True,0.2340439825314651
armA,GBR,Q195,negrecip,5.512275193817912,0.5013639104242124,True,0.2469874567471726
armB,GBR,Q195,negrecip,10.0,1.0,True,0.915104789111602
base,GBR,Q195,negrecip,5.6019156309017575,0.5113239589890841,True,0.5747166252570572
base_fixed_USA,GBR,Q195,negrecip,5.519558184651138,0.5021731316279042,True,0.5673680895774313
persona,GBR,Q195,negrecip,2.8304717035566815,0.2033857448396312,True,0.3673200628269707
uniform,GBR,Q195,negrecip,5.5,0.5,True,0.2462439473918236
human,GBR,Q195,negrecip,4.539528188982468,0.3932809098869408,True,0.0
adapter,GRC,Q43,patience,2.5034787954425477,0.7517393977212738,True,0.2061072382359264
adapter_persona,GRC,Q43,patience,2.6721125267518406,0.8360562633759203,True,0.2430584402261798
armA,GRC,Q43,patience,1.8199573010206225,0.4099786505103112,True,0.3423744427453396
armB,GRC,Q43,patience,1.0,0.0,True,0.7335103512107641
base,GRC,Q43,patience,1.9720544194523648,0.4860272097261823,True,0.7660446275851002
base_fixed_USA,GRC,Q43,patience,1.9654621002804156,0.4827310501402077,True,0.759874564322567
persona,GRC,Q43,patience,2.0133164995794552,0.5066582497897276,True,0.6429115800269247
uniform,GRC,Q43,patience,2.0,0.5,True,0.256429946030444
human,GRC,Q43,patience,2.3232736305745414,0.6616368152872707,True,0.0
adapter,GRC,Q50,patience,5.5192977185316465,0.5021441909479607,True,0.5812502969111762
adapter_persona,GRC,Q50,patience,4.8391578249585425,0.4265730916620602,True,0.3382007272983592
armA,GRC,Q50,patience,5.319957301020622,0.479995255668958,True,0.2171743497021402
armB,GRC,Q50,patience,1.0,0.0,True,0.925312063789932
base,GRC,Q50,patience,6.320539056170877,0.5911710062412086,True,0.6083261697545375
base_fixed_USA,GRC,Q50,patience,6.30707452764251,0.5896749475158344,True,0.6050946007132562
persona,GRC,Q50,patience,5.844357240122834,0.5382619155692037,True,0.5041383435652665
uniform,GRC,Q50,patience,5.5,0.5,True,0.2165073807123758
human,GRC,Q50,patience,4.983505848209801,0.4426117609122001,True,0.0
adapter,GRC,Q57,trust,0.0003569706350376,0.0003569706350376,True,0.0849112926465565
adapter_persona,GRC,Q57,trust,0.00195701733993,0.00195701733993,True,0.083311245941664
armA,GRC,Q57,trust,0.3242472559213637,0.3242472559213637,True,0.2389789926397696
armB,GRC,Q57,trust,0.0,0.0,True,0.085268263281594
base,GRC,Q57,trust,0.2658804730998169,0.2658804730998169,True,0.1806122098182228
base_fixed_USA,GRC,Q57,trust,0.2450850131323716,0.2450850131323716,True,0.1598167498507776
persona,GRC,Q57,trust,0.2689414213699951,0.2689414213699951,True,0.183673158088401
uniform,GRC,Q57,trust,0.5,0.5,True,0.4147317367184059
human,GRC,Q57,trust,0.0852682632815941,0.0852682632815941,True,0.0
adapter,GRC,Q58,trust,2.7287858611481335,0.5762619537160444,True,0.8402090770755255
adapter_persona,GRC,Q58,trust,2.7387498503718217,0.579583283457274,True,0.8509306060984525
armA,GRC,Q58,trust,2.3242472559213634,0.4414157519737878,True,0.7164722651654886
armB,GRC,Q58,trust,1.0,0.0,True,0.9992171158654206
base,GRC,Q58,trust,3.482411720794727,0.8274705735982422,True,0.4268948437127782
base_fixed_USA,GRC,Q58,trust,3.4583392679043596,0.8194464226347865,True,0.4503665259842544
persona,GRC,Q58,trust,3.7965076122313017,0.9321692040771004,True,0.1218038984070217
uniform,GRC,Q58,trust,2.5,0.5,True,0.6661899462862114
human,GRC,Q58,trust,3.9114443759164463,0.9704814586388156,True,0.0
adapter,GRC,Q59,trust,2.3312873388009008,0.4437624462669669,True,0.2816399846757781
adapter_persona,GRC,Q59,trust,2.5211721118728794,0.5070573706242931,True,0.1629831633406595
armA,GRC,Q59,trust,2.3242472559213634,0.4414157519737878,True,0.2757188392525302
armB,GRC,Q59,trust,1.0,0.0,True,0.9263738420716876
base,GRC,Q59,trust,2.983270326511022,0.6610901088370073,True,0.4413061653302611
base_fixed_USA,GRC,Q59,trust,2.983595522284181,0.6611985074280603,True,0.4448041380481052
persona,GRC,Q59,trust,3.1325045955140567,0.7108348651713521,True,0.3565662616042611
uniform,GRC,Q59,trust,2.5,0.5,True,0.2707618568157412
human,GRC,Q59,trust,2.6992789598071925,0.5664263199357307,True,0.0
adapter,GRC,Q60,trust,2.6190350801920825,0.5396783600640274,True,0.2298994118134862
adapter_persona,GRC,Q60,trust,2.5142940472967377,0.5047646824322459,True,0.2172715264192348
armA,GRC,Q60,trust,2.3242472559213634,0.4414157519737878,True,0.3996324888842048
armB,GRC,Q60,trust,1.0,0.0,True,0.9773738193301296
base,GRC,Q60,trust,3.1813854330712408,0.7271284776904136,True,0.2265268260153039
base_fixed_USA,GRC,Q60,trust,3.193949561570251,0.731316520523417,True,0.2145479367392992
persona,GRC,Q60,trust,3.189200274298515,0.7297334247661716,True,0.2114164257332421
uniform,GRC,Q60,trust,2.5,0.5,True,0.3294013650009119
human,GRC,Q60,trust,3.057583664753324,0.6858612215844414,True,0.0
adapter,GRC,Q61,trust,2.114793590544291,0.3715978635147636,True,0.3900074755067874
adapter_persona,GRC,Q61,trust,2.281106145393022,0.4270353817976739,True,0.3246378821074439
armA,GRC,Q61,trust,2.3242472559213634,0.4414157519737878,True,0.3317539751556054
armB,GRC,Q61,trust,1.0,0.0,True,0.6007992142564913
base,GRC,Q61,trust,2.8851287746917778,0.6283762582305926,True,0.7813639176695548
base_fixed_USA,GRC,Q61,trust,2.8862271848811716,0.6287423949603905,True,0.7829376425612181
persona,GRC,Q61,trust,2.6889018547830017,0.5629672849276672,True,0.582145197142319
uniform,GRC,Q61,trust,2.5,0.5,True,0.4019850990388983
human,GRC,Q61,trust,1.7016365593280156,0.2338788531093385,True,0.0
adapter,GRC,Q62,trust,2.3809733061143854,0.4603244353714617,True,0.2512609770452902
adapter_persona,GRC,Q62,trust,2.134029950522176,0.378009983507392,True,0.1764041170158218
armA,GRC,Q62,trust,2.3242472559213634,0.4414157519737878,True,0.2148805599924916
armB,GRC,Q62,trust,1.0,0.0,True,0.6962806785714915
base,GRC,Q62,trust,2.98288485336476,0.6609616177882534,True,0.7507178321069771
base_fixed_USA,GRC,Q62,trust,2.9830138094600915,0.6610046031533638,True,0.7567842912573612
persona,GRC,Q62,trust,2.9710246737424737,0.6570082245808245,True,0.7058209312600052
uniform,GRC,Q62,trust,2.5,0.5,True,0.2835917039882267
human,GRC,Q62,trust,1.929285665101038,0.3097618883670126,True,0.0
adapter,GRC,Q63,trust,2.4031295980427108,0.4677098660142369,True,0.2871420547022356
adapter_persona,GRC,Q63,trust,2.423457172938667,0.4744857243128889,True,0.3531516007592578
armA,GRC,Q63,trust,2.3242472559213634,0.4414157519737878,True,0.2204523182005746
armB,GRC,Q63,trust,1.0,0.0,True,0.6941125686925201
base,GRC,Q63,trust,2.97812013208892,0.6593733773629733,True,0.7437171088580938
base_fixed_USA,GRC,Q63,trust,2.970856574783297,0.6569521915944323,True,0.7377966970827415
persona,GRC,Q63,trust,2.9691932365227807,0.6563977455075936,True,0.6967836851034788
uniform,GRC,Q63,trust,2.5,0.5,True,0.2906834420838675
human,GRC,Q63,trust,1.921573722825296,0.3071912409417652,True,0.0
adapter,GRC,Q64,trust,2.0743222480408456,0.3581074160136152,True,0.5159874043053004
adapter_persona,GRC,Q64,trust,2.510149877422337,0.5033832924741124,True,0.1571825012275995
armA,GRC,Q64,trust,2.3242472559213634,0.4414157519737878,True,0.2269983030664832
armB,GRC,Q64,trust,1.0,0.0,True,0.8971209933199159
base,GRC,Q64,trust,2.7263790113469155,0.5754596704489718,True,0.2476223236856291
base_fixed_USA,GRC,Q64,trust,2.7121755996547465,0.5707251998849155,True,0.2455281192306993
persona,GRC,Q64,trust,3.05807091266591,0.6860236375553032,True,0.1348764803660218
uniform,GRC,Q64,trust,2.5,0.5,True,0.1567671791831904
human,GRC,Q64,trust,2.836220105820797,0.6120733686069322,True,0.0
adapter,GRC,Q69,trust,2.1254335256212573,0.375144508540419,True,0.6344454781334535
adapter_persona,GRC,Q69,trust,2.2307882515367523,0.4102627505122507,True,0.438225152738649
armA,GRC,Q69,trust,2.3242472559213634,0.4414157519737878,True,0.2813216933370736
armB,GRC,Q69,trust,1.0,0.0,True,0.9377980061137056
base,GRC,Q69,trust,2.8205259386540593,0.6068419795513531,True,0.1959121972257633
base_fixed_USA,GRC,Q69,trust,2.8239255680105337,0.6079751893368445,True,0.2023418747366632
persona,GRC,Q69,trust,2.4981032669285654,0.4993677556428551,True,0.2654360992666185
uniform,GRC,Q69,trust,2.5,0.5,True,0.2607229435361604
human,GRC,Q69,trust,2.849256201485107,0.6164187338283689,True,0.0
adapter,GRC,Q70,trust,2.107735527063366,0.3692451756877888,True,0.5731906020607955
adapter_persona,GRC,Q70,trust,2.1306320817264424,0.3768773605754807,True,0.3836830708685968
armA,GRC,Q70,trust,2.3242472559213634,0.4414157519737878,True,0.2945412221740064
armB,GRC,Q70,trust,1.0,0.0,True,0.8995386285799003
base,GRC,Q70,trust,2.786641551714169,0.5955471839047229,True,0.2046448307796466
base_fixed_USA,GRC,Q70,trust,2.8090073137919416,0.6030024379306472,True,0.228023654727511
persona,GRC,Q70,trust,2.346219459876342,0.4487398199587806,True,0.3077056660561935
uniform,GRC,Q70,trust,2.5,0.5,True,0.2895842397372174
human,GRC,Q70,trust,2.61030047923705,0.53676682641235,True,0.0
adapter,GRC,Q71,trust,2.010428568728261,0.3368095229094203,True,0.5765019478506583
adapter_persona,GRC,Q71,trust,2.0136100439079723,0.3378700146359907,True,0.3575409287917921
armA,GRC,Q71,trust,2.3242472559213634,0.4414157519737878,True,0.2980482894945009
armB,GRC,Q71,trust,1.0,0.0,True,0.5126717541665577
base,GRC,Q71,trust,2.293115425083739,0.431038475027913,True,0.4868462800005432
base_fixed_USA,GRC,Q71,trust,2.298064834658579,0.4326882782195262,True,0.4866666174677737
persona,GRC,Q71,trust,2.1347602426830825,0.3782534142276941,True,0.4750374151123132
uniform,GRC,Q71,trust,2.5,0.5,True,0.3682794133777936
human,GRC,Q71,trust,1.6565887399407335,0.2188629133135779,True,0.0
adapter,GRC,Q73,trust,2.024209575293865,0.3414031917646216,True,0.5107275664562855
adapter_persona,GRC,Q73,trust,2.067255107911023,0.3557517026370076,True,0.2903747551473706
armA,GRC,Q73,trust,2.3242472559213634,0.4414157519737878,True,0.2848437659621497
armB,GRC,Q73,trust,1.0,0.0,True,0.5589170038280091
base,GRC,Q73,trust,2.51455731842158,0.50485243947386,True,0.4317600395999036
base_fixed_USA,GRC,Q73,trust,2.4940816124279097,0.4980272041426365,True,0.4316932481189675
persona,GRC,Q73,trust,2.2016026835853557,0.4005342278617852,True,0.4084089880342686
uniform,GRC,Q73,trust,2.5,0.5,True,0.3550748898454426
human,GRC,Q73,trust,1.7091197818874173,0.2363732606291391,True,0.0
adapter,GRC,Q81,posrecip,2.201460789868225,0.4004869299560748,True,0.40372210751345
adapter_persona,GRC,Q81,posrecip,2.356320333348708,0.4521067777829026,True,0.1694953444645488
armA,GRC,Q81,posrecip,2.4781133253127337,0.4927044417709112,True,0.292143365193828
armB,GRC,Q81,posrecip,1.0,0.0,True,0.8821428195982192
base,GRC,Q81,posrecip,2.9379301600301284,0.6459767200100428,True,0.3829258486241026
base_fixed_USA,GRC,Q81,posrecip,2.933953426269869,0.6446511420899563,True,0.3701889254359733
persona,GRC,Q81,posrecip,2.8989837014881052,0.6329945671627017,True,0.2854952317438091
uniform,GRC,Q81,posrecip,2.5,0.5,True,0.2920667174242991
human,GRC,Q81,posrecip,2.480568141192835,0.493522713730945,True,0.0
adapter,GRC,Q99,altruism,0.040927158418279,0.0204635792091395,True,0.0092419159021149
adapter_persona,GRC,Q99,altruism,0.5519869600554732,0.2759934800277366,True,0.3521063430357749
armA,GRC,Q99,altruism,0.9135917872190472,0.4567958936095236,True,0.5876339424963751
armB,GRC,Q99,altruism,0.0,0.0,True,0.0348940101381496
base,GRC,Q99,altruism,1.3304804228972185,0.6652402114486092,True,0.7350708778118368
base_fixed_USA,GRC,Q99,altruism,1.279285129900004,0.639642564950002,True,0.7150745433566466
persona,GRC,Q99,altruism,0.5737777740251233,0.2868888870125616,True,0.4343770366259178
uniform,GRC,Q99,altruism,1.0,0.5,True,0.631772656528517
human,GRC,Q99,altruism,0.0445222140544949,0.0222611070272474,True,0.0
adapter,GRC,Q101,altruism,0.0419847790054627,0.0209923895027313,True,0.0148699498621943
adapter_persona,GRC,Q101,altruism,0.5924880090773768,0.2962440045386883,True,0.3766840498756333
armA,GRC,Q101,altruism,0.9135917872190472,0.4567958936095236,True,0.5815836809354954
armB,GRC,Q101,altruism,0.0,0.0,True,0.0409442716990293
base,GRC,Q101,altruism,1.2246439946807794,0.6123219973403897,True,0.7088024526317771
base_fixed_USA,GRC,Q101,altruism,1.2169858475220727,0.6084929237610364,True,0.7091428485868008
persona,GRC,Q101,altruism,0.8947567816748381,0.447378390837419,True,0.6225043688903888
uniform,GRC,Q101,altruism,1.0,0.5,True,0.6257223949676373
human,GRC,Q101,altruism,0.0584707169853442,0.0292353584926721,True,0.0
adapter,GRC,Q103,altruism,0.0221584357279605,0.0110792178639802,True,0.018274772796831
adapter_persona,GRC,Q103,altruism,0.3586751351239507,0.1793375675619753,True,0.2219393231548011
armA,GRC,Q103,altruism,0.9135917872190472,0.4567958936095236,True,0.5861708105914922
armB,GRC,Q103,altruism,0.0,0.0,True,0.0363571420430325
base,GRC,Q103,altruism,0.6582513336435947,0.3291256668217973,True,0.3639842291273944
base_fixed_USA,GRC,Q103,altruism,0.6444263652628954,0.3222131826314477,True,0.3538838528222441
persona,GRC,Q103,altruism,0.1994779303533932,0.0997389651766966,True,0.1084501474052204
uniform,GRC,Q103,altruism,1.0,0.5,True,0.6303095246236341
human,GRC,Q103,altruism,0.0484819116937825,0.0242409558468912,True,0.0
adapter,GRC,Q106,risktaking,5.692456135216143,0.5213840150240158,True,0.5697580237874067
adapter_persona,GRC,Q106,risktaking,5.946282854660131,0.5495869838511257,True,0.3144325827587891
armA,GRC,Q106,risktaking,5.421463213860989,0.4912736904289987,True,0.1888256673509657
armB,GRC,Q106,risktaking,1.0,0.0,True,0.9502506511579416
base,GRC,Q106,risktaking,5.395345126237988,0.4883716806931097,True,0.590890381441519
base_fixed_USA,GRC,Q106,risktaking,5.406422350591277,0.4896024833990307,True,0.585898645173314
persona,GRC,Q106,risktaking,5.370280889609683,0.4855867655121869,True,0.5418578630482009
uniform,GRC,Q106,risktaking,5.5,0.5,True,0.1891927865679557
human,GRC,Q106,risktaking,5.317334297835168,0.4797038108705742,True,0.0
adapter,GRC,Q107,risktaking,6.960106292634128,0.662234032514903,True,0.4998332151520729
adapter_persona,GRC,Q107,risktaking,6.292461658455837,0.5880512953839818,True,0.362018704605527
armA,GRC,Q107,risktaking,5.421463213860989,0.4912736904289987,True,0.2084619538297538
armB,GRC,Q107,risktaking,1.0,0.0,True,0.9075134891463772
base,GRC,Q107,risktaking,5.620154990624618,0.5133505545138464,True,0.3028996203971891
base_fixed_USA,GRC,Q107,risktaking,5.635997059821808,0.5151107844246453,True,0.3049186471107015
persona,GRC,Q107,risktaking,4.601702327565123,0.4001891475072358,True,0.2267936975966521
uniform,GRC,Q107,risktaking,5.5,0.5,True,0.2112177381287471
human,GRC,Q107,risktaking,4.704445212483187,0.411605023609243,True,0.0
adapter,GRC,Q109,risktaking,5.577066930063233,0.508562992229248,True,0.6260620740258261
adapter_persona,GRC,Q109,risktaking,5.636997815664943,0.5152219795183269,True,0.3896419029725928
armA,GRC,Q109,risktaking,5.421463213860989,0.4912736904289987,True,0.2620229879438323
armB,GRC,Q109,risktaking,1.0,0.0,True,0.8645118560680213
base,GRC,Q109,risktaking,5.186928228420911,0.4652142476023233,True,0.506019654087228
base_fixed_USA,GRC,Q109,risktaking,5.201832154179065,0.4668702393532294,True,0.5068878898984771
persona,GRC,Q109,risktaking,4.84922320628026,0.4276914673644733,True,0.4044348518623362
uniform,GRC,Q109,risktaking,5.5,0.5,True,0.2739220695672995
human,GRC,Q109,risktaking,4.185196787672721,0.3539107541858579,True,0.0
adapter,GRC,Q174,posrecip,0.0118691210463394,0.0118691210463394,True,0.1383207057513698
adapter_persona,GRC,Q174,posrecip,0.0875638365466848,0.0875638365466848,True,0.0626259902510243
armA,GRC,Q174,posrecip,0.4781133253127335,0.4781133253127335,True,0.3279234985150243
armB,GRC,Q174,posrecip,0.0,0.0,True,0.1501898267977092
base,GRC,Q174,posrecip,0.0068504800266449,0.0068504800266449,True,0.1433393467710643
base_fixed_USA,GRC,Q174,posrecip,0.0062899021368924,0.0062899021368924,True,0.1438999246608168
persona,GRC,Q174,posrecip,0.0169149132667265,0.0169149132667265,True,0.1332749135309827
uniform,GRC,Q174,posrecip,0.5,0.5,True,0.3498101732022907
human,GRC,Q174,posrecip,0.1501898267977092,0.1501898267977092,True,0.0
adapter,GRC,Q176,negrecip,5.589954111697855,0.5099949012997615,True,0.408799875223072
adapter_persona,GRC,Q176,negrecip,5.520563772865623,0.5022848636517357,True,0.1521762952821602
armA,GRC,Q176,negrecip,5.714661493897438,0.5238512770997154,True,0.2393957345550001
armB,GRC,Q176,negrecip,10.0,1.0,True,0.95601682237073
base,GRC,Q176,negrecip,5.593611330374734,0.510401258930526,True,0.4219161797643954
base_fixed_USA,GRC,Q176,negrecip,5.5807928879954485,0.5089769875550498,True,0.4175236439026996
persona,GRC,Q176,negrecip,5.317423546983355,0.479713727442595,True,0.2671183969366072
uniform,GRC,Q176,negrecip,5.5,0.5,True,0.2448783871868412
human,GRC,Q176,negrecip,5.7262983733032,0.5251442637003555,True,0.0
adapter,GRC,Q177,negrecip,9.98045885945246,0.9978287621613846,True,0.2744311728355208
adapter_persona,GRC,Q177,negrecip,9.03414082366747,0.8926823137408297,True,0.1388355327393205
armA,GRC,Q177,negrecip,5.714661493897438,0.5238512770997154,True,0.6394394967404065
armB,GRC,Q177,negrecip,10.0,1.0,True,0.2772516589806883
base,GRC,Q177,negrecip,9.051640745751987,0.8946267495279988,True,0.1440426038491014
base_fixed_USA,GRC,Q177,negrecip,9.274825983144984,0.9194251092383317,True,0.1594253320575854
persona,GRC,Q177,negrecip,8.97132958400747,0.8857032871119412,True,0.1278175995178914
uniform,GRC,Q177,negrecip,5.5,0.5,True,0.6608020407620265
human,GRC,Q177,negrecip,9.38236158330671,0.9313735092563012,True,0.0
adapter,GRC,Q178,risktaking,2.38152811871682,0.1535031243018688,True,0.2820536087111395
adapter_persona,GRC,Q178,risktaking,4.0431203497228125,0.3381244833025347,True,0.3741608550848167
armA,GRC,Q178,risktaking,5.421463213860989,0.4912736904289987,True,0.4773449510689426
armB,GRC,Q178,risktaking,1.0,0.0,True,0.4508253048398251
base,GRC,Q178,risktaking,5.994390533571282,0.5549322815079202,True,0.7067903048358182
base_fixed_USA,GRC,Q178,risktaking,5.9162516417148865,0.5462501824127651,True,0.7043380065040236
persona,GRC,Q178,risktaking,5.795564296562494,0.5328404773958327,True,0.7010630648794407
uniform,GRC,Q178,risktaking,5.5,0.5,True,0.4850333853200796
human,GRC,Q178,risktaking,2.441157387859845,0.1601285986510939,True,0.0
adapter,GRC,Q179,negrecip,9.974591179465255,0.9971767977183618,True,0.0595347265411271
adapter_persona,GRC,Q179,negrecip,9.705193152299664,0.9672436835888516,True,0.0282644987300523
armA,GRC,Q179,negrecip,5.714661493897438,0.5238512770997154,True,0.8252497562122718
armB,GRC,Q179,negrecip,10.0,1.0,True,0.0626274694639254
base,GRC,Q179,negrecip,9.39650258583904,0.9329447317598932,True,0.1035249985283966
base_fixed_USA,GRC,Q179,negrecip,9.45109123453836,0.9390101371709288,True,0.0926438076698773
persona,GRC,Q179,negrecip,9.628492735658686,0.958721415073187,True,0.0396544977210697
uniform,GRC,Q179,negrecip,5.5,0.5,True,0.8373725305360746
human,GRC,Q179,negrecip,9.853313927196456,0.9837015474662728,True,0.0
adapter,GRC,Q195,negrecip,4.999025548585079,0.4443361720650088,True,0.7369985947603526
adapter_persona,GRC,Q195,negrecip,2.4279364698429493,0.1586596077603277,True,0.1413061888168775
armA,GRC,Q195,negrecip,5.714661493897438,0.5238512770997154,True,0.4955020308871201
armB,GRC,Q195,negrecip,10.0,1.0,True,0.9861709130744812
base,GRC,Q195,negrecip,5.546101463438793,0.5051223848265326,True,0.7530639749262463
base_fixed_USA,GRC,Q195,negrecip,5.519558184651138,0.5021731316279042,True,0.7541218040124669
persona,GRC,Q195,negrecip,3.975493908533497,0.3306104342814996,True,0.3929374416769668
uniform,GRC,Q195,negrecip,5.5,0.5,True,0.4722283089276938
human,GRC,Q195,negrecip,2.4279004236043265,0.1586556026227029,True,0.0
adapter,IDN,Q43,patience,1.9814968679836575,0.4907484339918288,True,0.8818732420907365
adapter_persona,IDN,Q43,patience,1.834799595081285,0.4173997975406424,True,0.6119382766917875
armA,IDN,Q43,patience,1.8190895467996593,0.4095447733998296,True,0.2349118673065739
armB,IDN,Q43,patience,1.0,0.0,True,0.5533749710573974
base,IDN,Q43,patience,1.9720544194523648,0.4860272097261823,True,0.8196032179505066
base_fixed_USA,IDN,Q43,patience,1.9654621002804156,0.4827310501402077,True,0.8134331546879732
persona,IDN,Q43,patience,2.053452277297864,0.5267261386489319,True,0.6915665029150099
uniform,IDN,Q43,patience,2.0,0.5,True,0.2431448518517528
human,IDN,Q43,patience,2.016561460633215,0.5082807303166074,True,0.0
adapter,IDN,Q50,patience,6.302291786800253,0.5891435318666947,True,0.7123660932427988
adapter_persona,IDN,Q50,patience,6.028418881453793,0.5587132090504214,True,0.4367996923884141
armA,IDN,Q50,patience,5.319089546799659,0.4798988385332954,True,0.2382222437890757
armB,IDN,Q50,patience,1.0,0.0,True,0.9309134836837604
base,IDN,Q50,patience,6.320539056170878,0.5911710062412086,True,0.6696487144768698
base_fixed_USA,IDN,Q50,patience,6.30707452764251,0.5896749475158344,True,0.6664171454355882
persona,IDN,Q50,patience,5.926287421769217,0.5473652690854685,True,0.5869410740148192
uniform,IDN,Q50,patience,5.5,0.5,True,0.2192969618440797
human,IDN,Q50,patience,6.488268226717567,0.6098075807463962,True,0.0
adapter,IDN,Q57,trust,0.8774767874818408,0.8774767874818408,True,0.8310962250270026
adapter_persona,IDN,Q57,trust,0.0115081495834314,0.0115081495834314,True,0.0348724128714068
armA,IDN,Q57,trust,0.6317986100912093,0.6317986100912093,True,0.585418047636371
armB,IDN,Q57,trust,1.0,1.0,True,0.9536194375451617
base,IDN,Q57,trust,0.2658804730998169,0.2658804730998169,True,0.2194999106449787
base_fixed_USA,IDN,Q57,trust,0.2450850131323716,0.2450850131323716,True,0.1987044506775335
persona,IDN,Q57,trust,0.0062899021368924,0.0062899021368924,True,0.0400906603179458
uniform,IDN,Q57,trust,0.5,0.5,True,0.4536194375451617
human,IDN,Q57,trust,0.0463805624548382,0.0463805624548382,True,0.0
adapter,IDN,Q58,trust,3.6822177088570065,0.894072569619002,True,0.0660104822808128
adapter_persona,IDN,Q58,trust,3.5555812728073075,0.8518604242691024,True,0.1723694882351407
armA,IDN,Q58,trust,2.631798610091209,0.543932870030403,True,0.4136648901373316
armB,IDN,Q58,trust,4.0,1.0,True,0.2953888224012268
base,IDN,Q58,trust,3.482411720794727,0.8274705735982422,True,0.2534719595997858
base_fixed_USA,IDN,Q58,trust,3.4583392679043596,0.8194464226347865,True,0.2764920513155096
persona,IDN,Q58,trust,3.7951966471737792,0.9317322157245927,True,0.0924210115273317
uniform,IDN,Q58,trust,2.5,0.5,True,0.4559662144007242
human,IDN,Q58,trust,3.6580149285291954,0.8860049761763985,True,0.0
adapter,IDN,Q59,trust,3.0042498565948645,0.6680832855316216,True,0.4899019818526249
adapter_persona,IDN,Q59,trust,3.0160126691398665,0.6720042230466222,True,0.3715914170499848
armA,IDN,Q59,trust,2.631798610091209,0.543932870030403,True,0.325640924641972
armB,IDN,Q59,trust,4.0,1.0,True,0.8767915202584106
base,IDN,Q59,trust,2.983270326511022,0.6610901088370073,True,0.4176424180398314
base_fixed_USA,IDN,Q59,trust,2.983595522284181,0.6611985074280603,True,0.4211403907576755
persona,IDN,Q59,trust,3.0359955844110824,0.6786651948036941,True,0.3329514252423614
uniform,IDN,Q59,trust,2.5,0.5,True,0.3228569353702095
human,IDN,Q59,trust,2.6778272691090184,0.5592757563696727,True,0.0
adapter,IDN,Q60,trust,3.1555829417722623,0.7185276472574208,True,0.4852213211207663
adapter_persona,IDN,Q60,trust,3.181926096945284,0.7273086989817613,True,0.4400770759267441
armA,IDN,Q60,trust,2.631798610091209,0.543932870030403,True,0.2586629824609064
armB,IDN,Q60,trust,4.0,1.0,True,0.8793364676411972
base,IDN,Q60,trust,3.1813854330712408,0.7271284776904136,True,0.4790480366189895
base_fixed_USA,IDN,Q60,trust,3.193949561570251,0.731316520523417,True,0.4793386469956543
persona,IDN,Q60,trust,3.1137190620464983,0.7045730206821661,True,0.4565035338620475
uniform,IDN,Q60,trust,2.5,0.5,True,0.2558789931891439
human,IDN,Q60,trust,2.5115456369072926,0.5038485456357642,True,0.0
adapter,IDN,Q61,trust,2.953819162291421,0.6512730540971403,True,0.8782842248341085
adapter_persona,IDN,Q61,trust,2.731177614754128,0.5770592049180427,True,0.636724813841074
armA,IDN,Q61,trust,2.631798610091209,0.543932870030403,True,0.4592868378454214
armB,IDN,Q61,trust,4.0,1.0,True,0.979588258739579
base,IDN,Q61,trust,2.8851287746917778,0.6283762582305926,True,0.8000270340074721
base_fixed_USA,IDN,Q61,trust,2.8862271848811716,0.6287423949603905,True,0.8020650141429088
persona,IDN,Q61,trust,2.3746051078494936,0.4582017026164979,True,0.5196447263052103
uniform,IDN,Q61,trust,2.5,0.5,True,0.4065968134053324
human,IDN,Q61,trust,1.5957086491013657,0.1985695497004551,True,0.0
adapter,IDN,Q62,trust,3.0023181564179247,0.6674393854726415,True,0.7126061659867174
adapter_persona,IDN,Q62,trust,2.935354585855965,0.6451181952853215,True,0.5936993617830426
armA,IDN,Q62,trust,2.631798610091209,0.543932870030403,True,0.2455130476844404
armB,IDN,Q62,trust,4.0,1.0,True,0.954566760222999
base,IDN,Q62,trust,2.98288485336476,0.6609616177882534,True,0.6736445732933225
base_fixed_USA,IDN,Q62,trust,2.9830138094600915,0.6610046031533638,True,0.6797263860068393
persona,IDN,Q62,trust,2.916046273246423,0.638682091082141,True,0.5801321580901666
uniform,IDN,Q62,trust,2.5,0.5,True,0.2045667602229989
human,IDN,Q62,trust,2.1086472134829237,0.3695490711609745,True,0.0
adapter,IDN,Q63,trust,3.001141328044163,0.6670471093480544,True,0.8061417505045164
adapter_persona,IDN,Q63,trust,2.8715464263376043,0.6238488087792013,True,0.6372261092411222
armA,IDN,Q63,trust,2.631798610091209,0.543932870030403,True,0.3414768821617347
armB,IDN,Q63,trust,4.0,1.0,True,0.9690209589391248
base,IDN,Q63,trust,2.97812013208892,0.6593733773629733,True,0.746906373202859
base_fixed_USA,IDN,Q63,trust,2.970856574783297,0.6569521915944323,True,0.7422945967146208
persona,IDN,Q63,trust,2.8514935451699945,0.6171645150566648,True,0.6063613339152893
uniform,IDN,Q63,trust,2.5,0.5,True,0.2887868577216457
human,IDN,Q63,trust,1.8615886914888296,0.2871962304962765,True,0.0
adapter,IDN,Q64,trust,2.715828991558923,0.5719429971863077,True,0.7873458822827506
adapter_persona,IDN,Q64,trust,2.800516917087104,0.6001723056957013,True,0.5948868849799016
armA,IDN,Q64,trust,2.631798610091209,0.543932870030403,True,0.559489743877555
armB,IDN,Q64,trust,4.0,1.0,True,0.1495639686610035
base,IDN,Q64,trust,2.7263790113469155,0.5754596704489718,True,0.7434884189803481
base_fixed_USA,IDN,Q64,trust,2.7121755996547465,0.5707251998849155,True,0.7449873765339866
persona,IDN,Q64,trust,2.682287261094478,0.560762420364826,True,0.6126986919124888
uniform,IDN,Q64,trust,2.5,0.5,True,0.6004360313389964
human,IDN,Q64,trust,3.8336268711166506,0.9445422903722168,True,0.0
adapter,IDN,Q69,trust,2.912201008620805,0.6374003362069348,True,0.3877467253832809
adapter_persona,IDN,Q69,trust,2.5067581763891345,0.5022527254630447,True,0.2481705957242675
armA,IDN,Q69,trust,2.631798610091209,0.543932870030403,True,0.1982429606222126
armB,IDN,Q69,trust,4.0,1.0,True,0.7493322085819375
base,IDN,Q69,trust,2.8205259386540593,0.6068419795513531,True,0.2681688936002041
base_fixed_USA,IDN,Q69,trust,2.8239255680105337,0.6079751893368445,True,0.2839867084754857
persona,IDN,Q69,trust,2.3733053810693066,0.4577684603564355,True,0.3113148261275007
uniform,IDN,Q69,trust,2.5,0.5,True,0.1961267627685126
human,IDN,Q69,trust,2.872923796620269,0.6243079322067562,True,0.0
adapter,IDN,Q70,trust,2.8243839821711028,0.6081279940570342,True,0.3462702515419163
adapter_persona,IDN,Q70,trust,2.3947898955819538,0.4649299651939846,True,0.3661347191801617
armA,IDN,Q70,trust,2.631798610091209,0.543932870030403,True,0.177216726965221
armB,IDN,Q70,trust,4.0,1.0,True,0.6916712480907524
base,IDN,Q70,trust,2.786641551714169,0.5955471839047229,True,0.2999980935760744
base_fixed_USA,IDN,Q70,trust,2.8090073137919416,0.6030024379306472,True,0.3009026407300256
persona,IDN,Q70,trust,2.2378282932297715,0.4126094310765904,True,0.4623561234142255
uniform,IDN,Q70,trust,2.5,0.5,True,0.22990675140531
human,IDN,Q70,trust,2.9979234455671473,0.6659744818557157,True,0.0
adapter,IDN,Q71,trust,2.1792435595611543,0.3930811865203847,True,0.6402437978240108
adapter_persona,IDN,Q71,trust,2.3960747961674707,0.4653582653891568,True,0.4102301765202537
armA,IDN,Q71,trust,2.631798610091209,0.543932870030403,True,0.2384557796192337
armB,IDN,Q71,trust,4.0,1.0,True,0.6278237849555794
base,IDN,Q71,trust,2.293115425083739,0.431038475027913,True,0.5231832639311456
base_fixed_USA,IDN,Q71,trust,2.298064834658579,0.4326882782195262,True,0.5166910438054964
persona,IDN,Q71,trust,2.178156903703965,0.3927189679013216,True,0.6107803636578415
uniform,IDN,Q71,trust,2.5,0.5,True,0.2911458040593227
human,IDN,Q71,trust,3.134486803885116,0.7114956012950387,True,0.0
adapter,IDN,Q73,trust,2.394203981504253,0.4647346605014177,True,0.2565150752680878
adapter_persona,IDN,Q73,trust,2.421260322989375,0.4737534409964585,True,0.1906256840152919
armA,IDN,Q73,trust,2.631798610091209,0.543932870030403,True,0.2363717465040259
armB,IDN,Q73,trust,4.0,1.0,True,0.8477813038535603
base,IDN,Q73,trust,2.5145573184215806,0.50485243947386,True,0.2305306544639405
base_fixed_USA,IDN,Q73,trust,2.4940816124279097,0.4980272041426365,True,0.2314985132083717
persona,IDN,Q73,trust,2.161046464319303,0.3870154881064342,True,0.381105854590905
uniform,IDN,Q73,trust,2.5,0.5,True,0.2335877572322634
human,IDN,Q73,trust,2.55269328704009,0.5175644290133633,True,0.0
adapter,IDN,Q81,posrecip,3.049165768364664,0.6830552561215546,True,0.4521304432428782
adapter_persona,IDN,Q81,posrecip,3.0144909945493463,0.6714969981831154,True,0.224442071815357
armA,IDN,Q81,posrecip,2.5726064294576645,0.5242021431525548,True,0.329032661972154
armB,IDN,Q81,posrecip,4.0,1.0,True,0.5745697555077289
base,IDN,Q81,posrecip,2.9379301600301284,0.6459767200100428,True,0.3724221520129359
base_fixed_USA,IDN,Q81,posrecip,2.933953426269869,0.6446511420899563,True,0.3679349955975786
persona,IDN,Q81,posrecip,2.850279787385095,0.6167599291283649,True,0.3022841919663759
uniform,IDN,Q81,posrecip,2.5,0.5,True,0.3580703286485889
human,IDN,Q81,posrecip,3.2664720231362767,0.7554906743787589,True,0.0
adapter,IDN,Q99,altruism,1.2938853734676448,0.6469426867338223,True,0.493501203261595
adapter_persona,IDN,Q99,altruism,1.3055668509342164,0.6527834254671082,True,0.5837350978986402
armA,IDN,Q99,altruism,1.051463324576616,0.525731662288308,True,0.3653533004993045
armB,IDN,Q99,altruism,2.0,1.0,True,0.8022849666874251
base,IDN,Q99,altruism,1.3304804228972185,0.6652402114486092,True,0.4432510832801705
base_fixed_USA,IDN,Q99,altruism,1.279285129900004,0.639642564950002,True,0.4232547488249802
persona,IDN,Q99,altruism,0.3521197814960271,0.1760598907480135,True,0.1637688980211522
uniform,IDN,Q99,altruism,1.0,0.5,True,0.3399528619968507
human,IDN,Q99,altruism,0.5244288379823909,0.2622144189911954,True,0.0
adapter,IDN,Q101,altruism,1.2824016713339144,0.6412008356669571,True,0.4594329374801424
adapter_persona,IDN,Q101,altruism,1.413903009233217,0.7069515046166084,True,0.5773420744013587
armA,IDN,Q101,altruism,1.051463324576616,0.525731662288308,True,0.3118563592978367
armB,IDN,Q101,altruism,2.0,1.0,True,0.7547315460068243
base,IDN,Q101,altruism,1.2246439946807794,0.6123219973403897,True,0.3695359784595226
base_fixed_USA,IDN,Q101,altruism,1.2169858475220727,0.6084929237610364,True,0.3698763744145465
persona,IDN,Q101,altruism,0.6119397412369876,0.3059698706184938,True,0.254082507258474
uniform,IDN,Q101,altruism,1.0,0.5,True,0.2864559207953829
human,IDN,Q101,altruism,0.6254791998644592,0.3127395999322296,True,0.0
adapter,IDN,Q103,altruism,0.3471855198910906,0.1735927599455453,True,0.0344371996864865
adapter_persona,IDN,Q103,altruism,1.3037831600000716,0.6518915800000357,True,0.700123077586215
armA,IDN,Q103,altruism,1.051463324576616,0.525731662288308,True,0.5115404447130546
armB,IDN,Q103,altruism,2.0,1.0,True,0.9015109071543518
base,IDN,Q103,altruism,0.6582513336435947,0.3291256668217973,True,0.2198147107143611
base_fixed_USA,IDN,Q103,altruism,0.6444263652628954,0.3222131826314477,True,0.2097143344092108
persona,IDN,Q103,altruism,0.2968702117917209,0.1484351058958604,True,0.0706158792583943
uniform,IDN,Q103,altruism,1.0,0.5,True,0.4861400062106007
human,IDN,Q103,altruism,0.2790157533017139,0.1395078766508569,True,0.0
adapter,IDN,Q106,risktaking,5.336410514768696,0.4818233905298551,True,0.762764462111759
adapter_persona,IDN,Q106,risktaking,5.244190163360535,0.4715766848178371,True,0.525104718588222
armA,IDN,Q106,risktaking,5.3391783982515335,0.4821309331390593,True,0.2463731970091464
armB,IDN,Q106,risktaking,1.0,0.0,True,0.895837884704275
base,IDN,Q106,risktaking,5.395345126237988,0.4883716806931097,True,0.707242659698714
base_fixed_USA,IDN,Q106,risktaking,5.406422350591277,0.4896024833990307,True,0.7051762866958103
persona,IDN,Q106,risktaking,5.447335926666794,0.4941484362963104,True,0.6671713356864211
uniform,IDN,Q106,risktaking,5.5,0.5,True,0.2303336916230236
human,IDN,Q106,risktaking,6.815028884168267,0.6461143204631407,True,0.0
adapter,IDN,Q107,risktaking,5.0830720390642625,0.4536746710071402,True,0.6027506834051853
adapter_persona,IDN,Q107,risktaking,4.982683080893947,0.4425203423215496,True,0.4596527534400784
armA,IDN,Q107,risktaking,5.3391783982515335,0.4821309331390593,True,0.2469737777363361
armB,IDN,Q107,risktaking,1.0,0.0,True,0.898225628210819
base,IDN,Q107,risktaking,5.620154990624618,0.5133505545138464,True,0.4845440597469517
base_fixed_USA,IDN,Q107,risktaking,5.635997059821808,0.5151107844246453,True,0.4812259764424937
persona,IDN,Q107,risktaking,5.514726287673941,0.5016362541859934,True,0.4391534885638495
uniform,IDN,Q107,risktaking,5.5,0.5,True,0.2293682877844502
human,IDN,Q107,risktaking,6.644193161308322,0.6271325734787024,True,0.0
adapter,IDN,Q109,risktaking,5.332065844062365,0.4813406493402627,True,0.670464713827792
adapter_persona,IDN,Q109,risktaking,5.286223840342089,0.4762470933713431,True,0.5174540471673696
armA,IDN,Q109,risktaking,5.3391783982515335,0.4821309331390593,True,0.2217983872828369
armB,IDN,Q109,risktaking,1.0,0.0,True,0.7458133309388205
base,IDN,Q109,risktaking,5.186928228420911,0.4652142476023233,True,0.634332322203575
base_fixed_USA,IDN,Q109,risktaking,5.201832154179065,0.4668702393532294,True,0.6347014461087654
persona,IDN,Q109,risktaking,5.195088795782789,0.4661209773091987,True,0.5778841169083774
uniform,IDN,Q109,risktaking,5.5,0.5,True,0.2285117774597349
human,IDN,Q109,risktaking,4.493535254048414,0.3881705837831571,True,0.0
adapter,IDN,Q174,posrecip,0.0012843081201339,0.0012843081201339,True,0.4272174870970113
adapter_persona,IDN,Q174,posrecip,0.014503582140717,0.014503582140717,True,0.4139982130764282
armA,IDN,Q174,posrecip,0.5726064294576644,0.5726064294576644,True,0.1441046342405192
armB,IDN,Q174,posrecip,1.0,1.0,True,0.5714982047828547
base,IDN,Q174,posrecip,0.0068504800266449,0.0068504800266449,True,0.4216513151905003
base_fixed_USA,IDN,Q174,posrecip,0.0062899021368924,0.0062899021368924,True,0.4222118930802528
persona,IDN,Q174,posrecip,0.0446808702726501,0.0446808702726501,True,0.383820924944495
uniform,IDN,Q174,posrecip,0.5,0.5,True,0.0714982047828547
human,IDN,Q174,posrecip,0.4285017952171452,0.4285017952171452,True,0.0
adapter,IDN,Q176,negrecip,5.686917233295649,0.5207685814772943,True,0.5764914835534236
adapter_persona,IDN,Q176,negrecip,6.048418354554262,0.5609353727282513,True,0.3605960101107781
armA,IDN,Q176,negrecip,5.575636491179466,0.5084040545754962,True,0.1505031947079968
armB,IDN,Q176,negrecip,10.0,1.0,True,0.889820830691373
base,IDN,Q176,negrecip,5.593611330374734,0.510401258930526,True,0.5465748614959347
base_fixed_USA,IDN,Q176,negrecip,5.5807928879954485,0.5089769875550498,True,0.5469681128342744
persona,IDN,Q176,negrecip,5.330843763704707,0.4812048626338563,True,0.4204143422821851
uniform,IDN,Q176,negrecip,5.5,0.5,True,0.1501121360567462
human,IDN,Q176,negrecip,4.990243224671564,0.4433603582968404,True,0.0
adapter,IDN,Q177,negrecip,9.920472379672285,0.9911635977413648,True,0.5880054414596656
adapter_persona,IDN,Q177,negrecip,8.908329621814952,0.8787032913127722,True,0.3807483676231954
armA,IDN,Q177,negrecip,5.575636491179466,0.5084040545754962,True,0.3288143053573043
armB,IDN,Q177,negrecip,10.0,1.0,True,0.6018354741262572
base,IDN,Q177,negrecip,9.051640745751987,0.8946267495279988,True,0.3755630251759332
base_fixed_USA,IDN,Q177,negrecip,9.274825983144984,0.9194251092383317,True,0.4334346697420312
persona,IDN,Q177,negrecip,9.33641498225098,0.92626833136122,True,0.4517016990053709
uniform,IDN,Q177,negrecip,5.5,0.5,True,0.3384995544505592
human,IDN,Q177,negrecip,7.6567079097014865,0.739634212189054,True,0.0
adapter,IDN,Q178,risktaking,6.003936866575483,0.5559929851750536,True,0.707638080033074
adapter_persona,IDN,Q178,risktaking,5.020536938157182,0.4467263264619091,True,0.5877089140224889
armA,IDN,Q178,risktaking,5.3391783982515335,0.4821309331390593,True,0.4332008449124091
armB,IDN,Q178,risktaking,1.0,0.0,True,0.4917468230497603
base,IDN,Q178,risktaking,5.994390533571282,0.5549322815079202,True,0.7382129364285183
base_fixed_USA,IDN,Q178,risktaking,5.9162516417148865,0.5462501824127651,True,0.7357606380967234
persona,IDN,Q178,risktaking,5.874302706557632,0.5415891896175146,True,0.7562527143852626
uniform,IDN,Q178,risktaking,5.5,0.5,True,0.4491018446777952
human,IDN,Q178,risktaking,2.8020182863072254,0.2002242540341361,True,0.0
adapter,IDN,Q179,negrecip,9.981692768758958,0.9979658631954396,True,0.2298296454055056
adapter_persona,IDN,Q179,negrecip,9.834122348498832,0.9815691498332036,True,0.1969217119927595
armA,IDN,Q179,negrecip,5.575636491179466,0.5084040545754962,True,0.6617834461052423
armB,IDN,Q179,negrecip,10.0,1.0,True,0.2340401660960719
base,IDN,Q179,negrecip,9.39650258583904,0.9329447317598932,True,0.1425432583983272
base_fixed_USA,IDN,Q179,negrecip,9.45109123453836,0.9390101371709288,True,0.1471646053607585
persona,IDN,Q179,negrecip,9.815323631949019,0.9794804035498909,True,0.2133755734810229
uniform,IDN,Q179,negrecip,5.5,0.5,True,0.6659598339039281
human,IDN,Q179,negrecip,9.417116234424268,0.935235137158252,True,0.0
adapter,IDN,Q195,negrecip,4.700015022137249,0.4111127802374721,True,0.5797099144556556
adapter_persona,IDN,Q195,negrecip,3.112981713859201,0.2347757459843556,True,0.1606673081310163
armA,IDN,Q195,negrecip,5.575636491179466,0.5084040545754962,True,0.3843092590481989
armB,IDN,Q195,negrecip,10.0,1.0,True,0.9264389511401429
base,IDN,Q195,negrecip,5.546101463438793,0.5051223848265326,True,0.6799800198719836
base_fixed_USA,IDN,Q195,negrecip,5.519558184651138,0.5021731316279042,True,0.6810378489582042
persona,IDN,Q195,negrecip,5.802251932614951,0.5335835480683278,True,0.6408752157417539
uniform,IDN,Q195,negrecip,5.5,0.5,True,0.3797418125982625
human,IDN,Q195,negrecip,3.407920079649993,0.2675466755166658,True,0.0
adapter,IND,Q43,patience,2.5583933818554763,0.7791966909277381,True,0.2281902582669023
adapter_persona,IND,Q43,patience,2.8174061860520214,0.9087030930260108,True,0.2787186993351451
armA,IND,Q43,patience,1.9456335827708244,0.4728167913854122,True,0.2733293845734902
armB,IND,Q43,patience,1.0,0.0,True,0.7036783313318438
base,IND,Q43,patience,1.9720544194523648,0.4860272097261823,True,0.7859625457898569
base_fixed_USA,IND,Q43,patience,1.9654621002804156,0.4827310501402077,True,0.7797924825273236
persona,IND,Q43,patience,2.0846466207840324,0.5423233103920162,True,0.5965411794461892
uniform,IND,Q43,patience,2.0,0.5,True,0.2465158443562805
human,IND,Q43,patience,2.2835275090214577,0.6417637545107288,True,0.0
adapter,IND,Q50,patience,5.508700832240542,0.500966759137838,True,0.6744951149210612
adapter_persona,IND,Q50,patience,4.770746868884894,0.4189718743205437,True,0.5390330210610602
armA,IND,Q50,patience,5.4456335827708235,0.4939592869745359,True,0.1872353816832987
armB,IND,Q50,patience,1.0,0.0,True,0.9410139596545168
base,IND,Q50,patience,6.320539056170878,0.5911710062412086,True,0.6335582800673278
base_fixed_USA,IND,Q50,patience,6.30707452764251,0.5896749475158344,True,0.6303267110260462
persona,IND,Q50,patience,5.822611921700853,0.5358457690778725,True,0.6431172303497845
uniform,IND,Q50,patience,5.5,0.5,True,0.1816080057853529
human,IND,Q50,patience,6.433163041937872,0.6036847824375413,True,0.0
adapter,IND,Q57,trust,0.0003250358452365,0.0003250358452365,True,0.171072746499704
adapter_persona,IND,Q57,trust,0.0003799845522055,0.0003799845522055,True,0.1710177977927349
armA,IND,Q57,trust,0.3980093076825141,0.3980093076825141,True,0.2266115253375737
armB,IND,Q57,trust,0.0,0.0,True,0.1713977823449404
base,IND,Q57,trust,0.2658804730998169,0.2658804730998169,True,0.0944826907548764
base_fixed_USA,IND,Q57,trust,0.2450850131323716,0.2450850131323716,True,0.0736872307874312
persona,IND,Q57,trust,0.0109869426305931,0.0109869426305931,True,0.1604108397143473
uniform,IND,Q57,trust,0.5,0.5,True,0.3286022176550594
human,IND,Q57,trust,0.1713977823449405,0.1713977823449405,True,0.0
adapter,IND,Q58,trust,2.662625717616769,0.5542085725389229,True,0.8138149811582147
adapter_persona,IND,Q58,trust,2.5782032295401756,0.5260677431800584,True,0.8273413805075551
armA,IND,Q58,trust,2.3980093076825133,0.4660031025608377,True,0.6584617041978068
armB,IND,Q58,trust,1.0,0.0,True,0.9901551069405417
base,IND,Q58,trust,3.482411720794727,0.8274705735982422,True,0.421300651542491
base_fixed_USA,IND,Q58,trust,3.4583392679043596,0.8194464226347865,True,0.4443207432582149
persona,IND,Q58,trust,3.813775829090386,0.9379252763634616,True,0.0985632193807577
uniform,IND,Q58,trust,2.5,0.5,True,0.6286906914476528
human,IND,Q58,trust,3.831062834695093,0.9436876115650312,True,0.0
adapter,IND,Q59,trust,2.2639192634598935,0.4213064211532978,True,0.5161277654324798
adapter_persona,IND,Q59,trust,2.2677152744357527,0.4225717581452508,True,0.3825107859004764
armA,IND,Q59,trust,2.3980093076825133,0.4660031025608377,True,0.3372121884836834
armB,IND,Q59,trust,1.0,0.0,True,0.9258844804884389
base,IND,Q59,trust,2.983270326511022,0.6610901088370073,True,0.411251905458568
base_fixed_USA,IND,Q59,trust,2.983595522284181,0.6611985074280603,True,0.4147498781764122
persona,IND,Q59,trust,2.9907180209554953,0.6635726736518318,True,0.3390965881320801
uniform,IND,Q59,trust,2.5,0.5,True,0.2964295230286598
human,IND,Q59,trust,3.027008119450454,0.6756693731501513,True,0.0
adapter,IND,Q60,trust,2.5606675033547273,0.5202225011182424,True,0.3177883614747248
adapter_persona,IND,Q60,trust,2.290572208732678,0.4301907362442259,True,0.3153229576849828
armA,IND,Q60,trust,2.3980093076825133,0.4660031025608377,True,0.3044788037753091
armB,IND,Q60,trust,1.0,0.0,True,0.9488457962910142
base,IND,Q60,trust,3.1813854330712408,0.7271284776904136,True,0.3512170595298958
base_fixed_USA,IND,Q60,trust,3.193949561570251,0.731316520523417,True,0.3392381702538911
persona,IND,Q60,trust,3.1277480648169576,0.7092493549389858,True,0.3413373924843305
uniform,IND,Q60,trust,2.5,0.5,True,0.2636961383202856
human,IND,Q60,trust,3.022335421867548,0.6741118072891826,True,0.0
adapter,IND,Q61,trust,2.0781561300162315,0.3593853766720771,True,0.5524004177823476
adapter_persona,IND,Q61,trust,1.9589080687395544,0.3196360229131848,True,0.2232923740568334
armA,IND,Q61,trust,2.3980093076825133,0.4660031025608377,True,0.1236023664312175
armB,IND,Q61,trust,1.0,0.0,True,0.6773724034792064
base,IND,Q61,trust,2.8851287746917778,0.6283762582305926,True,0.6311845627626382
base_fixed_USA,IND,Q61,trust,2.8862271848811716,0.6287423949603905,True,0.633222542898075
persona,IND,Q61,trust,2.376544490509131,0.4588481635030436,True,0.4037059791127485
uniform,IND,Q61,trust,2.5,0.5,True,0.1615394626022909
human,IND,Q61,trust,2.1124595616955446,0.3708198538985148,True,0.0
adapter,IND,Q62,trust,2.2667993928228,0.4222664642742666,True,0.3599723679396229
adapter_persona,IND,Q62,trust,1.9177288568819095,0.3059096189606365,True,0.3330952409835899
armA,IND,Q62,trust,2.3980093076825133,0.4660031025608377,True,0.1863939513109008
armB,IND,Q62,trust,1.0,0.0,True,0.823637944236063
base,IND,Q62,trust,2.98288485336476,0.6609616177882534,True,0.5251317854318133
base_fixed_USA,IND,Q62,trust,2.9830138094600915,0.6610046031533638,True,0.5312135981453302
persona,IND,Q62,trust,2.9315937355308432,0.6438645785102811,True,0.432147657249494
uniform,IND,Q62,trust,2.5,0.5,True,0.1753822986060311
human,IND,Q62,trust,2.5458239117574166,0.5152746372524722,True,0.0
adapter,IND,Q63,trust,2.3040456720306266,0.4346818906768754,True,0.3729102556908188
adapter_persona,IND,Q63,trust,2.0903126778192607,0.3634375592730869,True,0.147319088577888
armA,IND,Q63,trust,2.3980093076825133,0.4660031025608377,True,0.1189185835775839
armB,IND,Q63,trust,1.0,0.0,True,0.688103718757801
base,IND,Q63,trust,2.97812013208892,0.6593733773629733,True,0.659203777481212
base_fixed_USA,IND,Q63,trust,2.970856574783297,0.6569521915944323,True,0.6545920009929739
persona,IND,Q63,trust,2.862550542243031,0.620850180747677,True,0.5114463988047255
uniform,IND,Q63,trust,2.5,0.5,True,0.1486895963277377
human,IND,Q63,trust,2.158661223041452,0.3862204076804839,True,0.0
adapter,IND,Q64,trust,2.0279388247413896,0.3426462749137965,True,0.7847552245947835
adapter_persona,IND,Q64,trust,1.6808206632342313,0.2269402210780771,True,0.7688968082563518
armA,IND,Q64,trust,2.3980093076825133,0.4660031025608377,True,0.5024788084576622
armB,IND,Q64,trust,1.0,0.0,True,0.9595170861623372
base,IND,Q64,trust,2.7263790113469155,0.5754596704489718,True,0.6256020932330258
base_fixed_USA,IND,Q64,trust,2.7121755996547465,0.5707251998849155,True,0.623507888778096
persona,IND,Q64,trust,2.4279164553372934,0.4759721517790978,True,0.4887501684282403
uniform,IND,Q64,trust,2.5,0.5,True,0.4727077957075084
human,IND,Q64,trust,3.579053581368752,0.8596845271229173,True,0.0
adapter,IND,Q69,trust,2.0994753118633165,0.3664917706211054,True,0.6836653799567917
adapter_persona,IND,Q69,trust,1.971811801166713,0.3239372670555709,True,0.5846848936532552
armA,IND,Q69,trust,2.3980093076825133,0.4660031025608377,True,0.2089673678528448
armB,IND,Q69,trust,1.0,0.0,True,0.869694729278439
base,IND,Q69,trust,2.8205259386540593,0.6068419795513531,True,0.4110358874304795
base_fixed_USA,IND,Q69,trust,2.8239255680105337,0.6079751893368445,True,0.4174655649413794
persona,IND,Q69,trust,2.2302953226448623,0.4100984408816207,True,0.5389254703758098
uniform,IND,Q69,trust,2.5,0.5,True,0.1681847023978212
human,IND,Q69,trust,2.8852674709633304,0.62842249032111,True,0.0
adapter,IND,Q70,trust,2.0818988067035,0.3606329355678334,True,0.7341264293428068
adapter_persona,IND,Q70,trust,1.950188713075226,0.3167295710250753,True,0.6537496633768558
armA,IND,Q70,trust,2.3980093076825133,0.4660031025608377,True,0.2863803075458294
armB,IND,Q70,trust,1.0,0.0,True,0.907766842625287
base,IND,Q70,trust,2.786641551714169,0.5955471839047229,True,0.4484791891097253
base_fixed_USA,IND,Q70,trust,2.8090073137919416,0.6030024379306472,True,0.4493837362636766
persona,IND,Q70,trust,2.2663669861307496,0.4221223287102498,True,0.5225422950394571
uniform,IND,Q70,trust,2.5,0.5,True,0.2455976420908058
human,IND,Q70,trust,3.058253232531689,0.6860844108438963,True,0.0
adapter,IND,Q71,trust,2.0008747487876093,0.3336249162625364,True,0.7579323286145058
adapter_persona,IND,Q71,trust,1.9631969078517129,0.3210656359505709,True,0.582014559793289
armA,IND,Q71,trust,2.3980093076825133,0.4660031025608377,True,0.1922314248262369
armB,IND,Q71,trust,1.0,0.0,True,0.8574139298930907
base,IND,Q71,trust,2.293115425083739,0.431038475027913,True,0.4972370741313179
base_fixed_USA,IND,Q71,trust,2.298064834658579,0.4326882782195262,True,0.4907448540056686
persona,IND,Q71,trust,2.1863119870550443,0.3954373290183481,True,0.590308007221908
uniform,IND,Q71,trust,2.5,0.5,True,0.1514487593712132
human,IND,Q71,trust,2.784897124045865,0.5949657080152883,True,0.0
adapter,IND,Q73,trust,2.0123619626783307,0.3374539875594435,True,0.7792978339517985
adapter_persona,IND,Q73,trust,1.9566011839321995,0.3188670613107332,True,0.632981561346935
armA,IND,Q73,trust,2.3980093076825133,0.4660031025608377,True,0.2788538791140742
armB,IND,Q73,trust,1.0,0.0,True,0.8928669026070752
base,IND,Q73,trust,2.5145573184215806,0.50485243947386,True,0.4341175423651334
base_fixed_USA,IND,Q73,trust,2.4940816124279097,0.4980272041426365,True,0.4350854011095646
persona,IND,Q73,trust,2.2471606255738874,0.4157202085246291,True,0.5464269445389354
uniform,IND,Q73,trust,2.5,0.5,True,0.2380712136590506
human,IND,Q73,trust,2.9938041495421306,0.66460138318071,True,0.0
adapter,IND,Q81,posrecip,2.160906907877171,0.3869689692923903,True,0.6670387583324487
adapter_persona,IND,Q81,posrecip,2.199312812827405,0.3997709376091349,True,0.4930671939207707
armA,IND,Q81,posrecip,2.273085206747055,0.4243617355823516,True,0.3324727120946625
armB,IND,Q81,posrecip,1.0,0.0,True,0.8902361896062833
base,IND,Q81,posrecip,2.9379301600301284,0.6459767200100428,True,0.4081691267515985
base_fixed_USA,IND,Q81,posrecip,2.933953426269869,0.6446511420899563,True,0.3954322035634692
persona,IND,Q81,posrecip,2.8167383857391837,0.6055794619130612,True,0.3346664566733536
uniform,IND,Q81,posrecip,2.5,0.5,True,0.2418580973310128
human,IND,Q81,posrecip,2.980922545149029,0.6603075150496763,True,0.0
adapter,IND,Q99,altruism,0.0238909128430738,0.0119454564215369,True,0.2972780533105493
adapter_persona,IND,Q99,altruism,0.3861532570167058,0.1930766285083529,True,0.0660028663559155
armA,IND,Q99,altruism,0.8661891222000121,0.433094561100006,True,0.2784531909031193
armB,IND,Q99,altruism,0.0,0.0,True,0.3190623030055112
base,IND,Q99,altruism,1.3304804228972185,0.6652402114486092,True,0.4509025849444752
base_fixed_USA,IND,Q99,altruism,1.279285129900004,0.639642564950002,True,0.4309062504892849
persona,IND,Q99,altruism,0.4123211250217745,0.2061605625108873,True,0.0750699687471728
uniform,IND,Q99,altruism,1.0,0.5,True,0.3476043636611554
human,IND,Q99,altruism,0.4393506328883308,0.2196753164441654,True,0.0
adapter,IND,Q101,altruism,0.0245828789366069,0.0122914394683034,True,0.2904523639371799
adapter_persona,IND,Q101,altruism,0.457342984444979,0.2286714922224895,True,0.0368142974908177
armA,IND,Q101,altruism,0.8661891222000121,0.433094561100006,True,0.2843087364988837
armB,IND,Q101,altruism,0.0,0.0,True,0.3132067574097468
base,IND,Q101,altruism,1.2246439946807794,0.6123219973403897,True,0.4365399669210595
base_fixed_USA,IND,Q101,altruism,1.2169858475220727,0.6084929237610364,True,0.4368803628760833
persona,IND,Q101,altruism,0.8166900792741939,0.4083450396370969,True,0.2923566023483177
uniform,IND,Q101,altruism,1.0,0.5,True,0.3534599092569197
human,IND,Q101,altruism,0.4258406661001427,0.2129203330500713,True,0.0
adapter,IND,Q103,altruism,0.0139860561303685,0.0069930280651842,True,0.4072374181258375
adapter_persona,IND,Q103,altruism,0.3222376033730257,0.1611188016865128,True,0.1965784556267617
armA,IND,Q103,altruism,0.8661891222000121,0.433094561100006,True,0.1792030102310519
armB,IND,Q103,altruism,0.0,0.0,True,0.4183124836775786
base,IND,Q103,altruism,0.6582513336435947,0.3291256668217973,True,0.0382999482113795
base_fixed_USA,IND,Q103,altruism,0.6444263652628954,0.3222131826314477,True,0.0446757324409808
persona,IND,Q103,altruism,0.4460509600126755,0.2230254800063377,True,0.1080859779294992
uniform,IND,Q103,altruism,1.0,0.5,True,0.248354182989088
human,IND,Q103,altruism,0.6558936104465183,0.3279468052232592,True,0.0
adapter,IND,Q106,risktaking,5.708840122193838,0.5232044580215374,True,0.7106143571719447
adapter_persona,IND,Q106,risktaking,5.734433682853787,0.5260481869837541,True,0.4597410103780389
armA,IND,Q106,risktaking,5.362376302480698,0.4847084780534108,True,0.2881066309149671
armB,IND,Q106,risktaking,1.0,0.0,True,0.9104216696052418
base,IND,Q106,risktaking,5.395345126237988,0.4883716806931097,True,0.7378522572961715
base_fixed_USA,IND,Q106,risktaking,5.406422350591277,0.4896024833990307,True,0.7357858842932679
persona,IND,Q106,risktaking,5.4972712443811345,0.4996968049312371,True,0.6929687851497061
uniform,IND,Q106,risktaking,5.5,0.5,True,0.2707860425156092
human,IND,Q106,risktaking,7.143672342975001,0.6826302603305556,True,0.0
adapter,IND,Q107,risktaking,6.91013401460398,0.6566815571782199,True,0.4523787076267731
adapter_persona,IND,Q107,risktaking,6.333466283168159,0.592607364796462,True,0.3335177513585432
armA,IND,Q107,risktaking,5.362376302480698,0.4847084780534108,True,0.2096385517206137
armB,IND,Q107,risktaking,1.0,0.0,True,0.8855362028411784
base,IND,Q107,risktaking,5.620154990624618,0.5133505545138464,True,0.4366430594596262
base_fixed_USA,IND,Q107,risktaking,5.635997059821808,0.5151107844246453,True,0.4333249761551681
persona,IND,Q107,risktaking,5.5126164597711975,0.5014018288634664,True,0.4523588991137574
uniform,IND,Q107,risktaking,5.5,0.5,True,0.2064981627195372
human,IND,Q107,risktaking,6.432351060192392,0.603594562243599,True,0.0
adapter,IND,Q109,risktaking,5.570723804428396,0.507858200492044,True,0.6131875049325922
adapter_persona,IND,Q109,risktaking,5.7937739001176585,0.5326415444575175,True,0.4023986143246961
armA,IND,Q109,risktaking,5.362376302480698,0.4847084780534108,True,0.1538752376562168
armB,IND,Q109,risktaking,1.0,0.0,True,0.8049847269561424
base,IND,Q109,risktaking,5.186928228420911,0.4652142476023233,True,0.5994650548073412
base_fixed_USA,IND,Q109,risktaking,5.201832154179065,0.4668702393532294,True,0.6003332906185902
persona,IND,Q109,risktaking,5.256027721249589,0.4728919690277321,True,0.5262303703519527
uniform,IND,Q109,risktaking,5.5,0.5,True,0.1497899963711601
human,IND,Q109,risktaking,5.106502016438261,0.4562780018264734,True,0.0
adapter,IND,Q174,posrecip,0.0091965524230467,0.0091965524230467,True,0.2902618014468892
adapter_persona,IND,Q174,posrecip,0.1127954062828932,0.1127954062828932,True,0.1866629475870428
armA,IND,Q174,posrecip,0.273085206747055,0.273085206747055,True,0.0263731471228809
armB,IND,Q174,posrecip,0.0,0.0,True,0.299458353869936
base,IND,Q174,posrecip,0.0068504800266449,0.0068504800266449,True,0.2926078738432911
base_fixed_USA,IND,Q174,posrecip,0.0062899021368924,0.0062899021368924,True,0.2931684517330436
persona,IND,Q174,posrecip,0.0446808702726501,0.0446808702726501,True,0.2547774835972858
uniform,IND,Q174,posrecip,0.5,0.5,True,0.2005416461300639
human,IND,Q174,posrecip,0.299458353869936,0.299458353869936,True,0.0
adapter,IND,Q176,negrecip,5.592430150892098,0.5102700167657886,True,0.5896446336468674
adapter_persona,IND,Q176,negrecip,5.763905336917144,0.529322815213016,True,0.3126001031951822
armA,IND,Q176,negrecip,5.535599216818809,0.5039554685354231,True,0.2523607390510065
armB,IND,Q176,negrecip,10.0,1.0,True,0.7602679858550534
base,IND,Q176,negrecip,5.593611330374734,0.510401258930526,True,0.587740007968541
base_fixed_USA,IND,Q176,negrecip,5.5807928879954485,0.5089769875550498,True,0.5881332593068808
persona,IND,Q176,negrecip,5.620470878186318,0.5133856531318131,True,0.4775244718956085
uniform,IND,Q176,negrecip,5.5,0.5,True,0.2562405371192975
human,IND,Q176,negrecip,6.989701981318515,0.6655224423687238,True,0.0
adapter,IND,Q177,negrecip,9.98086245974208,0.9978736066380088,True,0.4547935102702406
adapter_persona,IND,Q177,negrecip,9.110902090722766,0.9012113434136404,True,0.3005565953401754
armA,IND,Q177,negrecip,5.5355992168188095,0.5039554685354232,True,0.4613740681142602
armB,IND,Q177,negrecip,10.0,1.0,True,0.4582876164546503
base,IND,Q177,negrecip,9.051640745751987,0.8946267495279988,True,0.2373942242731352
base_fixed_USA,IND,Q177,negrecip,9.274825983144984,0.9194251092383317,True,0.2898868120704244
persona,IND,Q177,negrecip,9.120429688179431,0.9022699653532704,True,0.2736269275478575
uniform,IND,Q177,negrecip,5.5,0.5,True,0.4648410318992859
human,IND,Q177,negrecip,8.345741952996768,0.8161935503329742,True,0.0
adapter,IND,Q178,risktaking,2.587001179195302,0.1763334643550335,True,0.2235142995676684
adapter_persona,IND,Q178,risktaking,4.125302490769391,0.3472558323077101,True,0.436639163382182
armA,IND,Q178,risktaking,5.362376302480698,0.4847084780534108,True,0.5055460598559294
armB,IND,Q178,risktaking,1.0,0.0,True,0.4029660560578382
base,IND,Q178,risktaking,5.994390533571282,0.5549322815079202,True,0.747873371652417
base_fixed_USA,IND,Q178,risktaking,5.9162516417148865,0.5462501824127651,True,0.7454210733206222
persona,IND,Q178,risktaking,6.0737078203293935,0.5637453133699326,True,0.7712470512985599
uniform,IND,Q178,risktaking,5.5,0.5,True,0.5191153666263763
human,IND,Q178,risktaking,2.27022359230472,0.1411359547005244,True,0.0
adapter,IND,Q179,negrecip,9.967900649051012,0.9964334054501124,True,0.2705325020296038
adapter_persona,IND,Q179,negrecip,9.731405017137224,0.9701561130152472,True,0.2115252532404405
armA,IND,Q179,negrecip,5.5355992168188095,0.5039554685354232,True,0.6209821539571581
armB,IND,Q179,negrecip,10.0,1.0,True,0.277064864745556
base,IND,Q179,negrecip,9.39650258583904,0.9329447317598932,True,0.1621493817186418
base_fixed_USA,IND,Q179,negrecip,9.45109123453836,0.9390101371709288,True,0.1678875681863502
persona,IND,Q179,negrecip,9.62489929607531,0.9583221440083676,True,0.2341475403708457
uniform,IND,Q179,negrecip,5.5,0.5,True,0.6244284344328472
human,IND,Q179,negrecip,9.143688084092455,0.9048542315658284,True,0.0
adapter,IND,Q195,negrecip,5.0039785543392155,0.4448865060376905,True,0.6331271920327898
adapter_persona,IND,Q195,negrecip,2.9469061069578473,0.2163229007730941,True,0.1829832671442727
armA,IND,Q195,negrecip,5.535599216818809,0.5039554685354231,True,0.3269937421845186
armB,IND,Q195,negrecip,10.0,1.0,True,0.9424703335685852
base,IND,Q195,negrecip,5.546101463438793,0.5051223848265326,True,0.6149940937117967
base_fixed_USA,IND,Q195,negrecip,5.519558184651138,0.5021731316279042,True,0.6127309469356554
persona,IND,Q195,negrecip,5.679204790678109,0.5199116434086787,True,0.532734702713504
uniform,IND,Q195,negrecip,5.5,0.5,True,0.3248399139211468
human,IND,Q195,negrecip,3.835086541183462,0.3150096156870513,True,0.0
adapter,JPN,Q43,patience,2.0734978678178857,0.5367489339089428,True,0.5521123596954606
adapter_persona,JPN,Q43,patience,2.282371629657427,0.6411858148287135,True,0.2597761410043267
armA,JPN,Q43,patience,2.054206293076277,0.5271031465381383,True,0.20956088207858
armB,JPN,Q43,patience,3.0,1.0,True,0.4296351451973193
base,JPN,Q43,patience,1.9772230264275823,0.4886115132137911,True,0.600110073282824
base_fixed_USA,JPN,Q43,patience,1.9654621002804156,0.4827310501402077,True,0.5789753219476625
persona,JPN,Q43,patience,1.9891154474423949,0.4945577237211974,True,0.5009741423753257
uniform,JPN,Q43,patience,2.0,0.5,True,0.2370315214693472
human,JPN,Q43,patience,2.4653760238272526,0.7326880119136263,True,0.0
adapter,JPN,Q50,patience,5.805156640854036,0.5339062934282262,True,0.5980122877313828
adapter_persona,JPN,Q50,patience,6.0819171596128285,0.5646574621792032,True,0.2236962437349137
armA,JPN,Q50,patience,5.554206293076277,0.5060229214529196,True,0.2406629239928286
armB,JPN,Q50,patience,10.0,1.0,True,0.946524064171123
base,JPN,Q50,patience,6.278117619218214,0.5864575132464682,True,0.5830961074074779
base_fixed_USA,JPN,Q50,patience,6.30707452764251,0.5896749475158344,True,0.5893005256739072
persona,JPN,Q50,patience,6.583355304297792,0.6203728115886435,True,0.5965146208090478
uniform,JPN,Q50,patience,5.5,0.5,True,0.2432391138273491
human,JPN,Q50,patience,6.0863254392666155,0.5651472710296239,True,0.0
adapter,JPN,Q57,trust,0.0005527786369235,0.0005527786369235,True,0.3554191183185799
adapter_persona,JPN,Q57,trust,0.0021827160797304,0.0021827160797304,True,0.353789180875773
armA,JPN,Q57,trust,0.2406350374221801,0.2406350374221801,True,0.1153368595333233
armB,JPN,Q57,trust,0.0,0.0,True,0.3559718969555034
base,JPN,Q57,trust,0.2689414213699951,0.2689414213699951,True,0.0870304755855083
base_fixed_USA,JPN,Q57,trust,0.2450850131323716,0.2450850131323716,True,0.1108868838231317
persona,JPN,Q57,trust,0.2018132222603787,0.2018132222603787,True,0.1541586746951247
uniform,JPN,Q57,trust,0.5,0.5,True,0.1440281030444965
human,JPN,Q57,trust,0.3559718969555035,0.3559718969555035,True,0.0
adapter,JPN,Q58,trust,3.0082594429423057,0.6694198143141019,True,0.604671919323084
adapter_persona,JPN,Q58,trust,3.0151326923588058,0.6717108974529352,True,0.5497105410818816
armA,JPN,Q58,trust,2.24063503742218,0.41354501247406,True,0.5915252283244988
armB,JPN,Q58,trust,1.0,0.0,True,0.9977511244377812
base,JPN,Q58,trust,3.458967312914293,0.819655770971431,True,0.2528694962428395
base_fixed_USA,JPN,Q58,trust,3.4583392679043596,0.8194464226347865,True,0.2527346443393498
persona,JPN,Q58,trust,3.796887036977488,0.932295678992496,True,0.0847798677903714
uniform,JPN,Q58,trust,2.5,0.5,True,0.4880059970014992
human,JPN,Q58,trust,3.6986506746626686,0.8995502248875562,True,0.0
adapter,JPN,Q59,trust,2.6994901846751356,0.5664967282250452,True,0.0869625841259488
adapter_persona,JPN,Q59,trust,2.8412866200961786,0.613762206698726,True,0.1971126003556754
armA,JPN,Q59,trust,2.24063503742218,0.41354501247406,True,0.4239810084600959
armB,JPN,Q59,trust,1.0,0.0,True,0.9561752988047808
base,JPN,Q59,trust,2.983595522284181,0.6611985074280603,True,0.3025012215266967
base_fixed_USA,JPN,Q59,trust,2.983595522284181,0.6611985074280603,True,0.3025012215266967
persona,JPN,Q59,trust,3.1521829436808124,0.7173943145602708,True,0.3430446655523051
uniform,JPN,Q59,trust,2.5,0.5,True,0.4131474103585657
human,JPN,Q59,trust,2.646215139442231,0.5487383798140769,True,0.0
adapter,JPN,Q60,trust,2.9111059662852954,0.6370353220950985,True,0.1138428798179201
adapter_persona,JPN,Q60,trust,2.7291041676461187,0.5763680558820395,True,0.1188005346436209
armA,JPN,Q60,trust,2.24063503742218,0.41354501247406,True,0.5159253114232069
armB,JPN,Q60,trust,1.0,0.0,True,0.9847211611917494
base,JPN,Q60,trust,3.174418724971263,0.7248062416570877,True,0.1287073443497136
base_fixed_USA,JPN,Q60,trust,3.193949561570251,0.731316520523417,True,0.1288959494492152
persona,JPN,Q60,trust,3.121679732285669,0.7072265774285563,True,0.1254555453174737
uniform,JPN,Q60,trust,2.5,0.5,True,0.4849121466768526
human,JPN,Q60,trust,2.9793735676088615,0.6597911892029538,True,0.0
adapter,JPN,Q61,trust,2.437173881019687,0.4790579603398956,True,0.3085349211969292
adapter_persona,JPN,Q61,trust,2.4973747359402316,0.4991249119800771,True,0.4463212089398241
armA,JPN,Q61,trust,2.24063503742218,0.41354501247406,True,0.3358533401193439
armB,JPN,Q61,trust,1.0,0.0,True,0.7358318098720293
base,JPN,Q61,trust,2.8862271848811725,0.6287423949603907,True,0.7511536404144588
base_fixed_USA,JPN,Q61,trust,2.8862271848811716,0.6287423949603905,True,0.7511536404144586
persona,JPN,Q61,trust,2.7605388028600255,0.5868462676200084,True,0.6248099553864936
uniform,JPN,Q61,trust,2.5,0.5,True,0.3702010968921389
human,JPN,Q61,trust,1.8674588665447895,0.2891529555149299,True,0.0
adapter,JPN,Q62,trust,2.886764188443472,0.6289213961478239,True,0.662440379555074
adapter_persona,JPN,Q62,trust,2.5585278577244135,0.5195092859081378,True,0.4453451239198737
armA,JPN,Q62,trust,2.24063503742218,0.41354501247406,True,0.2443482783914953
armB,JPN,Q62,trust,1.0,0.0,True,0.7300242130750604
base,JPN,Q62,trust,2.9833965110535146,0.6611321703511716,True,0.7549318830334653
base_fixed_USA,JPN,Q62,trust,2.9830138094600915,0.6610046031533638,True,0.7547446363402707
persona,JPN,Q62,trust,2.9792201244691676,0.6597400414897225,True,0.72872973099235
uniform,JPN,Q62,trust,2.5,0.5,True,0.284503631961259
human,JPN,Q62,trust,1.9491525423728813,0.3163841807909604,True,0.0
adapter,JPN,Q63,trust,2.8285621769802898,0.6095207256600966,True,0.554198813490215
adapter_persona,JPN,Q63,trust,2.66997108727314,0.5566570290910468,True,0.4652092057334031
armA,JPN,Q63,trust,2.24063503742218,0.41354501247406,True,0.3435564308243628
armB,JPN,Q63,trust,1.0,0.0,True,0.8363858363858363
base,JPN,Q63,trust,2.977027016815558,0.6590090056051859,True,0.690520496303059
base_fixed_USA,JPN,Q63,trust,2.970856574783297,0.6569521915944323,True,0.6845979924836114
persona,JPN,Q63,trust,2.982937721440359,0.6609792404801196,True,0.6750632521538582
uniform,JPN,Q63,trust,2.5,0.5,True,0.3327228327228327
human,JPN,Q63,trust,2.102564102564102,0.3675213675213675,True,0.0
adapter,JPN,Q64,trust,2.26193411903195,0.4206447063439835,True,0.3945063124643699
adapter_persona,JPN,Q64,trust,2.1625440072993496,0.3875146690997832,True,0.2608590636580017
armA,JPN,Q64,trust,2.24063503742218,0.41354501247406,True,0.3073141020103338
armB,JPN,Q64,trust,1.0,0.0,True,0.55
base,JPN,Q64,trust,2.7190908498138544,0.5730302832712848,True,0.5543832010602655
base_fixed_USA,JPN,Q64,trust,2.7121755996547465,0.5707251998849155,True,0.5517944441451355
persona,JPN,Q64,trust,2.292542972553499,0.430847657517833,True,0.3827822519431101
uniform,JPN,Q64,trust,2.5,0.5,True,0.4108333333333332
human,JPN,Q64,trust,1.653333333333333,0.2177777777777777,True,0.0
adapter,JPN,Q69,trust,2.315095120812072,0.4383650402706907,True,0.5302015686344492
adapter_persona,JPN,Q69,trust,2.5680399848667266,0.5226799949555754,True,0.273671478151551
armA,JPN,Q69,trust,2.24063503742218,0.41354501247406,True,0.4249118600648501
armB,JPN,Q69,trust,1.0,0.0,True,0.9769762087490406
base,JPN,Q69,trust,2.8239255680105337,0.6079751893368445,True,0.1354744805659029
base_fixed_USA,JPN,Q69,trust,2.8239255680105337,0.6079751893368445,True,0.1354744805659029
persona,JPN,Q69,trust,3.1358265944285284,0.7119421981428427,True,0.0888845542439821
uniform,JPN,Q69,trust,2.5,0.5,True,0.3938986953184957
human,JPN,Q69,trust,2.9662317728319265,0.6554105909439754,True,0.0
adapter,JPN,Q70,trust,2.3090201430339143,0.4363400476779714,True,0.5697140067616108
adapter_persona,JPN,Q70,trust,2.3751616703768086,0.4583872234589361,True,0.4613667652284707
armA,JPN,Q70,trust,2.24063503742218,0.41354501247406,True,0.45903871184248
armB,JPN,Q70,trust,1.0,0.0,True,0.978896103896104
base,JPN,Q70,trust,2.7842146278064543,0.5947382092688182,True,0.1783188371546269
base_fixed_USA,JPN,Q70,trust,2.8090073137919416,0.6030024379306472,True,0.1770994934110303
persona,JPN,Q70,trust,2.8663790356746586,0.6221263452248861,True,0.0930639885309489
uniform,JPN,Q70,trust,2.5,0.5,True,0.4017857142857143
human,JPN,Q70,trust,3.0381493506493507,0.6793831168831169,True,0.0
adapter,JPN,Q71,trust,2.065968077907086,0.3553226926356953,True,0.4614864963268646
adapter_persona,JPN,Q71,trust,2.3366828122181476,0.4455609374060491,True,0.1101715587777492
armA,JPN,Q71,trust,2.24063503742218,0.41354501247406,True,0.3668271620596959
armB,JPN,Q71,trust,1.0,0.0,True,0.8905872888173773
base,JPN,Q71,trust,2.2989848745952024,0.4329949581984007,True,0.2402448671067404
base_fixed_USA,JPN,Q71,trust,2.298064834658579,0.4326882782195262,True,0.2397510542942395
persona,JPN,Q71,trust,2.5419769176525144,0.5139923058841714,True,0.1151600432789488
uniform,JPN,Q71,trust,2.5,0.5,True,0.3559935639581657
human,JPN,Q71,trust,2.35880933226066,0.4529364440868866,True,0.0
adapter,JPN,Q73,trust,2.150465537742203,0.3834885125807343,True,0.3030360858651166
adapter_persona,JPN,Q73,trust,2.336990745933072,0.4456635819776906,True,0.0366228169425171
armA,JPN,Q73,trust,2.24063503742218,0.41354501247406,True,0.3580672892658571
armB,JPN,Q73,trust,1.0,0.0,True,0.8687035507844755
base,JPN,Q73,trust,2.5257526779952375,0.5085842259984124,True,0.1609376529183134
base_fixed_USA,JPN,Q73,trust,2.4940816124279097,0.4980272041426365,True,0.1303008058944923
persona,JPN,Q73,trust,2.536521149112505,0.5121737163708349,True,0.1835628002936571
uniform,JPN,Q73,trust,2.5,0.5,True,0.347233691164327
human,JPN,Q73,trust,2.237819983484723,0.4126066611615744,True,0.0
adapter,JPN,Q81,posrecip,2.516607564250994,0.5055358547503312,True,0.14059122220726
adapter_persona,JPN,Q81,posrecip,2.6885721261169575,0.5628573753723191,True,0.2309259266818538
armA,JPN,Q81,posrecip,2.381489060819149,0.460496353606383,True,0.3430939324880947
armB,JPN,Q81,posrecip,1.0,0.0,True,0.8696069031639501
base,JPN,Q81,posrecip,2.9243805538575094,0.6414601846191699,True,0.4539425053983279
base_fixed_USA,JPN,Q81,posrecip,2.933953426269869,0.6446511420899563,True,0.4552807820030787
persona,JPN,Q81,posrecip,3.0323949314978105,0.6774649771659367,True,0.4618332274239735
uniform,JPN,Q81,posrecip,2.5,0.5,True,0.3408437200383509
human,JPN,Q81,posrecip,2.304889741131352,0.434963247043784,True,0.0
adapter,JPN,Q99,altruism,0.3290360373963594,0.1645180186981797,True,0.2097967827134352
adapter_persona,JPN,Q99,altruism,1.1215145724553366,0.5607572862276682,True,0.7315128475818271
armA,JPN,Q99,altruism,0.8794794231653211,0.4397397115826605,True,0.5903641981798663
armB,JPN,Q99,altruism,0.0,0.0,True,0.0142215568862275
base,JPN,Q99,altruism,1.3267352684482283,0.6633676342241142,True,0.7522084673930395
base_fixed_USA,JPN,Q99,altruism,1.279285129900004,0.639642564950002,True,0.7357469966085685
persona,JPN,Q99,altruism,0.3297345142610985,0.1648672571305492,True,0.2803939304155312
uniform,JPN,Q99,altruism,1.0,0.5,True,0.6524451097804391
human,JPN,Q99,altruism,0.0179640718562874,0.0089820359281437,True,0.0
adapter,JPN,Q101,altruism,0.2840523458719994,0.1420261729359997,True,0.1952047847840273
adapter_persona,JPN,Q101,altruism,1.1378532738031035,0.5689266369015518,True,0.715889367720085
armA,JPN,Q101,altruism,0.8794794231653211,0.4397397115826605,True,0.5716516233295668
armB,JPN,Q101,altruism,0.0,0.0,True,0.0329341317365269
base,JPN,Q101,altruism,1.22445469264022,0.61222734632011,True,0.708550765810213
base_fixed_USA,JPN,Q101,altruism,1.2169858475220727,0.6084929237610364,True,0.7171529885493033
persona,JPN,Q101,altruism,0.5737777740251233,0.2868888870125616,True,0.4363369150275405
uniform,JPN,Q101,altruism,1.0,0.5,True,0.6337325349301397
human,JPN,Q101,altruism,0.0449101796407185,0.0224550898203592,True,0.0
adapter,JPN,Q103,altruism,0.097205003496412,0.048602501748206,True,0.0401963209358682
adapter_persona,JPN,Q103,altruism,1.005355276886824,0.5026776384434118,True,0.6202028097657427
armA,JPN,Q103,altruism,0.8794794231653211,0.4397397115826605,True,0.56485562013356
armB,JPN,Q103,altruism,0.0,0.0,True,0.0397301349325337
base,JPN,Q103,altruism,0.6444263652628954,0.3222131826314477,True,0.350510859932743
base_fixed_USA,JPN,Q103,altruism,0.6444263652628954,0.3222131826314477,True,0.350510859932743
persona,JPN,Q103,altruism,0.2432988779472235,0.1216494389736117,True,0.1444725863555986
uniform,JPN,Q103,altruism,1.0,0.5,True,0.6269365317341328
human,JPN,Q103,altruism,0.06071964017991,0.030359820089955,True,0.0
adapter,JPN,Q106,risktaking,5.507525525700361,0.5008361695222622,True,0.3968124915973131
adapter_persona,JPN,Q106,risktaking,5.8425051117718425,0.5380561235302047,True,0.2002090865580265
armA,JPN,Q106,risktaking,5.3220808506011945,0.4802312056223549,True,0.2949729668117367
armB,JPN,Q106,risktaking,1.0,0.0,True,0.9381362568519968
base,JPN,Q106,risktaking,5.426683234459385,0.4918536927177094,True,0.3845914741074973
base_fixed_USA,JPN,Q106,risktaking,5.406422350591277,0.4896024833990307,True,0.3848720503571512
persona,JPN,Q106,risktaking,5.518171552918019,0.5020190614353353,True,0.3307549869355921
uniform,JPN,Q106,risktaking,5.5,0.5,True,0.291229444009397
human,JPN,Q106,risktaking,5.356303837118246,0.4840337596798051,True,0.0
adapter,JPN,Q107,risktaking,6.875598004042333,0.6528442226713703,True,0.6904920464065093
adapter_persona,JPN,Q107,risktaking,6.305181713598783,0.5894646348443092,True,0.5386903327898787
armA,JPN,Q107,risktaking,5.3220808506011945,0.4802312056223549,True,0.4128976004877052
armB,JPN,Q107,risktaking,1.0,0.0,True,0.9109347442680776
base,JPN,Q107,risktaking,5.63169568809823,0.5146328542331366,True,0.4368757314323254
base_fixed_USA,JPN,Q107,risktaking,5.635997059821808,0.5151107844246453,True,0.4386506919330277
persona,JPN,Q107,risktaking,4.344213587558429,0.3715792875064921,True,0.3372016301653991
uniform,JPN,Q107,risktaking,5.5,0.5,True,0.4222222222222222
human,JPN,Q107,risktaking,4.007936507936508,0.3342151675485008,True,0.0
adapter,JPN,Q109,risktaking,5.568234812977757,0.5075816458864174,True,0.5575435377648936
adapter_persona,JPN,Q109,risktaking,5.592155548107341,0.51023950534526,True,0.4197414641497672
armA,JPN,Q109,risktaking,5.3220808506011945,0.4802312056223549,True,0.354454905824538
armB,JPN,Q109,risktaking,1.0,0.0,True,0.9503937007874016
base,JPN,Q109,risktaking,5.180159569290599,0.4644621743656221,True,0.4689620542543558
base_fixed_USA,JPN,Q109,risktaking,5.201832154179065,0.4668702393532294,True,0.4849833114949806
persona,JPN,Q109,risktaking,5.013674818361089,0.4459638687067876,True,0.3951533621654616
uniform,JPN,Q109,risktaking,5.5,0.5,True,0.3637795275590551
human,JPN,Q109,risktaking,4.570866141732283,0.3967629046369203,True,0.0
adapter,JPN,Q174,posrecip,0.0023231625226312,0.0023231625226312,True,0.2168726870234128
adapter_persona,JPN,Q174,posrecip,0.0054692745885672,0.0054692745885672,True,0.2137265749574769
armA,JPN,Q174,posrecip,0.3814890608191489,0.3814890608191489,True,0.1622932112731048
armB,JPN,Q174,posrecip,0.0,0.0,True,0.2191958495460441
base,JPN,Q174,posrecip,0.0071214287457351,0.0071214287457351,True,0.212074420800309
base_fixed_USA,JPN,Q174,posrecip,0.0062899021368924,0.0062899021368924,True,0.2129059474091517
persona,JPN,Q174,posrecip,0.0080619915282715,0.0080619915282715,True,0.2111338580177725
uniform,JPN,Q174,posrecip,0.5,0.5,True,0.2808041504539559
human,JPN,Q174,posrecip,0.2191958495460441,0.2191958495460441,True,0.0
adapter,JPN,Q176,negrecip,5.623715703116577,0.5137461892351752,True,0.4496356460078996
adapter_persona,JPN,Q176,negrecip,5.155198112263049,0.4616886791403387,True,0.2404521049180425
armA,JPN,Q176,negrecip,5.610171638429166,0.5122412931587961,True,0.3759615139282609
armB,JPN,Q176,negrecip,10.0,1.0,True,0.9839622641509432
base,JPN,Q176,negrecip,5.524847076824676,0.5027607863138529,True,0.4673179866998875
base_fixed_USA,JPN,Q176,negrecip,5.5807928879954485,0.5089769875550498,True,0.4590492726984223
persona,JPN,Q176,negrecip,5.203402384184951,0.4670447093538834,True,0.3155068052784887
uniform,JPN,Q176,negrecip,5.5,0.5,True,0.369811320754717
human,JPN,Q176,negrecip,4.466037735849056,0.3851153039832284,True,0.0
adapter,JPN,Q177,negrecip,9.929736329743807,0.9921929255270896,True,0.2802380009893076
adapter_persona,JPN,Q177,negrecip,9.276776259105697,0.9196418065672995,True,0.1844275848021663
armA,JPN,Q177,negrecip,5.610171638429164,0.5122412931587959,True,0.6248214813988552
armB,JPN,Q177,negrecip,10.0,1.0,True,0.290895061728395
base,JPN,Q177,negrecip,9.271488888660347,0.9190543209622608,True,0.1758277506776902
base_fixed_USA,JPN,Q177,negrecip,9.274825983144984,0.9194251092383317,True,0.1772855197240008
persona,JPN,Q177,negrecip,9.31273049275023,0.9236367214166922,True,0.1850028319861995
uniform,JPN,Q177,negrecip,5.5,0.5,True,0.6356481481481481
human,JPN,Q177,negrecip,9.236882716049383,0.9152091906721536,True,0.0
adapter,JPN,Q178,risktaking,3.71503999344908,0.3016711103832311,True,0.4410884006746408
adapter_persona,JPN,Q178,risktaking,4.214169478348294,0.3571299420386993,True,0.6652373697248135
armA,JPN,Q178,risktaking,5.3220808506011945,0.4802312056223549,True,0.7522106803621543
armB,JPN,Q178,risktaking,1.0,0.0,True,0.1378012048192771
base,JPN,Q178,risktaking,6.047289927488828,0.5608099919432031,True,0.9046883840883362
base_fixed_USA,JPN,Q178,risktaking,5.9162516417148865,0.5462501824127651,True,0.9037619694382504
persona,JPN,Q178,risktaking,5.773389290794081,0.530376587866009,True,0.8852774055448005
uniform,JPN,Q178,risktaking,5.5,0.5,True,0.7621987951807228
human,JPN,Q178,risktaking,1.3237951807228916,0.0359772423025435,True,0.0
adapter,JPN,Q179,negrecip,9.91392962986223,0.9904366255402474,True,0.0305826196586904
adapter_persona,JPN,Q179,negrecip,9.801566113824542,0.977951790424949,True,0.0268971693769161
armA,JPN,Q179,negrecip,5.610171638429164,0.5122412931587959,True,0.8585442677372154
armB,JPN,Q179,negrecip,10.0,1.0,True,0.0353383458646616
base,JPN,Q179,negrecip,9.469429135976391,0.9410476817751544,True,0.103764959006071
base_fixed_USA,JPN,Q179,negrecip,9.45109123453836,0.9390101371709288,True,0.1086962382882739
persona,JPN,Q179,negrecip,9.774727403589461,0.97496971150994,True,0.0254778834305489
uniform,JPN,Q179,negrecip,5.5,0.5,True,0.8646616541353384
human,JPN,Q179,negrecip,9.893233082706766,0.9881370091896406,True,0.0
adapter,JPN,Q195,negrecip,5.123569363295665,0.4581743736995183,True,0.5961389658378639
adapter_persona,JPN,Q195,negrecip,3.4758259333225734,0.2750917703691748,True,0.5024313121979203
armA,JPN,Q195,negrecip,5.610171638429166,0.5122412931587961,True,0.3003550132147987
armB,JPN,Q195,negrecip,10.0,1.0,True,0.7119341563786008
base,JPN,Q195,negrecip,5.6019156309017575,0.5113239589890841,True,0.5889847220167362
base_fixed_USA,JPN,Q195,negrecip,5.519558184651138,0.5021731316279042,True,0.5816361863371102
persona,JPN,Q195,negrecip,5.5853639696335895,0.5094848855148432,True,0.5560994156023342
uniform,JPN,Q195,negrecip,5.5,0.5,True,0.3090534979423868
human,JPN,Q195,negrecip,6.801646090534979,0.6446273433927755,True,0.0
adapter,MEX,Q43,patience,2.004355745279518,0.5116377393982913,True,0.7432009812049328
adapter_persona,MEX,Q43,patience,2.1529816749352797,0.5764908374676398,True,0.5079893975197338
armA,MEX,Q43,patience,1.9457859471440315,0.4728929735720157,True,0.104548913036174
armB,MEX,Q43,patience,1.0,0.0,True,0.6444395972191082
base,MEX,Q43,patience,1.9654621002804156,0.4827310501402077,True,0.6703248570254341
base_fixed_USA,MEX,Q43,patience,1.9654621002804156,0.4827310501402077,True,0.6703248570254341
persona,MEX,Q43,patience,2.0133164995794552,0.5066582497897276,True,0.5533618727297916
uniform,MEX,Q43,patience,2.0,0.5,True,0.1000365541892136
human,MEX,Q43,patience,2.0555824152940967,0.5277912076470483,True,0.0
adapter,MEX,Q50,patience,6.024070812070259,0.5301348667133468,True,0.7035027676804851
adapter_persona,MEX,Q50,patience,5.812429389878258,0.5347143766531398,True,0.5135602001144496
armA,MEX,Q50,patience,5.445785947144031,0.4939762163493367,True,0.231924721288611
armB,MEX,Q50,patience,1.0,0.0,True,0.960370249281504
base,MEX,Q50,patience,6.30707452764251,0.5896749475158344,True,0.6649274238443053
base_fixed_USA,MEX,Q50,patience,6.30707452764251,0.5896749475158344,True,0.6649274238443053
persona,MEX,Q50,patience,6.002936270794596,0.5558818078660662,True,0.6180810956325031
uniform,MEX,Q50,patience,5.5,0.5,True,0.2240218750235601
human,MEX,Q50,patience,6.827444170493636,0.647493796721515,True,0.0
adapter,MEX,Q57,trust,0.005220125693558301,0.0203323533426587,True,0.0998326550820197
adapter_persona,MEX,Q57,trust,0.004007289629862,0.004007289629862,True,0.1010454911457161
armA,MEX,Q57,trust,0.3214639574289321,0.3214639574289321,True,0.2164111766533539
armB,MEX,Q57,trust,0.0,0.0,True,0.1050527807755781
base,MEX,Q57,trust,0.2450850131323716,0.2450850131323716,True,0.1400322323567935
base_fixed_USA,MEX,Q57,trust,0.2450850131323716,0.2450850131323716,True,0.1400322323567935
persona,MEX,Q57,trust,0.0191240367508889,0.0191240367508889,True,0.0859287440246893
uniform,MEX,Q57,trust,0.5,0.5,True,0.3949472192244218
human,MEX,Q57,trust,0.1050527807755782,0.1050527807755782,True,0.0
adapter,MEX,Q58,trust,3.189856099551439,0.665863215353693,True,0.6020767225752539
adapter_persona,MEX,Q58,trust,3.131078515373198,0.7103595051243992,True,0.569001736138292
armA,MEX,Q58,trust,2.321463957428932,0.440487985809644,True,0.5314562932692806
armB,MEX,Q58,trust,1.0,0.0,True,0.9908961061715416
base,MEX,Q58,trust,3.4583392679043596,0.8194464226347865,True,0.339255796658591
base_fixed_USA,MEX,Q58,trust,3.4583392679043596,0.8194464226347865,True,0.339255796658591
persona,MEX,Q58,trust,3.773875563084768,0.9246251876949226,True,0.0793390132237025
uniform,MEX,Q58,trust,2.5,0.5,True,0.4804166547333996
human,MEX,Q58,trust,3.640320707097211,0.8801069023657369,True,0.0
adapter,MEX,Q59,trust,2.9732978291071084,0.6374142399074503,True,0.6023287743867698
adapter_persona,MEX,Q59,trust,2.89959122176551,0.6331970739218366,True,0.5032874605505739
armA,MEX,Q59,trust,2.321463957428932,0.440487985809644,True,0.2140868376883397
armB,MEX,Q59,trust,1.0,0.0,True,0.8491633533753528
base,MEX,Q59,trust,2.983595522284181,0.6611985074280603,True,0.5495629869331857
base_fixed_USA,MEX,Q59,trust,2.983595522284181,0.6611985074280603,True,0.5495629869331857
persona,MEX,Q59,trust,2.960262888412367,0.6534209628041223,True,0.433297791652346
uniform,MEX,Q59,trust,2.5,0.5,True,0.20897112178207
human,MEX,Q59,trust,2.4864701149004502,0.49549003830015,True,0.0
adapter,MEX,Q60,trust,3.0304769669222544,0.6581691142785302,True,0.6298691827411034
adapter_persona,MEX,Q60,trust,2.960583971978766,0.6535279906595886,True,0.4755745777735517
armA,MEX,Q60,trust,2.321463957428932,0.440487985809644,True,0.2322277852087822
armB,MEX,Q60,trust,1.0,0.0,True,0.8307021143844882
base,MEX,Q60,trust,3.193949561570251,0.731316520523417,True,0.5635659186154146
base_fixed_USA,MEX,Q60,trust,3.193949561570251,0.731316520523417,True,0.5635659186154146
persona,MEX,Q60,trust,3.1676269138172817,0.7225423046057605,True,0.5422989573518164
uniform,MEX,Q60,trust,2.5,0.5,True,0.2271120693025125
human,MEX,Q60,trust,2.364404466847247,0.4548014889490823,True,0.0
adapter,MEX,Q61,trust,2.933328144041079,0.5691964181719558,True,0.8213822894051415
adapter_persona,MEX,Q61,trust,2.7643864113525094,0.5881288037841699,True,0.6540607501265934
armA,MEX,Q61,trust,2.321463957428932,0.440487985809644,True,0.2976952625367906
armB,MEX,Q61,trust,1.0,0.0,True,0.4357715381757556
base,MEX,Q61,trust,2.8862271848811725,0.6287423949603907,True,0.7649565947892769
base_fixed_USA,MEX,Q61,trust,2.8862271848811716,0.6287423949603905,True,0.7649565947892769
persona,MEX,Q61,trust,2.394287620593639,0.4647625401978796,True,0.5669728999878911
uniform,MEX,Q61,trust,2.5,0.5,True,0.3690363121298271
human,MEX,Q61,trust,1.587599049228223,0.195866349742741,True,0.0
adapter,MEX,Q62,trust,2.993159380431942,0.6538771571368055,True,0.7212159341867888
adapter_persona,MEX,Q62,trust,2.7356223406998432,0.578540780233281,True,0.4891220287121914
armA,MEX,Q62,trust,2.321463957428932,0.440487985809644,True,0.1380300290911146
armB,MEX,Q62,trust,1.0,0.0,True,0.6615735878077733
base,MEX,Q62,trust,2.9830138094600915,0.6610046031533638,True,0.7119218646897316
base_fixed_USA,MEX,Q62,trust,2.9830138094600915,0.6610046031533638,True,0.7119218646897316
persona,MEX,Q62,trust,2.945815593107473,0.648605197702491,True,0.5844275820046326
uniform,MEX,Q62,trust,2.5,0.5,True,0.194395635565366
human,MEX,Q62,trust,2.0281082846154117,0.3427027615384705,True,0.0
adapter,MEX,Q63,trust,2.9891470489455103,0.6503407644474908,True,0.7800834360866239
adapter_persona,MEX,Q63,trust,2.8248883559283193,0.6082961186427731,True,0.5977424109906676
armA,MEX,Q63,trust,2.321463957428932,0.440487985809644,True,0.1934007312992816
armB,MEX,Q63,trust,1.0,0.0,True,0.5401367335442657
base,MEX,Q63,trust,2.970856574783297,0.6569521915944323,True,0.7376074027874812
base_fixed_USA,MEX,Q63,trust,2.970856574783297,0.6569521915944323,True,0.7376074027874812
persona,MEX,Q63,trust,2.890933210780121,0.6303110702600403,True,0.6100743837582663
uniform,MEX,Q63,trust,2.5,0.5,True,0.264741780892318
human,MEX,Q63,trust,1.8257318766150108,0.2752439588716702,True,0.0
adapter,MEX,Q64,trust,2.490113084247343,0.462707020130667,True,0.4002899600569188
adapter_persona,MEX,Q64,trust,2.8001752389676873,0.6000584129892291,True,0.2319668544408095
armA,MEX,Q64,trust,2.321463957428932,0.440487985809644,True,0.1898574086695609
armB,MEX,Q64,trust,1.0,0.0,True,0.8779851073515774
base,MEX,Q64,trust,2.7121755996547465,0.5707251998849155,True,0.3152612335707173
base_fixed_USA,MEX,Q64,trust,2.7121755996547465,0.5707251998849155,True,0.3152612335707173
persona,MEX,Q64,trust,3.045308614674204,0.6817695382247346,True,0.1548634526602433
uniform,MEX,Q64,trust,2.5,0.5,True,0.1279851073515773
human,MEX,Q64,trust,2.829430628117472,0.6098102093724908,True,0.0
adapter,MEX,Q69,trust,2.6686711648106143,0.5353205250717304,True,0.5066347924410901
adapter_persona,MEX,Q69,trust,2.2765587351804335,0.4255195783934778,True,0.4634767743031467
armA,MEX,Q69,trust,2.321463957428932,0.440487985809644,True,0.2154684256815113
armB,MEX,Q69,trust,1.0,0.0,True,0.5371677588069463
base,MEX,Q69,trust,2.8239255680105337,0.6079751893368445,True,0.554492685961221
base_fixed_USA,MEX,Q69,trust,2.8239255680105337,0.6079751893368445,True,0.554492685961221
persona,MEX,Q69,trust,2.1605970509967554,0.3868656836655851,True,0.4873175678709099
uniform,MEX,Q69,trust,2.5,0.5,True,0.2868094752745477
human,MEX,Q69,trust,1.8078962073319644,0.2692987357773215,True,0.0
adapter,MEX,Q70,trust,2.633950928147014,0.5032140881308689,True,0.5059185216177748
adapter_persona,MEX,Q70,trust,2.223287935587466,0.4077626451958222,True,0.4318880131683626
armA,MEX,Q70,trust,2.321463957428932,0.440487985809644,True,0.2040179446869965
armB,MEX,Q70,trust,1.0,0.0,True,0.5462976952338705
base,MEX,Q70,trust,2.8090073137919416,0.6030024379306472,True,0.5556358305595841
base_fixed_USA,MEX,Q70,trust,2.8090073137919416,0.6030024379306472,True,0.5556358305595841
persona,MEX,Q70,trust,2.163202920125766,0.3877343067085886,True,0.4672650168116483
uniform,MEX,Q70,trust,2.5,0.5,True,0.2753589942800329
human,MEX,Q70,trust,1.8323388095340931,0.2774462698446977,True,0.0
adapter,MEX,Q71,trust,2.1079185947899424,0.3835365684686888,True,0.604298485918272
adapter_persona,MEX,Q71,trust,2.233403922384949,0.4111346407949829,True,0.5262017458325022
armA,MEX,Q71,trust,2.321463957428932,0.440487985809644,True,0.2543279641856519
armB,MEX,Q71,trust,1.0,0.0,True,0.46108908203008
base,MEX,Q71,trust,2.298064834658579,0.4326882782195262,True,0.5701232104125522
base_fixed_USA,MEX,Q71,trust,2.298064834658579,0.4326882782195262,True,0.5701232104125522
persona,MEX,Q71,trust,2.0664260744222527,0.3554753581407508,True,0.6110512274726426
uniform,MEX,Q71,trust,2.5,0.5,True,0.3256690137786883
human,MEX,Q71,trust,1.679490388211662,0.226496796070554,True,0.0
adapter,MEX,Q73,trust,2.252397022924071,0.4238307814164716,True,0.5618072678279776
adapter_persona,MEX,Q73,trust,2.4074531388581097,0.4691510462860366,True,0.4921169026732964
armA,MEX,Q73,trust,2.321463957428932,0.440487985809644,True,0.283128563676273
armB,MEX,Q73,trust,1.0,0.0,True,0.4533730723377528
base,MEX,Q73,trust,2.4940816124279097,0.4980272041426365,True,0.5386436463706503
base_fixed_USA,MEX,Q73,trust,2.4940816124279097,0.4980272041426365,True,0.5386436463706503
persona,MEX,Q73,trust,2.31978832495475,0.4399294416515833,True,0.4676267528599545
uniform,MEX,Q73,trust,2.5,0.5,True,0.3544696132693094
human,MEX,Q73,trust,1.6258339073362116,0.2086113024454038,True,0.0
adapter,MEX,Q81,posrecip,2.7903484013373765,0.5443559728095102,True,0.4564646560262348
adapter_persona,MEX,Q81,posrecip,2.67546044030333,0.5584868134344432,True,0.3032010912592326
armA,MEX,Q81,posrecip,1.9810094237327571,0.3270031412442523,True,0.1945369388836363
armB,MEX,Q81,posrecip,1.0,0.0,True,0.7657528414919752
base,MEX,Q81,posrecip,2.933953426269869,0.6446511420899563,True,0.4763050853584802
base_fixed_USA,MEX,Q81,posrecip,2.933953426269869,0.6446511420899563,True,0.4763050853584802
persona,MEX,Q81,posrecip,2.833427979394634,0.6111426597982113,True,0.2974419855478092
uniform,MEX,Q81,posrecip,2.5,0.5,True,0.1026065420486178
human,MEX,Q81,posrecip,2.4042023977029583,0.468067465900986,True,0.0
adapter,MEX,Q99,altruism,0.0271695089647095,0.0165308763019893,True,0.1401842538192002
adapter_persona,MEX,Q99,altruism,0.6837055660421081,0.3418527830210541,True,0.3342469452051728
armA,MEX,Q99,altruism,0.5934556424617766,0.2967278212308883,True,0.2812969915255798
armB,MEX,Q99,altruism,0.0,0.0,True,0.1607544164503958
base,MEX,Q99,altruism,1.279285129900004,0.639642564950002,True,0.5892141370444002
base_fixed_USA,MEX,Q99,altruism,1.279285129900004,0.639642564950002,True,0.5892141370444002
persona,MEX,Q99,altruism,0.2973645469769588,0.1486822734884794,True,0.1033530886483143
uniform,MEX,Q99,altruism,1.0,0.5,True,0.5059122502162707
human,MEX,Q99,altruism,0.2115174206912093,0.1057587103456046,True,0.0
adapter,MEX,Q101,altruism,0.0639128382991088,0.0210588240844011,True,0.1367094971476631
adapter_persona,MEX,Q101,altruism,0.7672136771637211,0.3836068385818605,True,0.3654250478997803
armA,MEX,Q101,altruism,0.5934556424617766,0.2967278212308883,True,0.2549748590300455
armB,MEX,Q101,altruism,0.0,0.0,True,0.1870765489459301
base,MEX,Q101,altruism,1.2169858475220727,0.6084929237610364,True,0.5630105713399
base_fixed_USA,MEX,Q101,altruism,1.2169858475220727,0.6084929237610364,True,0.5630105713399
persona,MEX,Q101,altruism,0.746391059405572,0.373195529702786,True,0.378019621852943
uniform,MEX,Q101,altruism,1.0,0.5,True,0.4795901177207365
human,MEX,Q101,altruism,0.251913454697336,0.125956727348668,True,0.0
adapter,MEX,Q103,altruism,0.024153818697900807,0.0144507494690434,True,0.1750605269048337
adapter_persona,MEX,Q103,altruism,0.6013313785055105,0.3006656892527552,True,0.2450952176719415
armA,MEX,Q103,altruism,0.5934556424617766,0.2967278212308883,True,0.2494568661088292
armB,MEX,Q103,altruism,0.0,0.0,True,0.1925945418671464
base,MEX,Q103,altruism,0.6444263652628954,0.3222131826314477,True,0.1976464529981302
base_fixed_USA,MEX,Q103,altruism,0.6444263652628954,0.3222131826314477,True,0.1976464529981302
persona,MEX,Q103,altruism,0.2616227632115536,0.1308113816057768,True,0.0138652879979046
uniform,MEX,Q103,altruism,1.0,0.5,True,0.4740721247995202
human,MEX,Q103,altruism,0.2611472920464171,0.1305736460232085,True,0.0
adapter,MEX,Q106,risktaking,5.28659630711484,0.5013887274833996,True,0.686287548574572
adapter_persona,MEX,Q106,risktaking,5.273297743425091,0.4748108603805656,True,0.5438444230531784
armA,MEX,Q106,risktaking,5.430541604757309,0.4922824005285899,True,0.227346678687197
armB,MEX,Q106,risktaking,1.0,0.0,True,0.8153305015443163
base,MEX,Q106,risktaking,5.406422350591277,0.4896024833990307,True,0.6504460586518259
base_fixed_USA,MEX,Q106,risktaking,5.406422350591277,0.4896024833990307,True,0.6504460586518259
persona,MEX,Q106,risktaking,5.422349955854209,0.4913722173171343,True,0.6326770318589647
uniform,MEX,Q106,risktaking,5.5,0.5,True,0.2257125993290466
human,MEX,Q106,risktaking,5.743337332061031,0.5270374813401145,True,0.0
adapter,MEX,Q107,risktaking,5.697146696794761,0.5354127355712941,True,0.4682553082737595
adapter_persona,MEX,Q107,risktaking,5.422900661595285,0.4914334068439205,True,0.2672658277186255
armA,MEX,Q107,risktaking,5.430541604757309,0.4922824005285899,True,0.1896983132749482
armB,MEX,Q107,risktaking,1.0,0.0,True,0.8706292790145369
base,MEX,Q107,risktaking,5.635997059821809,0.5151107844246455,True,0.3368091947743985
base_fixed_USA,MEX,Q107,risktaking,5.635997059821808,0.5151107844246453,True,0.3368091947743984
persona,MEX,Q107,risktaking,5.1003667325804,0.4555963036200444,True,0.2707667214471609
uniform,MEX,Q107,risktaking,5.5,0.5,True,0.1867802728724681
human,MEX,Q107,risktaking,5.830291887727623,0.5366990986364025,True,0.0
adapter,MEX,Q109,risktaking,5.049960665210442,0.4929703672011146,True,0.6495751217967689
adapter_persona,MEX,Q109,risktaking,4.96529414933937,0.4405882388154855,True,0.5039123067572499
armA,MEX,Q109,risktaking,5.430541604757309,0.4922824005285899,True,0.2478437735831128
armB,MEX,Q109,risktaking,1.0,0.0,True,0.7081859344759583
base,MEX,Q109,risktaking,5.201832154179065,0.4668702393532294,True,0.6068429416570309
base_fixed_USA,MEX,Q109,risktaking,5.201832154179065,0.4668702393532294,True,0.6068429416570309
persona,MEX,Q109,risktaking,5.046516063180159,0.4496128959089065,True,0.5429344441028597
uniform,MEX,Q109,risktaking,5.5,0.5,True,0.2520677317081603
human,MEX,Q109,risktaking,4.412240698438902,0.3791378553821002,True,0.0
adapter,MEX,Q174,posrecip,1.9940889311437562,0.0293122307513563,True,0.1386168333604439
adapter_persona,MEX,Q174,posrecip,0.076960833049659,0.076960833049659,True,0.0675670691670286
armA,MEX,Q174,posrecip,0.0,0.0,True,0.1445279022166877
armB,MEX,Q174,posrecip,0.0,0.0,True,0.1445279022166877
base,MEX,Q174,posrecip,0.0062899021368924,0.0062899021368924,True,0.1382380000797953
base_fixed_USA,MEX,Q174,posrecip,0.0062899021368924,0.0062899021368924,True,0.1382380000797953
persona,MEX,Q174,posrecip,0.0420877279156188,0.0420877279156188,True,0.1024401743010689
uniform,MEX,Q174,posrecip,0.5,0.5,True,0.3554720977833122
human,MEX,Q174,posrecip,0.1445279022166877,0.1445279022166877,True,0.0
adapter,MEX,Q176,negrecip,5.4973890958772165,0.5230384494900614,True,0.5891160907836446
adapter_persona,MEX,Q176,negrecip,5.4542033598247,0.4949114844249666,True,0.2971323571974
armA,MEX,Q176,negrecip,5.442675270140171,0.4936305855711301,True,0.1852250308045304
armB,MEX,Q176,negrecip,1.0,0.0,True,0.8818781606375149
base,MEX,Q176,negrecip,5.5807928879954485,0.5089769875550498,True,0.5241074230707913
base_fixed_USA,MEX,Q176,negrecip,5.5807928879954485,0.5089769875550498,True,0.5241074230707913
persona,MEX,Q176,negrecip,5.43306489489639,0.4925627660995988,True,0.4045846425667114
uniform,MEX,Q176,negrecip,5.5,0.5,True,0.1824458727527323
human,MEX,Q176,negrecip,5.9303333887640886,0.5478148209737876,True,0.0
adapter,MEX,Q177,negrecip,9.895935481551565,0.897688656713785,True,0.7023057487263072
adapter_persona,MEX,Q177,negrecip,8.240915790063095,0.8045461988958995,True,0.3251648307823422
armA,MEX,Q177,negrecip,5.442675270140171,0.4936305855711301,True,0.2123682585360482
armB,MEX,Q177,negrecip,1.0,0.0,True,0.8817971158659785
base,MEX,Q177,negrecip,9.274825983144984,0.9194251092383317,True,0.5623949336523345
base_fixed_USA,MEX,Q177,negrecip,9.274825983144984,0.9194251092383317,True,0.5623949336523345
persona,MEX,Q177,negrecip,8.859562606397034,0.8732847340441148,True,0.4985084803072726
uniform,MEX,Q177,negrecip,5.5,0.5,True,0.2120595040117601
human,MEX,Q177,negrecip,6.321352188037802,0.5912613542264225,True,0.0
adapter,MEX,Q178,risktaking,5.439929515060312,0.451059254758855,True,0.6607270660067934
adapter_persona,MEX,Q178,risktaking,4.999971742640627,0.4444413047378474,True,0.4492043821174506
armA,MEX,Q178,risktaking,5.430541604757309,0.4922824005285899,True,0.2232851270020152
armB,MEX,Q178,risktaking,1.0,0.0,True,0.7016745130652976
base,MEX,Q178,risktaking,5.916251641714888,0.5462501824127654,True,0.525114810918982
base_fixed_USA,MEX,Q178,risktaking,5.9162516417148865,0.5462501824127651,True,0.525114810918982
persona,MEX,Q178,risktaking,5.901442038497984,0.5446046709442203,True,0.5625127959222533
uniform,MEX,Q178,risktaking,5.5,0.5,True,0.2304698977912027
human,MEX,Q178,risktaking,4.283334055060891,0.3648148950067656,True,0.0
adapter,MEX,Q179,negrecip,9.81914097079808,0.9100208776255642,True,0.3157155375146923
adapter_persona,MEX,Q179,negrecip,9.139647781928835,0.9044053091032038,True,0.1132609406778821
armA,MEX,Q179,negrecip,5.442675270140171,0.4936305855711301,True,0.5377404289503173
armB,MEX,Q179,negrecip,1.0,0.0,True,0.9758254114570718
base,MEX,Q179,negrecip,9.45109123453836,0.9390101371709288,True,0.2429401020579304
base_fixed_USA,MEX,Q179,negrecip,9.45109123453836,0.9390101371709288,True,0.2429401020579304
persona,MEX,Q179,negrecip,9.719575753531007,0.9688417503923344,True,0.3229871308416978
uniform,MEX,Q179,negrecip,5.5,0.5,True,0.5339965494958488
human,MEX,Q179,negrecip,8.656109983341562,0.8506788870379512,True,0.0
adapter,MEX,Q195,negrecip,5.114938870382164,0.4600881223391064,True,0.7591127413031054
adapter_persona,MEX,Q195,negrecip,3.472383976129149,0.2747093306810165,True,0.3384634370200227
armA,MEX,Q195,negrecip,5.442675270140171,0.4936305855711301,True,0.3621925348409356
armB,MEX,Q195,negrecip,1.0,0.0,True,0.5373676571554103
base,MEX,Q195,negrecip,5.519558184651137,0.5021731316279041,True,0.6961497731093115
base_fixed_USA,MEX,Q195,negrecip,5.519558184651138,0.5021731316279042,True,0.6961497731093115
persona,MEX,Q195,negrecip,4.708786336461251,0.4120873707179167,True,0.5596991027446726
uniform,MEX,Q195,negrecip,5.5,0.5,True,0.3656765190284656
human,MEX,Q195,negrecip,3.6542251134973647,0.2949139014997072,True,0.0
adapter,NGA,Q43,patience,1.7642998456912324,0.3821499228456162,True,0.4446386788603643
adapter_persona,NGA,Q43,patience,2.0873048771372713,0.5436524385686357,True,0.131286760789201
armA,NGA,Q43,patience,1.8997902870178225,0.4498951435089111,True,0.1669647715097225
armB,NGA,Q43,patience,1.0,0.0,True,0.6180910059753069
base,NGA,Q43,patience,1.9720544194523648,0.4860272097261823,True,0.74315156254562
base_fixed_USA,NGA,Q43,patience,1.9654621002804156,0.4827310501402077,True,0.7369814992830869
persona,NGA,Q43,patience,2.264177140095183,0.6320885700475914,True,0.4045944371394758
uniform,NGA,Q43,patience,2.0,0.5,True,0.1666931964468664
human,NGA,Q43,patience,2.0695418750641466,0.5347709375320732,True,0.0
adapter,NGA,Q50,patience,6.195464845510682,0.577273871723409,True,0.6423495184122924
adapter_persona,NGA,Q50,patience,4.56310018035081,0.3959000200389788,True,0.3594234981485294
armA,NGA,Q50,patience,5.399790287017822,0.4888655874464247,True,0.1229206853511384
armB,NGA,Q50,patience,1.0,0.0,True,0.8604775994184914
base,NGA,Q50,patience,6.320539056170878,0.5911710062412086,True,0.7098786214232052
base_fixed_USA,NGA,Q50,patience,6.30707452764251,0.5896749475158344,True,0.7066470523819236
persona,NGA,Q50,patience,4.915516965146112,0.4350574405717901,True,0.6097908305561367
uniform,NGA,Q50,patience,5.5,0.5,True,0.1331563641373675
human,NGA,Q50,patience,4.7930341680655495,0.4214482408961721,True,0.0
adapter,NGA,Q57,trust,0.0149570865931499,0.0149570865931499,True,0.1158722361617026
adapter_persona,NGA,Q57,trust,0.0056419092105948,0.0056419092105948,True,0.1251874135442577
armA,NGA,Q57,trust,0.4710977990180253,0.4710977990180253,True,0.3402684762631728
armB,NGA,Q57,trust,0.0,0.0,True,0.1308293227548525
base,NGA,Q57,trust,0.2658804730998169,0.2658804730998169,True,0.1350511503449643
base_fixed_USA,NGA,Q57,trust,0.2450850131323716,0.2450850131323716,True,0.1142556903775191
persona,NGA,Q57,trust,0.0004878571227822,0.0004878571227822,True,0.1303414656320703
uniform,NGA,Q57,trust,0.5,0.5,True,0.3691706772451474
human,NGA,Q57,trust,0.1308293227548524,0.1308293227548524,True,0.0
adapter,NGA,Q58,trust,3.363434496900144,0.7878114989667147,True,0.2268229701439327
adapter_persona,NGA,Q58,trust,2.98715130869221,0.6623837695640699,True,0.3428436918255061
armA,NGA,Q58,trust,2.4710977990180254,0.4903659330060084,True,0.3976055254628715
armB,NGA,Q58,trust,1.0,0.0,True,0.9820348491037708
base,NGA,Q58,trust,3.482411720794727,0.8274705735982422,True,0.2206665670121348
base_fixed_USA,NGA,Q58,trust,3.4583392679043596,0.8194464226347865,True,0.2436866587278587
persona,NGA,Q58,trust,3.4328778787665555,0.810959292922185,True,0.2354955272605611
uniform,NGA,Q58,trust,2.5,0.5,True,0.3860449541593975
human,NGA,Q58,trust,3.4699643280329635,0.8233214426776545,True,0.0
adapter,NGA,Q59,trust,2.8569103396236595,0.6189701132078865,True,0.2947930675288293
adapter_persona,NGA,Q59,trust,2.545341112190147,0.5151137040633823,True,0.1597413074543286
armA,NGA,Q59,trust,2.4710977990180254,0.4903659330060084,True,0.1793269496423263
armB,NGA,Q59,trust,1.0,0.0,True,0.881066900501388
base,NGA,Q59,trust,2.983270326511022,0.6610901088370073,True,0.4888098873715555
base_fixed_USA,NGA,Q59,trust,2.983595522284181,0.6611985074280603,True,0.4923078600893997
persona,NGA,Q59,trust,2.597935791931318,0.5326452639771059,True,0.2646696062763769
uniform,NGA,Q59,trust,2.5,0.5,True,0.1791932849672183
human,NGA,Q59,trust,2.6989915567520444,0.566330518917348,True,0.0
adapter,NGA,Q60,trust,3.1720240602057346,0.7240080200685782,True,0.3453259015801878
adapter_persona,NGA,Q60,trust,2.752260025988805,0.5840866753296016,True,0.1047004081760897
armA,NGA,Q60,trust,2.4710977990180254,0.4903659330060084,True,0.199162987956964
armB,NGA,Q60,trust,1.0,0.0,True,0.8818873240773499
base,NGA,Q60,trust,3.1813854330712408,0.7271284776904136,True,0.399813065747042
base_fixed_USA,NGA,Q60,trust,3.193949561570251,0.731316520523417,True,0.4001036761237067
persona,NGA,Q60,trust,2.8676418011975904,0.6225472670658635,True,0.326932763471618
uniform,NGA,Q60,trust,2.5,0.5,True,0.1990293232818559
human,NGA,Q60,trust,2.6583198747453345,0.5527732915817781,True,0.0
adapter,NGA,Q61,trust,2.6539226648787735,0.551307554959591,True,0.4240176083424855
adapter_persona,NGA,Q61,trust,2.424532493054663,0.4748441643515543,True,0.2257741655826867
armA,NGA,Q61,trust,2.4710977990180254,0.4903659330060084,True,0.2217296982760714
armB,NGA,Q61,trust,1.0,0.0,True,0.6506383331322287
base,NGA,Q61,trust,2.8851287746917778,0.6283762582305926,True,0.6628790081055298
base_fixed_USA,NGA,Q61,trust,2.8862271848811716,0.6287423949603905,True,0.6649169882409663
persona,NGA,Q61,trust,2.1134647839611977,0.3711549279870659,True,0.4462224178538511
uniform,NGA,Q61,trust,2.5,0.5,True,0.2332902695795454
human,NGA,Q61,trust,1.973918322736949,0.3246394409123163,True,0.0
adapter,NGA,Q62,trust,2.912946953422689,0.6376489844742296,True,0.5064597154714968
adapter_persona,NGA,Q62,trust,2.471379362842005,0.4904597876140017,True,0.1276770499093114
armA,NGA,Q62,trust,2.4710977990180254,0.4903659330060084,True,0.1774271904667622
armB,NGA,Q62,trust,1.0,0.0,True,0.7710759665933921
base,NGA,Q62,trust,2.98288485336476,0.6609616177882534,True,0.6196190874159951
base_fixed_USA,NGA,Q62,trust,2.9830138094600915,0.6610046031533638,True,0.6257009001295118
persona,NGA,Q62,trust,2.735004364638033,0.5783347882126777,True,0.3717021710148573
uniform,NGA,Q62,trust,2.5,0.5,True,0.1772935257916541
human,NGA,Q62,trust,2.289535844818718,0.4298452816062393,True,0.0
adapter,NGA,Q63,trust,2.904160617992054,0.6347202059973513,True,0.545070319109282
adapter_persona,NGA,Q63,trust,2.5310009282394823,0.510333642746494,True,0.2506644490354453
armA,NGA,Q63,trust,2.4710977990180254,0.4903659330060084,True,0.1881855651164825
armB,NGA,Q63,trust,1.0,0.0,True,0.6968237600377797
base,NGA,Q63,trust,2.97812013208892,0.6593733773629733,True,0.6568416250869908
base_fixed_USA,NGA,Q63,trust,2.970856574783297,0.6569521915944323,True,0.6522298485987525
persona,NGA,Q63,trust,2.5661301477974283,0.5220433825991427,True,0.284795492899489
uniform,NGA,Q63,trust,2.5,0.5,True,0.1967895476181787
human,NGA,Q63,trust,2.07354351413477,0.3578478380449232,True,0.0
adapter,NGA,Q64,trust,2.641723581187102,0.5472411937290339,True,0.5483473881652173
adapter_persona,NGA,Q64,trust,3.0231633207043886,0.6743877735681295,True,0.2959294281005525
armA,NGA,Q64,trust,2.4710977990180254,0.4903659330060084,True,0.449113105617847
armB,NGA,Q64,trust,1.0,0.0,True,0.9820496137673382
base,NGA,Q64,trust,2.7263790113469155,0.5754596704489718,True,0.5835615107575024
base_fixed_USA,NGA,Q64,trust,2.7121755996547465,0.5707251998849155,True,0.585060468311141
persona,NGA,Q64,trust,2.8281456705670305,0.6093818901890101,True,0.4505631520208521
uniform,NGA,Q64,trust,2.5,0.5,True,0.4405091231161507
human,NGA,Q64,trust,3.5561035064894884,0.8520345021631627,True,0.0
adapter,NGA,Q69,trust,2.583485101307351,0.5278283671024505,True,0.4289681573405318
adapter_persona,NGA,Q69,trust,2.218276703654273,0.4060922345514243,True,0.2613836933877003
armA,NGA,Q69,trust,2.4710977990180254,0.4903659330060084,True,0.2181982489614083
armB,NGA,Q69,trust,1.0,0.0,True,0.585316855105599
base,NGA,Q69,trust,2.8205259386540593,0.6068419795513531,True,0.5086960198364447
base_fixed_USA,NGA,Q69,trust,2.8239255680105337,0.6079751893368445,True,0.5245138347117264
persona,NGA,Q69,trust,2.056705793127527,0.3522352643758424,True,0.5637642552856829
uniform,NGA,Q69,trust,2.5,0.5,True,0.2297588202648823
human,NGA,Q69,trust,1.9408648897964431,0.3136216299321477,True,0.0
adapter,NGA,Q70,trust,2.5896119617759066,0.5298706539253021,True,0.2752416678746852
adapter_persona,NGA,Q70,trust,2.2612356193812815,0.4204118731270938,True,0.1311227384949582
armA,NGA,Q70,trust,2.4710977990180254,0.4903659330060084,True,0.1571111562117688
armB,NGA,Q70,trust,1.0,0.0,True,0.7987920938177594
base,NGA,Q70,trust,2.786641551714169,0.5955471839047229,True,0.401839233040968
base_fixed_USA,NGA,Q70,trust,2.8090073137919416,0.6030024379306472,True,0.4252180569888325
persona,NGA,Q70,trust,2.0607038957720283,0.3535679652573427,True,0.4892510750579209
uniform,NGA,Q70,trust,2.5,0.5,True,0.1569774915366607
human,NGA,Q70,trust,2.37607996909042,0.45869332303014,True,0.0
adapter,NGA,Q71,trust,2.210015595484481,0.4033385318281603,True,0.4233011544213685
adapter_persona,NGA,Q71,trust,2.1793988826776363,0.3931329608925454,True,0.1689080753398511
armA,NGA,Q71,trust,2.4710977990180254,0.4903659330060084,True,0.1142867839476465
armB,NGA,Q71,trust,1.0,0.0,True,0.7572155033231742
base,NGA,Q71,trust,2.293115425083739,0.431038475027913,True,0.3731685157425928
base_fixed_USA,NGA,Q71,trust,2.298064834658579,0.4326882782195262,True,0.3729888532098234
persona,NGA,Q71,trust,2.013520396592676,0.3378401321975586,True,0.5510417196559149
uniform,NGA,Q71,trust,2.5,0.5,True,0.1141531192725385
human,NGA,Q71,trust,2.302835655724091,0.4342785519080305,True,0.0
adapter,NGA,Q73,trust,2.391661884631304,0.4638872948771014,True,0.2673201201409902
adapter_persona,NGA,Q73,trust,2.4057293548791945,0.4685764516263981,True,0.1035998600611365
armA,NGA,Q73,trust,2.4710977990180254,0.4903659330060084,True,0.1652964150876147
armB,NGA,Q73,trust,1.0,0.0,True,0.7518433442140589
base,NGA,Q73,trust,2.5145573184215806,0.50485243947386,True,0.2989556612836973
base_fixed_USA,NGA,Q73,trust,2.4940816124279097,0.4980272041426365,True,0.2999235200281285
persona,NGA,Q73,trust,2.107992843630734,0.3693309478769113,True,0.3851536466152598
uniform,NGA,Q73,trust,2.5,0.5,True,0.1651627504125066
human,NGA,Q73,trust,2.1757064518272147,0.3919021506090715,True,0.0
adapter,NGA,Q81,posrecip,2.746654627234591,0.5822182090781969,True,0.3172228238646607
adapter_persona,NGA,Q81,posrecip,2.749750385737826,0.583250128579275,True,0.1147237897513736
armA,NGA,Q81,posrecip,2.3126183897256847,0.4375394632418949,True,0.2439246739279239
armB,NGA,Q81,posrecip,1.0,0.0,True,0.912476840780466
base,NGA,Q81,posrecip,2.9379301600301284,0.6459767200100428,True,0.4362618675318696
base_fixed_USA,NGA,Q81,posrecip,2.933953426269869,0.6446511420899563,True,0.4235249443437404
persona,NGA,Q81,posrecip,2.557669681807294,0.5192232272690979,True,0.2843577482633185
uniform,NGA,Q81,posrecip,2.5,0.5,True,0.1690569135707615
human,NGA,Q81,posrecip,2.8856535695829804,0.6285511898609935,True,0.0
adapter,NGA,Q99,altruism,1.3213528499673763,0.6606764249836881,True,0.553908603363745
adapter_persona,NGA,Q99,altruism,1.143900688635642,0.5719503443178209,True,0.5325920271901577
armA,NGA,Q99,altruism,0.927822470664978,0.463911235332489,True,0.4135569685756704
armB,NGA,Q99,altruism,0.0,0.0,True,0.2163690966190422
base,NGA,Q99,altruism,1.3304804228972185,0.6652402114486092,True,0.553595791330944
base_fixed_USA,NGA,Q99,altruism,1.279285129900004,0.639642564950002,True,0.5335994568757538
persona,NGA,Q99,altruism,0.1529673441875298,0.0764836720937649,True,0.0813539401293547
uniform,NGA,Q99,altruism,1.0,0.5,True,0.4502975700476243
human,NGA,Q99,altruism,0.3122532285785627,0.1561266142892813,True,0.0
adapter,NGA,Q101,altruism,1.2677742939217589,0.6338871469608793,True,0.5561032640785086
adapter_persona,NGA,Q101,altruism,1.3182326853782436,0.6591163426891217,True,0.6035550700779104
armA,NGA,Q101,altruism,0.927822470664978,0.463911235332489,True,0.3937636646811648
armB,NGA,Q101,altruism,0.0,0.0,True,0.2361624005135478
base,NGA,Q101,altruism,1.2246439946807794,0.6123219973403897,True,0.5135843238172586
base_fixed_USA,NGA,Q101,altruism,1.2169858475220727,0.6084929237610364,True,0.5139247197722823
persona,NGA,Q101,altruism,0.6310506007444535,0.3155253003722267,True,0.2889196913256225
uniform,NGA,Q101,altruism,1.0,0.5,True,0.4305042661531188
human,NGA,Q101,altruism,0.3394886957136649,0.1697443478568324,True,0.0
adapter,NGA,Q103,altruism,0.8409566316164958,0.4204783158082479,True,0.2274061198054088
adapter_persona,NGA,Q103,altruism,1.3511466747165914,0.6755733373582957,True,0.561639471080316
armA,NGA,Q103,altruism,0.927822470664978,0.463911235332489,True,0.3491689666041989
armB,NGA,Q103,altruism,0.0,0.0,True,0.2807570985905137
base,NGA,Q103,altruism,0.6582513336435947,0.3291256668217973,True,0.1195842725799132
base_fixed_USA,NGA,Q103,altruism,0.6444263652628954,0.3222131826314477,True,0.1094838962747629
persona,NGA,Q103,altruism,0.2827339210792941,0.141366960539647,True,0.0821335658591033
uniform,NGA,Q103,altruism,1.0,0.5,True,0.3859095680761529
human,NGA,Q103,altruism,0.4315654081801059,0.2157827040900529,True,0.0
adapter,NGA,Q106,risktaking,5.438878594304718,0.4932087327005242,True,0.7714544083844983
adapter_persona,NGA,Q106,risktaking,5.389085010970549,0.4876761123300609,True,0.5444924633606338
armA,NGA,Q106,risktaking,5.6929917484521875,0.5214435276057986,True,0.3214120063520686
armB,NGA,Q106,risktaking,10.0,1.0,True,0.5815420462723636
base,NGA,Q106,risktaking,5.395345126237988,0.4883716806931097,True,0.7730499884278649
base_fixed_USA,NGA,Q106,risktaking,5.406422350591277,0.4896024833990307,True,0.7709836154249614
persona,NGA,Q106,risktaking,5.739936511165617,0.5266596123517352,True,0.6742136385817482
uniform,NGA,Q106,risktaking,5.5,0.5,True,0.3380617215705671
human,NGA,Q106,risktaking,7.494652618354011,0.7216280687060012,True,0.0
adapter,NGA,Q107,risktaking,5.877331681857634,0.541925742428626,True,0.556528593333314
adapter_persona,NGA,Q107,risktaking,5.3882747328494975,0.4875860814277219,True,0.412183049293704
armA,NGA,Q107,risktaking,5.6929917484521875,0.5214435276057986,True,0.263006210006379
armB,NGA,Q107,risktaking,10.0,1.0,True,0.6650610990369054
base,NGA,Q107,risktaking,5.620154990624618,0.5133505545138464,True,0.534630062108009
base_fixed_USA,NGA,Q107,risktaking,5.635997059821808,0.5151107844246453,True,0.5386073227766011
persona,NGA,Q107,risktaking,6.038994093758185,0.5598882326397983,True,0.4829439776574511
uniform,NGA,Q107,risktaking,5.5,0.5,True,0.2680047530563825
human,NGA,Q107,risktaking,6.65411502809618,0.6282350031217977,True,0.0
adapter,NGA,Q109,risktaking,5.1062381202453615,0.4562486800272623,True,0.7057553871171304
adapter_persona,NGA,Q109,risktaking,5.251121981291851,0.4723468868102056,True,0.549730386624619
armA,NGA,Q109,risktaking,5.6929917484521875,0.5214435276057986,True,0.3210738516636765
armB,NGA,Q109,risktaking,10.0,1.0,True,0.9215561101784928
base,NGA,Q109,risktaking,5.186928228420911,0.4652142476023233,True,0.6979647694307226
base_fixed_USA,NGA,Q109,risktaking,5.201832154179065,0.4668702393532294,True,0.6983338933359127
persona,NGA,Q109,risktaking,5.594954682423093,0.5105505202692325,True,0.6279724179056008
uniform,NGA,Q109,risktaking,5.5,0.5,True,0.3008083347798069
human,NGA,Q109,risktaking,3.592555076937691,0.2880616752152989,True,0.0
adapter,NGA,Q174,posrecip,0.0273764887783513,0.0273764887783513,True,0.3546610625830733
adapter_persona,NGA,Q174,posrecip,0.3451052709578725,0.3451052709578725,True,0.0369322804035522
armA,NGA,Q174,posrecip,0.312618389725685,0.312618389725685,True,0.0694191616357396
armB,NGA,Q174,posrecip,0.0,0.0,True,0.3820375513614247
base,NGA,Q174,posrecip,0.0068504800266449,0.0068504800266449,True,0.3751870713347798
base_fixed_USA,NGA,Q174,posrecip,0.0062899021368924,0.0062899021368924,True,0.3757476492245323
persona,NGA,Q174,posrecip,0.0758581800212435,0.0758581800212435,True,0.3061793713401812
uniform,NGA,Q174,posrecip,0.5,0.5,True,0.1179624486385752
human,NGA,Q174,posrecip,0.3820375513614247,0.3820375513614247,True,0.0
adapter,NGA,Q176,negrecip,5.6948844562055525,0.5216538284672835,True,0.5315791231688951
adapter_persona,NGA,Q176,negrecip,5.9841116898548785,0.5537901877616531,True,0.2995144155455071
armA,NGA,Q176,negrecip,5.588252365589142,0.5098058183987935,True,0.14771044463605
armB,NGA,Q176,negrecip,10.0,1.0,True,0.8910115624617164
base,NGA,Q176,negrecip,5.593611330374734,0.510401258930526,True,0.5420752271043289
base_fixed_USA,NGA,Q176,negrecip,5.5807928879954485,0.5089769875550498,True,0.5408480492403803
persona,NGA,Q176,negrecip,5.558280545102356,0.506475616122484,True,0.3623151692873614
uniform,NGA,Q176,negrecip,5.5,0.5,True,0.14507089939635
human,NGA,Q176,negrecip,5.008023271008234,0.4453359190009149,True,0.0
adapter,NGA,Q177,negrecip,9.315341574371104,0.9239268415967892,True,0.2363430903870176
adapter_persona,NGA,Q177,negrecip,7.341683651354163,0.7046315168171292,True,0.3897358320399005
armA,NGA,Q177,negrecip,5.588252365589142,0.5098058183987935,True,0.5936437582341731
armB,NGA,Q177,negrecip,10.0,1.0,True,0.3340148408363434
base,NGA,Q177,negrecip,9.051640745751987,0.8946267495279988,True,0.2017388164712027
base_fixed_USA,NGA,Q177,negrecip,9.274825983144984,0.9194251092383317,True,0.2171215446796867
persona,NGA,Q177,negrecip,8.731427216582428,0.8590474685091587,True,0.2018073904297365
uniform,NGA,Q177,negrecip,5.5,0.5,True,0.602293460673995
human,NGA,Q177,negrecip,8.987533235247025,0.8875036928052249,True,0.0
adapter,NGA,Q178,risktaking,5.981822071092068,0.5535357856768965,True,0.8506812110930185
adapter_persona,NGA,Q178,risktaking,5.481856441045309,0.4979840490050343,True,0.7622150817084897
armA,NGA,Q178,risktaking,5.6929917484521875,0.5214435276057986,True,0.5995235984582789
armB,NGA,Q178,risktaking,10.0,1.0,True,0.9649968654745168
base,NGA,Q178,risktaking,5.994390533571282,0.5549322815079202,True,0.8349480002506173
base_fixed_USA,NGA,Q178,risktaking,5.9162516417148865,0.5462501824127651,True,0.8324957019188224
persona,NGA,Q178,risktaking,6.247084923665101,0.5830094359627889,True,0.8496705709720557
uniform,NGA,Q178,risktaking,5.5,0.5,True,0.5812436583184847
human,NGA,Q178,risktaking,2.015197551362265,0.1127997279291405,True,0.0
adapter,NGA,Q179,negrecip,6.528373120299901,0.6142636800333223,True,0.6763611314285572
adapter_persona,NGA,Q179,negrecip,8.024779192121779,0.7805310213468643,True,0.285958070424745
armA,NGA,Q179,negrecip,5.588252365589142,0.5098058183987935,True,0.6437044545906803
armB,NGA,Q179,negrecip,10.0,1.0,True,0.2514125971532478
base,NGA,Q179,negrecip,9.39650258583904,0.9329447317598932,True,0.1657303327360805
base_fixed_USA,NGA,Q179,negrecip,9.45109123453836,0.9390101371709288,True,0.171548643122874
persona,NGA,Q179,negrecip,9.703303207535791,0.967033689726199,True,0.2250300262123158
uniform,NGA,Q179,negrecip,5.5,0.5,True,0.6485874028467522
human,NGA,Q179,negrecip,9.31260076416191,0.9236223071291012,True,0.0
adapter,NGA,Q195,negrecip,5.744748860654285,0.5271943178504761,True,0.7940169815059915
adapter_persona,NGA,Q195,negrecip,4.672533197412753,0.4080592441569725,True,0.5327642847531997
armA,NGA,Q195,negrecip,5.588252365589142,0.5098058183987935,True,0.4836134930908936
armB,NGA,Q195,negrecip,10.0,1.0,True,0.9536986280821058
base,NGA,Q195,negrecip,5.546101463438793,0.5051223848265326,True,0.776755404180088
base_fixed_USA,NGA,Q195,negrecip,5.519558184651138,0.5021731316279042,True,0.7778132332663088
persona,NGA,Q195,negrecip,5.647720635241086,0.5164134039156763,True,0.696876503382013
uniform,NGA,Q195,negrecip,5.5,0.5,True,0.4751468995828889
human,NGA,Q195,negrecip,2.5924802966677984,0.1769422551853109,True,0.0
adapter,NLD,Q43,patience,1.9465780034856273,0.4732890017428136,True,0.5698367633026808
adapter_persona,NLD,Q43,patience,1.6720671328928427,0.3360335664464214,True,0.2529480595728278
armA,NLD,Q43,patience,2.475853890180588,0.7379269450902938,True,0.3557492426126558
armB,NLD,Q43,patience,3.0,1.0,True,0.7548682703321878
base,NLD,Q43,patience,1.9720544194523648,0.4860272097261823,True,0.5524033832808841
base_fixed_USA,NLD,Q43,patience,1.9654621002804156,0.4827310501402077,True,0.5462333200183509
persona,NLD,Q43,patience,1.9624711828975856,0.4812355914487926,True,0.5749433897799938
uniform,NLD,Q43,patience,2.0,0.5,True,0.0882016036655211
human,NLD,Q43,patience,1.8476517754868271,0.4238258877434135,True,0.0
adapter,NLD,Q50,patience,6.762664877444898,0.6402960974938776,True,0.5738413947395208
adapter_persona,NLD,Q50,patience,7.450491886488511,0.7167213207209456,True,0.2431385528116804
armA,NLD,Q50,patience,5.975853890180587,0.5528726544645096,True,0.3600272514442123
armB,NLD,Q50,patience,10.0,1.0,True,0.9343385214007782
base,NLD,Q50,patience,6.320539056170877,0.5911710062412086,True,0.5646441654947691
base_fixed_USA,NLD,Q50,patience,6.30707452764251,0.5896749475158344,True,0.5666040483434756
persona,NLD,Q50,patience,6.942884086652437,0.6603204540724928,True,0.5614614279155684
uniform,NLD,Q50,patience,5.5,0.5,True,0.403988326848249
human,NLD,Q50,patience,7.27772373540856,0.6975248594898401,True,0.0
adapter,NLD,Q57,trust,0.7057850278370112,0.7057850278370112,True,0.0937293864150638
adapter_persona,NLD,Q57,trust,0.4921881357207956,0.4921881357207956,True,0.1198675057011518
armA,NLD,Q57,trust,0.6490284651517868,0.6490284651517868,True,0.0369728237298393
armB,NLD,Q57,trust,1.0,1.0,True,0.3879443585780525
base,NLD,Q57,trust,0.2658804730998169,0.2658804730998169,True,0.3461751683221305
base_fixed_USA,NLD,Q57,trust,0.2450850131323716,0.2450850131323716,True,0.3669706282895757
persona,NLD,Q57,trust,0.8807970779778825,0.8807970779778825,True,0.268741436555935
uniform,NLD,Q57,trust,0.5,0.5,True,0.1120556414219474
human,NLD,Q57,trust,0.6120556414219473,0.6120556414219473,True,0.0
adapter,NLD,Q58,trust,3.4162722273916204,0.8054240757972067,True,0.4328152487218746
adapter_persona,NLD,Q58,trust,3.5431766732363608,0.8477255577454536,True,0.2816469357097635
armA,NLD,Q58,trust,2.649028465151787,0.5496761550505956,True,0.5321592213723433
armB,NLD,Q58,trust,4.0,1.0,True,0.1713303878252331
base,NLD,Q58,trust,3.482411720794727,0.8274705735982422,True,0.3624607715612852
base_fixed_USA,NLD,Q58,trust,3.4583392679043596,0.8194464226347865,True,0.3854808632770092
persona,NLD,Q58,trust,3.797708435363984,0.9325694784546612,True,0.0593992283857571
uniform,NLD,Q58,trust,2.5,0.5,True,0.5786696121747668
human,NLD,Q58,trust,3.7869415807560136,0.9289805269186712,True,0.0
adapter,NLD,Q59,trust,2.989620919513988,0.6632069731713293,True,0.4498162079700081
adapter_persona,NLD,Q59,trust,3.1977955114593617,0.7325985038197871,True,0.2715552960959383
armA,NLD,Q59,trust,2.649028465151787,0.5496761550505956,True,0.3285215410292213
armB,NLD,Q59,trust,4.0,1.0,True,0.6083162217659136
base,NLD,Q59,trust,2.983270326511022,0.6610901088370073,True,0.4065807417119833
base_fixed_USA,NLD,Q59,trust,2.983595522284181,0.6611985074280603,True,0.4100787144298274
persona,NLD,Q59,trust,3.0909313097270195,0.6969771032423397,True,0.4047464382734332
uniform,NLD,Q59,trust,2.5,0.5,True,0.3880903490759753
human,NLD,Q59,trust,3.2530800821355235,0.7510266940451745,True,0.0
adapter,NLD,Q60,trust,3.1400554263877423,0.713351808795914,True,0.4905684006854503
adapter_persona,NLD,Q60,trust,3.325605647701293,0.7752018825670977,True,0.2474490592064589
armA,NLD,Q60,trust,2.649028465151787,0.5496761550505956,True,0.4127632077635227
armB,NLD,Q60,trust,4.0,1.0,True,0.3932806324110671
base,NLD,Q60,trust,3.1813854330712408,0.7271284776904136,True,0.4395070623725889
base_fixed_USA,NLD,Q60,trust,3.193949561570251,0.731316520523417,True,0.4275281730965843
persona,NLD,Q60,trust,3.2214743817934304,0.7404914605978101,True,0.4109405801025334
uniform,NLD,Q60,trust,2.5,0.5,True,0.4723320158102767
human,NLD,Q60,trust,3.574110671936759,0.8580368906455863,True,0.0
adapter,NLD,Q61,trust,2.948063851753197,0.6493546172510656,True,0.3141358393560888
adapter_persona,NLD,Q61,trust,3.040761313440309,0.6802537711467695,True,0.2580199722390117
armA,NLD,Q61,trust,2.649028465151787,0.5496761550505956,True,0.3853888555922512
armB,NLD,Q61,trust,4.0,1.0,True,0.9464285714285714
base,NLD,Q61,trust,2.8851287746917778,0.6283762582305926,True,0.2453924289215505
base_fixed_USA,NLD,Q61,trust,2.8862271848811716,0.6287423949603905,True,0.2474304090569872
persona,NLD,Q61,trust,2.955133248398931,0.6517110827996437,True,0.309715900922117
uniform,NLD,Q61,trust,2.5,0.5,True,0.3818277310924369
human,NLD,Q61,trust,2.6701680672268906,0.55672268907563,True,0.0
adapter,NLD,Q62,trust,2.9866718006459037,0.6622239335486345,True,0.3603544987144146
adapter_persona,NLD,Q62,trust,3.071786532539171,0.6905955108463901,True,0.2368526819345478
armA,NLD,Q62,trust,2.649028465151787,0.5496761550505956,True,0.3498257435121706
armB,NLD,Q62,trust,4.0,1.0,True,0.7955082742316784
base,NLD,Q62,trust,2.98288485336476,0.6609616177882534,True,0.3376299232813433
base_fixed_USA,NLD,Q62,trust,2.9830138094600915,0.6610046031533638,True,0.3437117359948601
persona,NLD,Q62,trust,3.0027424123020556,0.6675808041006852,True,0.3458846901151736
uniform,NLD,Q62,trust,2.5,0.5,True,0.3628841607565012
human,NLD,Q62,trust,2.9864066193853427,0.6621355397951141,True,0.0
adapter,NLD,Q63,trust,2.984715720760964,0.6615719069203213,True,0.3259140903279009
adapter_persona,NLD,Q63,trust,3.1316658522613814,0.7105552840871273,True,0.1679491841850859
armA,NLD,Q63,trust,2.649028465151787,0.5496761550505956,True,0.3725691131200418
armB,NLD,Q63,trust,4.0,1.0,True,0.8230190861769808
base,NLD,Q63,trust,2.97812013208892,0.6593733773629733,True,0.2915129440559658
base_fixed_USA,NLD,Q63,trust,2.970856574783297,0.6569521915944323,True,0.2869011675677276
persona,NLD,Q63,trust,3.023213689515818,0.6744045631719393,True,0.3011284102224918
uniform,NLD,Q63,trust,2.5,0.5,True,0.3856275303643724
human,NLD,Q63,trust,2.956043956043956,0.652014652014652,True,0.0
adapter,NLD,Q64,trust,2.844189309086268,0.6147297696954225,True,0.5130761448053269
adapter_persona,NLD,Q64,trust,2.918536808901119,0.6395122696337063,True,0.5014319797671201
armA,NLD,Q64,trust,2.649028465151787,0.5496761550505956,True,0.3182087188605778
armB,NLD,Q64,trust,4.0,1.0,True,0.959866220735786
base,NLD,Q64,trust,2.7263790113469155,0.5754596704489718,True,0.4087123137555879
base_fixed_USA,NLD,Q64,trust,2.7121755996547465,0.5707251998849155,True,0.3996010216256261
persona,NLD,Q64,trust,2.6651543826274144,0.5550514608758048,True,0.413561980900589
uniform,NLD,Q64,trust,2.5,0.5,True,0.2586399108138238
human,NLD,Q64,trust,1.9894091415830544,0.3298030471943515,True,0.0
adapter,NLD,Q69,trust,2.8853912358053013,0.6284637452684337,True,0.1428030625645817
adapter_persona,NLD,Q69,trust,3.1384660327572806,0.7128220109190935,True,0.2085432275372982
armA,NLD,Q69,trust,2.649028465151787,0.5496761550505956,True,0.3741718888269188
armB,NLD,Q69,trust,4.0,1.0,True,0.9131961866532864
base,NLD,Q69,trust,2.8205259386540593,0.6068419795513531,True,0.0627956632221497
base_fixed_USA,NLD,Q69,trust,2.8239255680105337,0.6079751893368445,True,0.072217853419868
persona,NLD,Q69,trust,3.2391253921069616,0.7463751307023205,True,0.2533156450539041
uniform,NLD,Q69,trust,2.5,0.5,True,0.3872303060712494
human,NLD,Q69,trust,2.768188660311089,0.5893962201036963,True,0.0
adapter,NLD,Q70,trust,2.902970242971029,0.6343234143236763,True,0.2505396048497698
adapter_persona,NLD,Q70,trust,3.0750209288924255,0.6916736429641418,True,0.2163794250824775
armA,NLD,Q70,trust,2.649028465151787,0.5496761550505956,True,0.3218801984806898
armB,NLD,Q70,trust,4.0,1.0,True,0.8746854554604933
base,NLD,Q70,trust,2.786641551714169,0.5955471839047229,True,0.1434093280091057
base_fixed_USA,NLD,Q70,trust,2.8090073137919416,0.6030024379306472,True,0.1667881519569702
persona,NLD,Q70,trust,3.062933645561736,0.6876445485205785,True,0.2384078655341125
uniform,NLD,Q70,trust,2.5,0.5,True,0.3183190739808756
human,NLD,Q70,trust,2.7463512833417214,0.5821170944472404,True,0.0
adapter,NLD,Q71,trust,2.370798190069011,0.4569327300230036,True,0.2016216881890322
adapter_persona,NLD,Q71,trust,2.927663531118609,0.6425545103728694,True,0.5192654825298617
armA,NLD,Q71,trust,2.649028465151787,0.5496761550505956,True,0.2946432888284714
armB,NLD,Q71,trust,4.0,1.0,True,0.9829659318637274
base,NLD,Q71,trust,2.293115425083739,0.431038475027913,True,0.1991942286211312
base_fixed_USA,NLD,Q71,trust,2.298064834658579,0.4326882782195262,True,0.1960598081537046
persona,NLD,Q71,trust,2.6520014886870302,0.5506671628956767,True,0.3523066996993786
uniform,NLD,Q71,trust,2.5,0.5,True,0.2910821643286573
human,NLD,Q71,trust,2.129258517034068,0.3764195056780226,True,0.0
adapter,NLD,Q73,trust,2.688129794388871,0.562709931462957,True,0.3686331517850085
adapter_persona,NLD,Q73,trust,2.896130288354646,0.6320434294515485,True,0.4933214274085858
armA,NLD,Q73,trust,2.649028465151787,0.5496761550505956,True,0.3518697925759241
armB,NLD,Q73,trust,4.0,1.0,True,0.9867864693446088
base,NLD,Q73,trust,2.5145573184215806,0.50485243947386,True,0.1981673092239038
base_fixed_USA,NLD,Q73,trust,2.4940816124279097,0.4980272041426365,True,0.1787930449365365
persona,NLD,Q73,trust,2.605365838258732,0.535121946086244,True,0.2964389036830161
uniform,NLD,Q73,trust,2.5,0.5,True,0.3483086680761099
human,NLD,Q73,trust,2.173890063424947,0.3912966878083157,True,0.0
adapter,NLD,Q81,posrecip,3.014638130587721,0.6715460435292403,True,0.4509347137875372
adapter_persona,NLD,Q81,posrecip,3.225518092655023,0.7418393642183408,True,0.4406639545156715
armA,NLD,Q81,posrecip,2.425799287855625,0.4752664292852084,True,0.3877149000758246
armB,NLD,Q81,posrecip,1.0,0.0,True,0.9249183895538629
base,NLD,Q81,posrecip,2.9379301600301284,0.6459767200100428,True,0.3804589012626347
base_fixed_USA,NLD,Q81,posrecip,2.933953426269869,0.6446511420899563,True,0.3721377600222478
persona,NLD,Q81,posrecip,3.077666702685006,0.6925555675616686,True,0.4505590654711105
uniform,NLD,Q81,posrecip,2.5,0.5,True,0.3868335146898802
human,NLD,Q81,posrecip,2.452665941240479,0.484221980413493,True,0.0
adapter,NLD,Q99,altruism,1.9087697555574423,0.9543848777787212,True,0.9250782375453884
adapter_persona,NLD,Q99,altruism,1.7833883643044706,0.8916941821522352,True,0.8838001444947623
armA,NLD,Q99,altruism,0.9049687832593916,0.4524843916296958,True,0.5043612508352765
armB,NLD,Q99,altruism,0.0,0.0,True,0.1136590229312063
base,NLD,Q99,altruism,1.3304804228972185,0.6652402114486092,True,0.65630586501878
base_fixed_USA,NLD,Q99,altruism,1.279285129900004,0.639642564950002,True,0.6363095305635897
persona,NLD,Q99,altruism,0.7904526918856372,0.3952263459428186,True,0.5548420166447021
uniform,NLD,Q99,altruism,1.0,0.5,True,0.5530076437354603
human,NLD,Q99,altruism,0.1306081754735792,0.0653040877367896,True,0.0
adapter,NLD,Q101,altruism,1.8355832190132584,0.9177916095066292,True,0.8543122097526809
adapter_persona,NLD,Q101,altruism,1.7676197003120926,0.8838098501560462,True,0.8493692870389478
armA,NLD,Q101,altruism,0.9049687832593916,0.4524843916296958,True,0.4713136869401355
armB,NLD,Q101,altruism,0.0,0.0,True,0.1467065868263473
base,NLD,Q101,altruism,1.2246439946807794,0.6123219973403897,True,0.6030401375044591
base_fixed_USA,NLD,Q101,altruism,1.2169858475220727,0.6084929237610364,True,0.6033805334594828
persona,NLD,Q101,altruism,0.9234708451798956,0.4617354225899478,True,0.6085651399496934
uniform,NLD,Q101,altruism,1.0,0.5,True,0.5199600798403193
human,NLD,Q101,altruism,0.1836327345309381,0.091816367265469,True,0.0
adapter,NLD,Q103,altruism,1.3269019241814202,0.66345096209071,True,0.6516798306492932
adapter_persona,NLD,Q103,altruism,1.6863018803925047,0.8431509401962524,True,0.943672397458538
armA,NLD,Q103,altruism,0.9049687832593916,0.4524843916296958,True,0.5804827362289454
armB,NLD,Q103,altruism,0.0,0.0,True,0.0375375375375375
base,NLD,Q103,altruism,0.6582513336435947,0.3291256668217973,True,0.3628038336328894
base_fixed_USA,NLD,Q103,altruism,0.6444263652628954,0.3222131826314477,True,0.3527034573277392
persona,NLD,Q103,altruism,0.1982153316527264,0.0991076658263632,True,0.1186677279811228
uniform,NLD,Q103,altruism,1.0,0.5,True,0.6291291291291292
human,NLD,Q103,altruism,0.0495495495495495,0.0247747747747747,True,0.0
adapter,NLD,Q106,risktaking,5.420952335897984,0.491216926210887,True,0.55726754651113
adapter_persona,NLD,Q106,risktaking,5.257351518379826,0.4730390575977584,True,0.4258208132412328
armA,NLD,Q106,risktaking,5.594663120806216,0.510518124534024,True,0.19924825216032
armB,NLD,Q106,risktaking,10.0,1.0,True,0.943854324734446
base,NLD,Q106,risktaking,5.395345126237988,0.4883716806931097,True,0.5016905055200466
base_fixed_USA,NLD,Q106,risktaking,5.406422350591277,0.4896024833990307,True,0.4966987692518415
persona,NLD,Q106,risktaking,5.131065283560682,0.4590072537289646,True,0.4978374338090538
uniform,NLD,Q106,risktaking,5.5,0.5,True,0.1910976226605968
human,NLD,Q106,risktaking,5.227111785533637,0.4696790872815152,True,0.0
adapter,NLD,Q107,risktaking,5.83589004786222,0.5373211164291356,True,0.2865956261565545
adapter_persona,NLD,Q107,risktaking,4.9044568721427355,0.4338285413491928,True,0.1482633210385564
armA,NLD,Q107,risktaking,5.594663120806216,0.510518124534024,True,0.3432275605691504
armB,NLD,Q107,risktaking,10.0,1.0,True,0.9632918886915334
base,NLD,Q107,risktaking,5.62015499062462,0.5133505545138467,True,0.1921392207192548
base_fixed_USA,NLD,Q107,risktaking,5.635997059821808,0.5151107844246453,True,0.1881829277006693
persona,NLD,Q107,risktaking,4.505520010320726,0.3895022233689695,True,0.2794149624145664
uniform,NLD,Q107,risktaking,5.5,0.5,True,0.3430432208407341
human,NLD,Q107,risktaking,5.346358792184724,0.4829287546871916,True,0.0
adapter,NLD,Q109,risktaking,5.271035614093927,0.474559512677103,True,0.4152191112032916
adapter_persona,NLD,Q109,risktaking,4.915565367176653,0.4350628185751836,True,0.2398028620384812
armA,NLD,Q109,risktaking,5.594663120806216,0.510518124534024,True,0.3596998137611524
armB,NLD,Q109,risktaking,10.0,1.0,True,0.981230448383733
base,NLD,Q109,risktaking,5.186928228420911,0.4652142476023233,True,0.3509018358094158
base_fixed_USA,NLD,Q109,risktaking,5.201832154179065,0.4668702393532294,True,0.3609787240739262
persona,NLD,Q109,risktaking,4.708290122482567,0.4120322358313963,True,0.2564929307682802
uniform,NLD,Q109,risktaking,5.5,0.5,True,0.3549530761209593
human,NLD,Q109,risktaking,4.678832116788321,0.4087591240875912,True,0.0
adapter,NLD,Q174,posrecip,0.0068504800266449,0.0068504800266449,True,0.3941822222108766
adapter_persona,NLD,Q174,posrecip,0.032100707874465,0.032100707874465,True,0.3689319943630565
armA,NLD,Q174,posrecip,0.4257992878556251,0.4257992878556251,True,0.0247665856181036
armB,NLD,Q174,posrecip,0.0,0.0,True,0.4010327022375215
base,NLD,Q174,posrecip,0.0068504800266449,0.0068504800266449,True,0.3941822222108766
base_fixed_USA,NLD,Q174,posrecip,0.0062899021368924,0.0062899021368924,True,0.3947428001006291
persona,NLD,Q174,posrecip,0.0038244836446372,0.0038244836446372,True,0.3972082185928843
uniform,NLD,Q174,posrecip,0.5,0.5,True,0.0989672977624784
human,NLD,Q174,posrecip,0.4010327022375215,0.4010327022375215,True,0.0
adapter,NLD,Q176,negrecip,5.485575969411919,0.4983973299346576,True,0.5290196046597432
adapter_persona,NLD,Q176,negrecip,5.666860576191867,0.5185400640213185,True,0.2252993875955742
armA,NLD,Q176,negrecip,5.7072204649448395,0.5230244961049821,True,0.2512568522872248
armB,NLD,Q176,negrecip,10.0,1.0,True,0.963795940756994
base,NLD,Q176,negrecip,5.593611330374734,0.510401258930526,True,0.4296052960729263
base_fixed_USA,NLD,Q176,negrecip,5.5807928879954485,0.5089769875550498,True,0.4252127602112304
persona,NLD,Q176,negrecip,5.308874125695981,0.4787637917439979,True,0.3426210529701804
uniform,NLD,Q176,negrecip,5.5,0.5,True,0.250246845858475
human,NLD,Q176,negrecip,5.508502468458585,0.5009447187176205,True,0.0
adapter,NLD,Q177,negrecip,6.31050225167426,0.5900558057415844,True,0.718518816564494
adapter_persona,NLD,Q177,negrecip,6.178723760942649,0.5754137512158499,True,0.7438832381072925
armA,NLD,Q177,negrecip,5.7072204649448395,0.5230244961049821,True,0.653886244418363
armB,NLD,Q177,negrecip,10.0,1.0,True,0.2505102040816326
base,NLD,Q177,negrecip,9.051640745751987,0.8946267495279988,True,0.1327151308714434
base_fixed_USA,NLD,Q177,negrecip,9.274825983144984,0.9194251092383317,True,0.1467396115528057
persona,NLD,Q177,negrecip,8.624500369681122,0.8471667077423469,True,0.223068238305814
uniform,NLD,Q177,negrecip,5.5,0.5,True,0.6744897959183674
human,NLD,Q177,negrecip,9.43061224489796,0.936734693877551,True,0.0
adapter,NLD,Q178,risktaking,6.052181521810283,0.5613535024233647,True,0.8133585418589913
adapter_persona,NLD,Q178,risktaking,5.820097284572436,0.5355663649524929,True,0.7655849011099862
armA,NLD,Q178,risktaking,5.594663120806216,0.510518124534024,True,0.5333662094483222
armB,NLD,Q178,risktaking,10.0,1.0,True,0.9949264332825976
base,NLD,Q178,risktaking,5.994390533571282,0.5549322815079202,True,0.7583006956734393
base_fixed_USA,NLD,Q178,risktaking,5.9162516417148865,0.5462501824127651,True,0.7558483973416446
persona,NLD,Q178,risktaking,6.041453808708821,0.5601615343009801,True,0.7571551735522957
uniform,NLD,Q178,risktaking,5.5,0.5,True,0.5214104515474378
human,NLD,Q178,risktaking,2.095383054287164,0.1217092282541293,True,0.0
adapter,NLD,Q179,negrecip,6.287522479113846,0.5875024976793162,True,0.8391772647316977
adapter_persona,NLD,Q179,negrecip,7.830529980648275,0.758947775627586,True,0.4275711760298048
armA,NLD,Q179,negrecip,5.7072204649448395,0.5230244961049821,True,0.7129704826032622
armB,NLD,Q179,negrecip,10.0,1.0,True,0.1753410813542193
base,NLD,Q179,negrecip,9.39650258583904,0.9329447317598932,True,0.1143098859075906
base_fixed_USA,NLD,Q179,negrecip,9.45109123453836,0.9390101371709288,True,0.1189312328700218
persona,NLD,Q179,negrecip,9.842657934511243,0.9825175482790268,True,0.1593025400834945
uniform,NLD,Q179,negrecip,5.5,0.5,True,0.733299646286003
human,NLD,Q179,negrecip,9.652854977261242,0.9614283308068046,True,0.0
adapter,NLD,Q195,negrecip,5.833010008067973,0.5370011120075525,True,0.654161100803588
adapter_persona,NLD,Q195,negrecip,3.8578015205389966,0.3175335022821107,True,0.2316031217397358
armA,NLD,Q195,negrecip,5.7072204649448395,0.5230244961049821,True,0.3764524411264171
armB,NLD,Q195,negrecip,10.0,1.0,True,0.9634464751958224
base,NLD,Q195,negrecip,5.546101463438793,0.5051223848265326,True,0.612030634804416
base_fixed_USA,NLD,Q195,negrecip,5.519558184651138,0.5021731316279042,True,0.6130884638906366
persona,NLD,Q195,negrecip,1.4939475192185498,0.0548830576909499,True,0.4623136184876685
uniform,NLD,Q195,negrecip,5.5,0.5,True,0.3561357702349869
human,NLD,Q195,negrecip,3.4015665796344647,0.2668407310704961,True,0.0
adapter,RUS,Q43,patience,2.013377746914765,0.5066888734573824,True,0.7861862422194861
adapter_persona,RUS,Q43,patience,2.617132706880298,0.808566353440149,True,0.2676935068426715
armA,RUS,Q43,patience,1.9623610265553,0.4811805132776498,True,0.2013394980161893
armB,RUS,Q43,patience,1.0,0.0,True,0.7074124115428982
base,RUS,Q43,patience,1.9772230264275823,0.4886115132137911,True,0.7333744541937066
base_fixed_USA,RUS,Q43,patience,1.9654621002804156,0.4827310501402077,True,0.7122397028585451
persona,RUS,Q43,patience,2.1747670400235055,0.5873835200117526,True,0.4492635590365912
uniform,RUS,Q43,patience,2.0,0.5,True,0.1826971448985563
human,RUS,Q43,patience,2.223442889774788,0.6117214448873939,True,0.0
adapter,RUS,Q50,patience,5.910384330211614,0.5455982589124015,True,0.5758530837670176
adapter_persona,RUS,Q50,patience,4.91925683875557,0.4354729820839521,True,0.3241660067487234
armA,RUS,Q50,patience,5.4623610265553,0.4958178918394777,True,0.2407945764287955
armB,RUS,Q50,patience,1.0,0.0,True,0.9382960609397928
base,RUS,Q50,patience,6.278117619218214,0.5864575132464682,True,0.5638547259868872
base_fixed_USA,RUS,Q50,patience,6.30707452764251,0.5896749475158344,True,0.5700591442533166
persona,RUS,Q50,patience,5.709705752945558,0.523300639216173,True,0.4117315058167525
uniform,RUS,Q50,patience,5.5,0.5,True,0.23894474128797
human,RUS,Q50,patience,5.525807622235564,0.5028675135817293,True,0.0
adapter,RUS,Q57,trust,0.0010322310367547,0.0010322310367547,True,0.2345389910775747
adapter_persona,RUS,Q57,trust,0.0004305571244873,0.0004305571244873,True,0.2351406649898421
armA,RUS,Q57,trust,0.4246125668287276,0.4246125668287276,True,0.1890413447143981
armB,RUS,Q57,trust,0.0,0.0,True,0.2355712221143294
base,RUS,Q57,trust,0.2689414213699951,0.2689414213699951,True,0.0333701992556656
base_fixed_USA,RUS,Q57,trust,0.2450850131323716,0.2450850131323716,True,0.0095137910180422
persona,RUS,Q57,trust,0.0026316739748845,0.0026316739748845,True,0.232939548139445
uniform,RUS,Q57,trust,0.5,0.5,True,0.2644287778856705
human,RUS,Q57,trust,0.2355712221143294,0.2355712221143294,True,0.0
adapter,RUS,Q58,trust,3.0180240978760953,0.6726746992920317,True,0.8411710052709586
adapter_persona,RUS,Q58,trust,2.9245394527684083,0.6415131509228028,True,0.7696279218067483
armA,RUS,Q58,trust,2.4246125668287277,0.4748708556095759,True,0.625878859672015
armB,RUS,Q58,trust,1.0,0.0,True,0.9950921327899512
base,RUS,Q58,trust,3.458967312914293,0.819655770971431,True,0.4089669069754244
base_fixed_USA,RUS,Q58,trust,3.4583392679043596,0.8194464226347865,True,0.4088320550719347
persona,RUS,Q58,trust,3.770112656011851,0.9233708853372836,True,0.1028848099860176
uniform,RUS,Q58,trust,2.5,0.5,True,0.6037147936879125
human,RUS,Q58,trust,3.821536753211303,0.9405122510704343,True,0.0
adapter,RUS,Q59,trust,2.964514097583296,0.6548380325277652,True,0.4424174872316937
adapter_persona,RUS,Q59,trust,2.684393164218594,0.5614643880728645,True,0.1969451608284825
armA,RUS,Q59,trust,2.4246125668287277,0.4748708556095759,True,0.2760523888619554
armB,RUS,Q59,trust,1.0,0.0,True,0.9424249934485864
base,RUS,Q59,trust,2.983595522284181,0.6611985074280603,True,0.3884183125836375
base_fixed_USA,RUS,Q59,trust,2.983595522284181,0.6611985074280603,True,0.3884183125836375
persona,RUS,Q59,trust,2.9136694191130097,0.6378898063710032,True,0.2205110635684324
uniform,RUS,Q59,trust,2.5,0.5,True,0.2680669726880791
human,RUS,Q59,trust,2.848401780667071,0.6161339268890236,True,0.0
adapter,RUS,Q60,trust,2.989167074915188,0.663055691638396,True,0.4259903768484483
adapter_persona,RUS,Q60,trust,2.6874980883252415,0.5624993627750805,True,0.196506524775046
armA,RUS,Q60,trust,2.4246125668287277,0.4748708556095759,True,0.3109611067402922
armB,RUS,Q60,trust,1.0,0.0,True,0.9585704017351524
base,RUS,Q60,trust,3.174418724971263,0.7248062416570877,True,0.2592760658420219
base_fixed_USA,RUS,Q60,trust,3.193949561570251,0.731316520523417,True,0.2401651307515122
persona,RUS,Q60,trust,2.954093800548544,0.651364600182848,True,0.2287130508974634
uniform,RUS,Q60,trust,2.5,0.5,True,0.3029756905664159
human,RUS,Q60,trust,2.950598457829185,0.6501994859430617,True,0.0
adapter,RUS,Q61,trust,2.4686816076722637,0.4895605358907546,True,0.3366533451046987
adapter_persona,RUS,Q61,trust,2.491157795929826,0.4970525986432752,True,0.3355291637671015
armA,RUS,Q61,trust,2.4246125668287277,0.4748708556095759,True,0.2379632602907675
armB,RUS,Q61,trust,1.0,0.0,True,0.6895316196014775
base,RUS,Q61,trust,2.8862271848811716,0.6287423949603905,True,0.6696784650567921
base_fixed_USA,RUS,Q61,trust,2.8862271848811716,0.6287423949603905,True,0.6696784650567921
persona,RUS,Q61,trust,2.2251237535307915,0.4083745845102638,True,0.3104170135973548
uniform,RUS,Q61,trust,2.5,0.5,True,0.2681127424487461
human,RUS,Q61,trust,1.947928140283622,0.3159760467612073,True,0.0
adapter,RUS,Q62,trust,2.948349072393012,0.6494496907976706,True,0.6040955114110604
adapter_persona,RUS,Q62,trust,2.2318828008838745,0.4106276002946248,True,0.0932801175342041
armA,RUS,Q62,trust,2.4246125668287277,0.4748708556095759,True,0.2227204397147528
armB,RUS,Q62,trust,1.0,0.0,True,0.7730557566845981
base,RUS,Q62,trust,2.9833965110535146,0.6611321703511716,True,0.6164410863659164
base_fixed_USA,RUS,Q62,trust,2.9830138094600915,0.6610046031533638,True,0.6162564730403801
persona,RUS,Q62,trust,2.6797057188207214,0.5599019062735738,True,0.2901452084783174
uniform,RUS,Q62,trust,2.5,0.5,True,0.2218106206696637
human,RUS,Q62,trust,2.215885452425448,0.4052951508084826,True,0.0
adapter,RUS,Q63,trust,2.916233447172784,0.6387444823909278,True,0.5655865666458846
adapter_persona,RUS,Q63,trust,2.492064888540163,0.4973549628467209,True,0.2093637702414877
armA,RUS,Q63,trust,2.4246125668287277,0.4748708556095759,True,0.2264421243888643
armB,RUS,Q63,trust,1.0,0.0,True,0.7817653225556263
base,RUS,Q63,trust,2.977027016815558,0.6590090056051859,True,0.580576616704344
base_fixed_USA,RUS,Q63,trust,2.970856574783297,0.6569521915944323,True,0.5748078454320431
persona,RUS,Q63,trust,2.635538803304331,0.5451796011014438,True,0.2414970777506469
uniform,RUS,Q63,trust,2.5,0.5,True,0.2255323053437752
human,RUS,Q63,trust,2.2419522094793853,0.4139840698264618,True,0.0
adapter,RUS,Q64,trust,2.14784296101123,0.3826143203370766,True,0.6264627562910591
adapter_persona,RUS,Q64,trust,2.309653308954026,0.4365511029846753,True,0.3032668928315817
armA,RUS,Q64,trust,2.4246125668287277,0.4748708556095759,True,0.1746200348346844
armB,RUS,Q64,trust,1.0,0.0,True,0.8586803299502918
base,RUS,Q64,trust,2.7190908498138544,0.5730302832712848,True,0.2547135138930818
base_fixed_USA,RUS,Q64,trust,2.7121755996547465,0.5707251998849155,True,0.2512388069110568
persona,RUS,Q64,trust,2.552971365780918,0.5176571219269726,True,0.1132611793029494
uniform,RUS,Q64,trust,2.5,0.5,True,0.144868595048282
human,RUS,Q64,trust,2.752752840255422,0.5842509467518074,True,0.0
adapter,RUS,Q69,trust,2.204416650994606,0.4014722169982019,True,0.494095032847278
adapter_persona,RUS,Q69,trust,2.225449749785121,0.4084832499283736,True,0.4062782486903944
armA,RUS,Q69,trust,2.4246125668287277,0.4748708556095759,True,0.1991429728565451
armB,RUS,Q69,trust,1.0,0.0,True,0.8190459006475574
base,RUS,Q69,trust,2.8239255680105337,0.6079751893368445,True,0.3135645351657752
base_fixed_USA,RUS,Q69,trust,2.8239255680105337,0.6079751893368445,True,0.3135645351657752
persona,RUS,Q69,trust,2.320229756299751,0.4400765854332504,True,0.3221733158251381
uniform,RUS,Q69,trust,2.5,0.5,True,0.198233153811456
human,RUS,Q69,trust,2.4565550186451026,0.4855183395483673,True,0.0
adapter,RUS,Q70,trust,2.148981514040517,0.3829938380135056,True,0.521647445734492
adapter_persona,RUS,Q70,trust,2.126697459029465,0.3755658196764883,True,0.4282327905306286
armA,RUS,Q70,trust,2.4246125668287277,0.4748708556095759,True,0.2016365825232114
armB,RUS,Q70,trust,1.0,0.0,True,0.8085735546548182
base,RUS,Q70,trust,2.7842146278064543,0.5947382092688182,True,0.3253656089252423
base_fixed_USA,RUS,Q70,trust,2.8090073137919416,0.6030024379306472,True,0.3471917442123803
persona,RUS,Q70,trust,2.2240843675537487,0.4080281225179162,True,0.36746583402665
uniform,RUS,Q70,trust,2.5,0.5,True,0.2007267634781224
human,RUS,Q70,trust,2.3959521204951253,0.4653173734983751,True,0.0
adapter,RUS,Q71,trust,2.011614493462186,0.337204831154062,True,0.7007678856154644
adapter_persona,RUS,Q71,trust,2.149115953781871,0.3830386512606236,True,0.4528147668639289
armA,RUS,Q71,trust,2.4246125668287277,0.4748708556095759,True,0.1971423226494802
armB,RUS,Q71,trust,1.0,0.0,True,0.834583848439768
base,RUS,Q71,trust,2.2989848745952024,0.4329949581984007,True,0.4117186917711306
base_fixed_USA,RUS,Q71,trust,2.298064834658579,0.4326882782195262,True,0.4112248789586298
persona,RUS,Q71,trust,2.1496409780849484,0.3832136593616494,True,0.5124664222792613
uniform,RUS,Q71,trust,2.5,0.5,True,0.1962325036043912
human,RUS,Q71,trust,2.5220338961459965,0.5073446320486655,True,0.0
adapter,RUS,Q73,trust,2.0396727773348733,0.3465575924449577,True,0.6022370575861175
adapter_persona,RUS,Q73,trust,2.1782227879932217,0.3927409293310739,True,0.3581453408223163
armA,RUS,Q73,trust,2.4246125668287277,0.4748708556095759,True,0.1952006973417091
armB,RUS,Q73,trust,1.0,0.0,True,0.7716858955540211
base,RUS,Q73,trust,2.5257526779952375,0.5085842259984124,True,0.268557391396242
base_fixed_USA,RUS,Q73,trust,2.4940816124279097,0.4980272041426365,True,0.2707953921440151
persona,RUS,Q73,trust,2.1503096563488784,0.3834365521162927,True,0.3883377372390576
uniform,RUS,Q73,trust,2.5,0.5,True,0.19429087829662
human,RUS,Q73,trust,2.2689603550597517,0.4229867850199172,True,0.0
adapter,RUS,Q81,posrecip,2.2960116536208517,0.4320038845402838,True,0.383108513970605
adapter_persona,RUS,Q81,posrecip,2.40190661609265,0.4673022053642166,True,0.2463068251506436
armA,RUS,Q81,posrecip,2.4532974660396576,0.4844324886798858,True,0.1962261603479644
armB,RUS,Q81,posrecip,1.0,0.0,True,0.8268468191951635
base,RUS,Q81,posrecip,2.9243805538575094,0.6414601846191699,True,0.4204479450882519
base_fixed_USA,RUS,Q81,posrecip,2.933953426269869,0.6446511420899563,True,0.4137209209838343
persona,RUS,Q81,posrecip,2.679889885146246,0.5599632950487484,True,0.1588740034171143
uniform,RUS,Q81,posrecip,2.5,0.5,True,0.1958771069781825
human,RUS,Q81,posrecip,2.4635273653280407,0.4878424551093469,True,0.0
adapter,RUS,Q99,altruism,0.0017786240417575,0.0008893120208787,True,0.0192861853039758
adapter_persona,RUS,Q99,altruism,0.3393242822684517,0.1696621411342258,True,0.2435754042651274
armA,RUS,Q99,altruism,0.9653795845806598,0.4826897922903299,True,0.6286292593158107
armB,RUS,Q99,altruism,0.0,0.0,True,0.0205773443107798
base,RUS,Q99,altruism,1.3267352684482283,0.6633676342241142,True,0.7458526799684873
base_fixed_USA,RUS,Q99,altruism,1.279285129900004,0.639642564950002,True,0.7293912091840163
persona,RUS,Q99,altruism,0.3771844917736599,0.1885922458868299,True,0.307967067818214
uniform,RUS,Q99,altruism,1.0,0.5,True,0.6460893223558867
human,RUS,Q99,altruism,0.0263102679301327,0.0131551339650663,True,0.0
adapter,RUS,Q101,altruism,0.0022987988838987,0.0011493994419493,True,0.0308997669300005
adapter_persona,RUS,Q101,altruism,0.3255641815436941,0.162782090771847,True,0.2293742196681207
armA,RUS,Q101,altruism,0.9653795845806598,0.4826897922903299,True,0.6164952488287933
armB,RUS,Q101,altruism,0.0,0.0,True,0.0327113547977973
base,RUS,Q101,altruism,1.22445469264022,0.61222734632011,True,0.7087735427489426
base_fixed_USA,RUS,Q101,altruism,1.2169858475220727,0.6084929237610364,True,0.7173757654880328
persona,RUS,Q101,altruism,0.5171720683429449,0.2585860341714724,True,0.3902640354232346
uniform,RUS,Q101,altruism,1.0,0.5,True,0.6339553118688694
human,RUS,Q101,altruism,0.0409576000495169,0.0204788000247584,True,0.0
adapter,RUS,Q103,altruism,0.0023284538598601,0.00116422692993,True,0.018835966095796
adapter_persona,RUS,Q103,altruism,0.2409059851899434,0.1204529925949717,True,0.170309577820408
armA,RUS,Q103,altruism,0.9653795845806598,0.4826897922903299,True,0.628751207982387
armB,RUS,Q103,altruism,0.0,0.0,True,0.0204553956442035
base,RUS,Q103,altruism,0.6444263652628954,0.3222131826314477,True,0.3697855992210731
base_fixed_USA,RUS,Q103,altruism,0.6444263652628954,0.3222131826314477,True,0.3697855992210731
persona,RUS,Q103,altruism,0.2193912250725003,0.1096956125362501,True,0.1490614387236119
uniform,RUS,Q103,altruism,1.0,0.5,True,0.6462112710224632
human,RUS,Q103,altruism,0.025702914204348,0.012851457102174,True,0.0
adapter,RUS,Q106,risktaking,5.292811671090541,0.4769790745656156,True,0.650123429135198
adapter_persona,RUS,Q106,risktaking,5.542524571847487,0.5047249524274986,True,0.3148559753580925
armA,RUS,Q106,risktaking,5.338318794965744,0.4820354216628604,True,0.232669828250403
armB,RUS,Q106,risktaking,1.0,0.0,True,0.9260959360279803
base,RUS,Q106,risktaking,5.426683234459386,0.4918536927177095,True,0.613709755444088
base_fixed_USA,RUS,Q106,risktaking,5.406422350591277,0.4896024833990307,True,0.6139903316937417
persona,RUS,Q106,risktaking,5.659304935995966,0.517700548443996,True,0.5277751253969148
uniform,RUS,Q106,risktaking,5.5,0.5,True,0.2157831047961988
human,RUS,Q106,risktaking,6.702328321152952,0.6335920356836612,True,0.0
adapter,RUS,Q107,risktaking,5.6334164246905845,0.5148240471878426,True,0.4395388693294835
adapter_persona,RUS,Q107,risktaking,5.977220520618432,0.5530245022909369,True,0.2179617528750467
armA,RUS,Q107,risktaking,5.338318794965744,0.4820354216628604,True,0.2693667959652351
armB,RUS,Q107,risktaking,1.0,0.0,True,0.9461609203772
base,RUS,Q107,risktaking,5.63169568809823,0.5146328542331366,True,0.2918653201153291
base_fixed_USA,RUS,Q107,risktaking,5.635997059821808,0.5151107844246453,True,0.2802577314490851
persona,RUS,Q107,risktaking,5.7447418762725455,0.5271935418080606,True,0.2675178134574979
uniform,RUS,Q107,risktaking,5.5,0.5,True,0.2524800725110309
human,RUS,Q107,risktaking,6.437531028998387,0.604170114333154,True,0.0
adapter,RUS,Q109,risktaking,5.158290708598984,0.4620323009554426,True,0.6185863917651993
adapter_persona,RUS,Q109,risktaking,4.7602405499895495,0.4178045055543944,True,0.2980226073382747
armA,RUS,Q109,risktaking,5.338318794965744,0.4820354216628604,True,0.1899692009651161
armB,RUS,Q109,risktaking,1.0,0.0,True,0.8137845694755143
base,RUS,Q109,risktaking,5.180159569290599,0.4644621743656221,True,0.5060330050784341
base_fixed_USA,RUS,Q109,risktaking,5.201832154179065,0.4668702393532294,True,0.5029248430350846
persona,RUS,Q109,risktaking,5.2495503794182605,0.4721722643798067,True,0.364442729978393
uniform,RUS,Q109,risktaking,5.5,0.5,True,0.2063949894819074
human,RUS,Q109,risktaking,4.386285569155583,0.3762539521283981,True,0.0
adapter,RUS,Q174,posrecip,0.0124316508531858,0.0124316508531858,True,0.1980048152167209
adapter_persona,RUS,Q174,posrecip,0.114368520144555,0.114368520144555,True,0.0960679459253517
armA,RUS,Q174,posrecip,0.4532974660396575,0.4532974660396575,True,0.2428609999697508
armB,RUS,Q174,posrecip,0.0,0.0,True,0.2104364660699067
base,RUS,Q174,posrecip,0.0071214287457351,0.0071214287457351,True,0.2033150373241716
base_fixed_USA,RUS,Q174,posrecip,0.0062899021368924,0.0062899021368924,True,0.2041465639330143
persona,RUS,Q174,posrecip,0.0953494648991095,0.0953494648991095,True,0.1150870011707972
uniform,RUS,Q174,posrecip,0.5,0.5,True,0.2895635339300932
human,RUS,Q174,posrecip,0.2104364660699067,0.2104364660699067,True,0.0
adapter,RUS,Q176,negrecip,5.5022947531756765,0.5002549725750751,True,0.512569662812765
adapter_persona,RUS,Q176,negrecip,4.654321493163437,0.406035721462604,True,0.2466877052837165
armA,RUS,Q176,negrecip,5.422264359891415,0.4913627066546016,True,0.186403031320166
armB,RUS,Q176,negrecip,1.0,0.0,True,0.8996360132888382
base,RUS,Q176,negrecip,5.524847076824676,0.5027607863138529,True,0.4247529222432577
base_fixed_USA,RUS,Q176,negrecip,5.5807928879954485,0.5089769875550498,True,0.418596273336007
persona,RUS,Q176,negrecip,5.4755942704296885,0.4972882522699653,True,0.2472056720517723
uniform,RUS,Q176,negrecip,5.5,0.5,True,0.1787048208140648
human,RUS,Q176,negrecip,5.745162402330732,0.5272402669256367,True,0.0
adapter,RUS,Q177,negrecip,9.871880478309013,0.9857644975898902,True,0.6245334828208828
adapter_persona,RUS,Q177,negrecip,9.076098416884024,0.8973442685426694,True,0.4368932684936288
armA,RUS,Q177,negrecip,5.422264359891415,0.4913627066546016,True,0.2745939950004073
armB,RUS,Q177,negrecip,1.0,0.0,True,0.9288821814770452
base,RUS,Q177,negrecip,9.271488888660347,0.9190543209622608,True,0.4897319905512734
base_fixed_USA,RUS,Q177,negrecip,9.274825983144984,0.9194251092383317,True,0.4925890027447248
persona,RUS,Q177,negrecip,8.060277648278895,0.7844752942532105,True,0.2974246884695818
uniform,RUS,Q177,negrecip,5.5,0.5,True,0.2675360410564356
human,RUS,Q177,negrecip,7.1280080316127385,0.6808897812903043,True,0.0
adapter,RUS,Q178,risktaking,5.518847055462947,0.5020941172736608,True,0.5517822667976252
adapter_persona,RUS,Q178,risktaking,4.265366172791125,0.3628184636434583,True,0.267735141286329
armA,RUS,Q178,risktaking,5.338318794965744,0.4820354216628604,True,0.178575308617487
armB,RUS,Q178,risktaking,1.0,0.0,True,0.7763139606055727
base,RUS,Q178,risktaking,6.047289927488828,0.5608099919432031,True,0.4392692444773082
base_fixed_USA,RUS,Q178,risktaking,5.9162516417148865,0.5462501824127651,True,0.4234841613604648
persona,RUS,Q178,risktaking,5.750689203621809,0.5278543559579786,True,0.3998802889411508
uniform,RUS,Q178,risktaking,5.5,0.5,True,0.179861739361628
human,RUS,Q178,risktaking,4.899541008497662,0.433282334277518,True,0.0
adapter,RUS,Q179,negrecip,9.87095106397378,0.9856612293304198,True,0.3524829712376513
adapter_persona,RUS,Q179,negrecip,9.243927913343741,0.9159919903715265,True,0.210247373244079
armA,RUS,Q179,negrecip,5.422264359891415,0.4913627066546016,True,0.5305582515187806
armB,RUS,Q179,negrecip,1.0,0.0,True,0.989348716907721
base,RUS,Q179,negrecip,9.469429135976391,0.9410476817751544,True,0.2700683252416862
base_fixed_USA,RUS,Q179,negrecip,9.45109123453836,0.9390101371709288,True,0.2651420137359488
persona,RUS,Q179,negrecip,9.388915212134991,0.9321016902372214,True,0.3077702426124603
uniform,RUS,Q179,negrecip,5.5,0.5,True,0.523091048283688
human,RUS,Q179,negrecip,8.738828329055686,0.8598698143395205,True,0.0
adapter,RUS,Q195,negrecip,5.221957608515087,0.4691064009461207,True,0.5895165716888123
adapter_persona,RUS,Q195,negrecip,3.2572441432796766,0.2508049048088529,True,0.2192651684829859
armA,RUS,Q195,negrecip,5.422264359891415,0.4913627066546016,True,0.2522979744586771
armB,RUS,Q195,negrecip,1.0,0.0,True,0.7153090208108653
base,RUS,Q195,negrecip,5.6019156309017575,0.5113239589890841,True,0.5481576532663026
base_fixed_USA,RUS,Q195,negrecip,5.519558184651138,0.5021731316279042,True,0.5408091175866766
persona,RUS,Q195,negrecip,5.579745284773059,0.5088605871970066,True,0.4235289725205297
uniform,RUS,Q195,negrecip,5.5,0.5,True,0.2528400362287737
human,RUS,Q195,negrecip,4.57518377759498,0.3972426419549978,True,0.0
adapter,TUR,Q43,patience,1.833001380629231,0.4165006903146153,True,0.4988428862684393
adapter_persona,TUR,Q43,patience,1.7409339614154216,0.3704669807077107,True,0.1666806276138374
armA,TUR,Q43,patience,1.976300550624728,0.4881502753123641,True,0.07340342888335
armB,TUR,Q43,patience,1.0,0.0,True,0.6021052631578947
base,TUR,Q43,patience,1.9720544194523648,0.4860272097261823,True,0.6500022257478762
base_fixed_USA,TUR,Q43,patience,1.9654621002804156,0.4827310501402077,True,0.6438321624853431
persona,TUR,Q43,patience,2.0588589829584296,0.5294294914792148,True,0.4998899954882535
uniform,TUR,Q43,patience,2.0,0.5,True,0.0735438596491228
human,TUR,Q43,patience,1.944421052631579,0.4722105263157895,True,0.0
adapter,TUR,Q50,patience,6.598766004468215,0.6220851116075794,True,0.486686862273246
adapter_persona,TUR,Q50,patience,6.3530063767098435,0.5947784863010936,True,0.1576420723246956
armA,TUR,Q50,patience,5.476300550624728,0.497366727847192,True,0.3351042347254754
armB,TUR,Q50,patience,1.0,0.0,True,0.9683728672492716
base,TUR,Q50,patience,6.320539056170877,0.5911710062412086,True,0.5020178502022659
base_fixed_USA,TUR,Q50,patience,6.30707452764251,0.5896749475158344,True,0.4987862811609844
persona,TUR,Q50,patience,6.086979702068719,0.5652199668965243,True,0.4173354500319989
uniform,TUR,Q50,patience,5.5,0.5,True,0.3343736995422388
human,TUR,Q50,patience,5.885975863503953,0.5428862070559947,True,0.0
adapter,TUR,Q57,trust,0.5774953651858117,0.5774953651858117,True,0.4348793314305375
adapter_persona,TUR,Q57,trust,0.1208532229911834,0.1208532229911834,True,0.0217628107640908
armA,TUR,Q57,trust,0.5645551234483718,0.5645551234483718,True,0.4219390896930975
armB,TUR,Q57,trust,1.0,1.0,True,0.8573839662447257
base,TUR,Q57,trust,0.2658804730998169,0.2658804730998169,True,0.1232644393445426
base_fixed_USA,TUR,Q57,trust,0.2450850131323716,0.2450850131323716,True,0.1024689793770974
persona,TUR,Q57,trust,0.0373268873441294,0.0373268873441294,True,0.1052891464111448
uniform,TUR,Q57,trust,0.5,0.5,True,0.3573839662447257
human,TUR,Q57,trust,0.1426160337552742,0.1426160337552742,True,0.0
adapter,TUR,Q58,trust,3.533210008093616,0.8444033360312053,True,0.3020843719579888
adapter_persona,TUR,Q58,trust,3.4123416808227236,0.8041138936075745,True,0.3393350852025587
armA,TUR,Q58,trust,2.564555123448372,0.5215183744827905,True,0.5570698705458352
armB,TUR,Q58,trust,4.0,1.0,True,0.1732283464566929
base,TUR,Q58,trust,3.482411720794727,0.8274705735982422,True,0.3618514472927438
base_fixed_USA,TUR,Q58,trust,3.4583392679043596,0.8194464226347865,True,0.3848715390084678
persona,TUR,Q58,trust,3.7508885567002346,0.9169628522334116,True,0.1016218712838762
uniform,TUR,Q58,trust,2.5,0.5,True,0.576771653543307
human,TUR,Q58,trust,3.793203481143805,0.9310678270479348,True,0.0
adapter,TUR,Q59,trust,2.998226134371022,0.666075378123674,True,0.2354912556153799
adapter_persona,TUR,Q59,trust,3.0655288454847613,0.6885096151615872,True,0.0843763954505959
armA,TUR,Q59,trust,2.564555123448372,0.5215183744827905,True,0.3647303564319357
armB,TUR,Q59,trust,4.0,1.0,True,0.8002491694352158
base,TUR,Q59,trust,2.983270326511022,0.6610901088370073,True,0.2821401364741382
base_fixed_USA,TUR,Q59,trust,2.983595522284181,0.6611985074280603,True,0.2856381091919824
persona,TUR,Q59,trust,3.0809640146177166,0.6936546715392388,True,0.1840901657224766
uniform,TUR,Q59,trust,2.5,0.5,True,0.3708471760797341
human,TUR,Q59,trust,2.9858803986710964,0.6619601328903654,True,0.0
adapter,TUR,Q60,trust,3.3110173299740957,0.7703391099913652,True,0.284739114480431
adapter_persona,TUR,Q60,trust,3.179515671438931,0.7265052238129771,True,0.1956622828136828
armA,TUR,Q60,trust,2.564555123448372,0.5215183744827905,True,0.3113385560267552
armB,TUR,Q60,trust,4.0,1.0,True,0.8567870485678705
base,TUR,Q60,trust,3.1813854330712408,0.7271284776904136,True,0.2827192885128496
base_fixed_USA,TUR,Q60,trust,3.193949561570251,0.731316520523417,True,0.2830098988895144
persona,TUR,Q60,trust,3.104026117269874,0.7013420390899578,True,0.2527449670034647
uniform,TUR,Q60,trust,2.5,0.5,True,0.3174553756745537
human,TUR,Q60,trust,2.775425487754255,0.591808495918085,True,0.0
adapter,TUR,Q61,trust,2.9316065317674216,0.6438688439224739,True,0.6692473665338273
adapter_persona,TUR,Q61,trust,2.905512001860571,0.635170667286857,True,0.5684507734240951
armA,TUR,Q61,trust,2.564555123448372,0.5215183744827905,True,0.2737421906851374
armB,TUR,Q61,trust,4.0,1.0,True,0.9676079734219268
base,TUR,Q61,trust,2.8851287746917778,0.6283762582305926,True,0.6533340939596588
base_fixed_USA,TUR,Q61,trust,2.8862271848811716,0.6287423949603905,True,0.6553720740950953
persona,TUR,Q61,trust,2.5283409361070808,0.5094469787023602,True,0.2993191937200147
uniform,TUR,Q61,trust,2.5,0.5,True,0.247923588039867
human,TUR,Q61,trust,1.9987541528239203,0.3329180509413067,True,0.0
adapter,TUR,Q62,trust,2.994474683470202,0.6648248944900673,True,0.6160261075171429
adapter_persona,TUR,Q62,trust,2.8870045431799514,0.629001514393317,True,0.4891348439174718
armA,TUR,Q62,trust,2.564555123448372,0.5215183744827905,True,0.2466575089976507
armB,TUR,Q62,trust,4.0,1.0,True,0.966623320329432
base,TUR,Q62,trust,2.98288485336476,0.6609616177882534,True,0.641021236183488
base_fixed_USA,TUR,Q62,trust,2.9830138094600915,0.6610046031533638,True,0.6471030488970051
persona,TUR,Q62,trust,2.894101351311834,0.6313671171039446,True,0.5206338121431627
uniform,TUR,Q62,trust,2.5,0.5,True,0.2459904638058084
human,TUR,Q62,trust,2.155613350671868,0.385204450223956,True,0.0
adapter,TUR,Q63,trust,3.008043082400244,0.6693476941334146,True,0.6340573824362566
adapter_persona,TUR,Q63,trust,2.9512774276352083,0.650425809211736,True,0.5389097800075378
armA,TUR,Q63,trust,2.564555123448372,0.5215183744827905,True,0.2464662696640525
armB,TUR,Q63,trust,4.0,1.0,True,0.9694097371822488
base,TUR,Q63,trust,2.97812013208892,0.6593733773629733,True,0.6345941581773396
base_fixed_USA,TUR,Q63,trust,2.970856574783297,0.6569521915944323,True,0.6299823816891014
persona,TUR,Q63,trust,2.8666574126093387,0.6222191375364462,True,0.510267307194611
uniform,TUR,Q63,trust,2.5,0.5,True,0.2457992244722102
human,TUR,Q63,trust,2.130116329168462,0.376705443056154,True,0.0
adapter,TUR,Q64,trust,2.8935478734384525,0.6311826244794841,True,0.0629789486631384
adapter_persona,TUR,Q64,trust,3.229019405893512,0.7430064686311705,True,0.2803592616299045
armA,TUR,Q64,trust,2.564555123448372,0.5215183744827905,True,0.2377881824539249
armB,TUR,Q64,trust,4.0,1.0,True,0.7788986969314837
base,TUR,Q64,trust,2.7263790113469155,0.5754596704489718,True,0.1482457678828947
base_fixed_USA,TUR,Q64,trust,2.7121755996547465,0.5707251998849155,True,0.1461515634279649
persona,TUR,Q64,trust,2.554549562642387,0.5181831875474624,True,0.268715178447347
uniform,TUR,Q64,trust,2.5,0.5,True,0.2439050021017233
human,TUR,Q64,trust,2.871374527112232,0.6237915090374107,True,0.0
adapter,TUR,Q69,trust,2.923897070164025,0.6412990233880083,True,0.3015190876632135
adapter_persona,TUR,Q69,trust,2.847825659306288,0.6159418864354294,True,0.2149750234723056
armA,TUR,Q69,trust,2.564555123448372,0.5215183744827905,True,0.316901464104834
armB,TUR,Q69,trust,4.0,1.0,True,0.6161869002920317
base,TUR,Q69,trust,2.8205259386540593,0.6068419795513531,True,0.3588744923154657
base_fixed_USA,TUR,Q69,trust,2.8239255680105337,0.6079751893368445,True,0.3653041698263657
persona,TUR,Q69,trust,2.490411283519852,0.496803761173284,True,0.3821303741094175
uniform,TUR,Q69,trust,2.5,0.5,True,0.3427200667501043
human,TUR,Q69,trust,3.184814351272424,0.7282714504241413,True,0.0
adapter,TUR,Q70,trust,2.901499541224355,0.6338331804081183,True,0.2209636947030812
adapter_persona,TUR,Q70,trust,2.762922376216749,0.5876407920722496,True,0.1281885350392108
armA,TUR,Q70,trust,2.564555123448372,0.5215183744827905,True,0.2355079709719669
armB,TUR,Q70,trust,4.0,1.0,True,0.7462311557788945
base,TUR,Q70,trust,2.786641551714169,0.5955471839047229,True,0.2767341683415273
base_fixed_USA,TUR,Q70,trust,2.8090073137919416,0.6030024379306472,True,0.2776387154954785
persona,TUR,Q70,trust,2.3015162197699546,0.4338387399233181,True,0.4484820379798718
uniform,TUR,Q70,trust,2.5,0.5,True,0.245393634840871
human,TUR,Q70,trust,2.9275544388609713,0.6425181462869904,True,0.0
adapter,TUR,Q71,trust,2.434619050980645,0.4782063503268816,True,0.3461032007494148
adapter_persona,TUR,Q71,trust,2.7668557872066826,0.5889519290688942,True,0.1213092114288836
armA,TUR,Q71,trust,2.564555123448372,0.5215183744827905,True,0.1988495103185314
armB,TUR,Q71,trust,4.0,1.0,True,0.755892255892256
base,TUR,Q71,trust,2.293115425083739,0.431038475027913,True,0.481821773272724
base_fixed_USA,TUR,Q71,trust,2.298064834658579,0.4326882782195262,True,0.4753295531470747
persona,TUR,Q71,trust,2.2262554165975468,0.4087518055325156,True,0.5238633393283074
uniform,TUR,Q71,trust,2.5,0.5,True,0.2049663299663299
human,TUR,Q71,trust,2.863636363636364,0.6212121212121212,True,0.0
adapter,TUR,Q73,trust,2.700515980848076,0.5668386602826919,True,0.1421873122375941
adapter_persona,TUR,Q73,trust,2.8376427333757577,0.6125475777919192,True,0.0807197301272252
armA,TUR,Q73,trust,2.564555123448372,0.5215183744827905,True,0.2732394472361353
armB,TUR,Q73,trust,4.0,1.0,True,0.8739352640545143
base,TUR,Q73,trust,2.5145573184215806,0.50485243947386,True,0.2028954342375043
base_fixed_USA,TUR,Q73,trust,2.4940816124279097,0.4980272041426365,True,0.2222029070439355
persona,TUR,Q73,trust,2.240696896002998,0.4135656320009991,True,0.4119730338386845
uniform,TUR,Q73,trust,2.5,0.5,True,0.272572402044293
human,TUR,Q73,trust,2.6328790459965927,0.5442930153321975,True,0.0
adapter,TUR,Q81,posrecip,3.028380909617054,0.6761269698723513,True,0.3003274438201777
adapter_persona,TUR,Q81,posrecip,3.0989390412136437,0.6996463470712145,True,0.2208409081056756
armA,TUR,Q81,posrecip,2.2784100919961925,0.4261366973320641,True,0.2556534359644624
armB,TUR,Q81,posrecip,1.0,0.0,True,0.8690783807062876
base,TUR,Q81,posrecip,2.9379301600301284,0.6459767200100428,True,0.3214401372748403
base_fixed_USA,TUR,Q81,posrecip,2.933953426269869,0.6446511420899563,True,0.308703214086711
persona,TUR,Q81,posrecip,2.7818413209336,0.5939471069778666,True,0.112306464796023
uniform,TUR,Q81,posrecip,2.5,0.5,True,0.2441860465116279
human,TUR,Q81,posrecip,2.598621877691645,0.5328739592305483,True,0.0
adapter,TUR,Q99,altruism,1.6457007970201056,0.8228503985100528,True,0.8177640700815354
adapter_persona,TUR,Q99,altruism,1.2905173028793882,0.645258651439694,True,0.8022216577374792
armA,TUR,Q99,altruism,0.8605127334594725,0.4302563667297362,True,0.5430269260564754
armB,TUR,Q99,altruism,0.0,0.0,True,0.051455082243779
base,TUR,Q99,altruism,1.3304804228972185,0.6652402114486092,True,0.7185098057062074
base_fixed_USA,TUR,Q99,altruism,1.279285129900004,0.639642564950002,True,0.6985134712510171
persona,TUR,Q99,altruism,0.3462303640730631,0.1731151820365315,True,0.2501269125267062
uniform,TUR,Q99,altruism,1.0,0.5,True,0.6152115844228875
human,TUR,Q99,altruism,0.0590468156895824,0.0295234078447912,True,0.0
adapter,TUR,Q101,altruism,1.5321423596087405,0.7660711798043702,True,0.7816528494929639
adapter_persona,TUR,Q101,altruism,1.4014569962697432,0.7007284981348715,True,0.8391709312167118
armA,TUR,Q101,altruism,0.8605127334594725,0.4302563667297362,True,0.532087404590305
armB,TUR,Q101,altruism,0.0,0.0,True,0.0623946037099494
base,TUR,Q101,altruism,1.2246439946807794,0.6123219973403897,True,0.687352120620857
base_fixed_USA,TUR,Q101,altruism,1.2169858475220727,0.6084929237610364,True,0.6876925165758807
persona,TUR,Q101,altruism,0.6940182020127128,0.3470091010063564,True,0.48453229955358
uniform,TUR,Q101,altruism,1.0,0.5,True,0.6042720629567173
human,TUR,Q101,altruism,0.0746205733558178,0.0373102866779089,True,0.0
adapter,TUR,Q103,altruism,0.971366197397443,0.4856830986987215,True,0.4953391467175614
adapter_persona,TUR,Q103,altruism,1.3235484825117971,0.6617742412558985,True,0.8193925437826804
armA,TUR,Q103,altruism,0.8605127334594725,0.4302563667297362,True,0.5624280226401954
armB,TUR,Q103,altruism,0.0,0.0,True,0.032053985660059
base,TUR,Q103,altruism,0.6582513336435947,0.3291256668217973,True,0.3682873855103679
base_fixed_USA,TUR,Q103,altruism,0.6444263652628954,0.3222131826314477,True,0.3581870092052176
persona,TUR,Q103,altruism,0.2202479879332149,0.1101239939666074,True,0.1312565711074764
uniform,TUR,Q103,altruism,1.0,0.5,True,0.6346126810066076
human,TUR,Q103,altruism,0.0345845634753268,0.0172922817376634,True,0.0
adapter,TUR,Q106,risktaking,5.407464579424484,0.4897182866027204,True,0.5468530010470615
adapter_persona,TUR,Q106,risktaking,5.180266601565978,0.4644740668406642,True,0.3590127256980048
armA,TUR,Q106,risktaking,5.511713610962033,0.5013015123291148,True,0.1344094069091309
armB,TUR,Q106,risktaking,10.0,1.0,True,0.9318374259102457
base,TUR,Q106,risktaking,5.395345126237988,0.4883716806931097,True,0.5486501909249379
base_fixed_USA,TUR,Q106,risktaking,5.406422350591277,0.4896024833990307,True,0.5465838179220343
persona,TUR,Q106,risktaking,5.37225367786374,0.4858059642070822,True,0.4815870986263459
uniform,TUR,Q106,risktaking,5.5,0.5,True,0.1341236240474174
human,TUR,Q106,risktaking,5.213378492802709,0.4681531658669677,True,0.0
adapter,TUR,Q107,risktaking,5.630058836587512,0.5144509818430569,True,0.2846397000289648
adapter_persona,TUR,Q107,risktaking,4.675144423457496,0.4083493803841662,True,0.3005334998590328
armA,TUR,Q107,risktaking,5.511713610962033,0.5013015123291148,True,0.2087550458376643
armB,TUR,Q107,risktaking,10.0,1.0,True,0.9011324041811846
base,TUR,Q107,risktaking,5.62015499062462,0.5133505545138467,True,0.2672399111244322
base_fixed_USA,TUR,Q107,risktaking,5.635997059821808,0.5151107844246453,True,0.2613335133860667
persona,TUR,Q107,risktaking,4.806313319823202,0.422923702202578,True,0.2730271400000842
uniform,TUR,Q107,risktaking,5.5,0.5,True,0.2093205574912891
human,TUR,Q107,risktaking,6.098867595818815,0.5665408439798683,True,0.0
adapter,TUR,Q109,risktaking,5.155673832421386,0.4617415369357095,True,0.4982118099659341
adapter_persona,TUR,Q109,risktaking,4.820571180608614,0.4245079089565126,True,0.3380099452135754
armA,TUR,Q109,risktaking,5.511713610962033,0.5013015123291148,True,0.2009956966739967
armB,TUR,Q109,risktaking,10.0,1.0,True,0.9559748427672956
base,TUR,Q109,risktaking,5.186928228420911,0.4652142476023233,True,0.4900642678274109
base_fixed_USA,TUR,Q109,risktaking,5.201832154179065,0.4668702393532294,True,0.4909325036386601
persona,TUR,Q109,risktaking,4.909109980774744,0.434345553419416,True,0.3687235360639785
uniform,TUR,Q109,risktaking,5.5,0.5,True,0.1999999999999999
human,TUR,Q109,risktaking,4.652830188679245,0.4058700209643605,True,0.0
adapter,TUR,Q174,posrecip,0.0510827369570524,0.0510827369570524,True,0.4975822070567288
adapter_persona,TUR,Q174,posrecip,0.3665897432423095,0.3665897432423095,True,0.1820752007714716
armA,TUR,Q174,posrecip,0.2784100919961929,0.2784100919961929,True,0.2702548520175882
armB,TUR,Q174,posrecip,0.0,0.0,True,0.5486649440137811
base,TUR,Q174,posrecip,0.0068504800266449,0.0068504800266449,True,0.5418144639871362
base_fixed_USA,TUR,Q174,posrecip,0.0062899021368924,0.0062899021368924,True,0.5423750418768889
persona,TUR,Q174,posrecip,0.1480471980316895,0.1480471980316895,True,0.4006177459820917
uniform,TUR,Q174,posrecip,0.5,0.5,True,0.0486649440137812
human,TUR,Q174,posrecip,0.5486649440137811,0.5486649440137811,True,0.0
adapter,TUR,Q176,negrecip,5.587637534520987,0.5097375038356653,True,0.4350804537740019
adapter_persona,TUR,Q176,negrecip,5.603357293966935,0.5114841437741038,True,0.1102071350687645
armA,TUR,Q176,negrecip,5.758377522230148,0.5287086135811276,True,0.1950364429112896
armB,TUR,Q176,negrecip,10.0,1.0,True,0.9351771823681936
base,TUR,Q176,negrecip,5.593611330374734,0.510401258930526,True,0.4104787127201939
base_fixed_USA,TUR,Q176,negrecip,5.5807928879954485,0.5089769875550498,True,0.406086176858498
persona,TUR,Q176,negrecip,5.418563576853907,0.4909515085393229,True,0.2590396171494928
uniform,TUR,Q176,negrecip,5.5,0.5,True,0.2013828867761452
human,TUR,Q176,negrecip,5.7009507346585995,0.522327859406511,True,0.0
adapter,TUR,Q177,negrecip,9.14988237072136,0.9055424856357066,True,0.1100505432618873
adapter_persona,TUR,Q177,negrecip,6.224385189582559,0.580487243286951,True,0.6121600939174476
armA,TUR,Q177,negrecip,5.758377522230147,0.5287086135811275,True,0.6266478633042074
armB,TUR,Q177,negrecip,10.0,1.0,True,0.2586566541510221
base,TUR,Q177,negrecip,9.051640745751987,0.8946267495279988,True,0.0805124634842376
base_fixed_USA,TUR,Q177,negrecip,9.274825983144984,0.9194251092383317,True,0.1046529693928258
persona,TUR,Q177,negrecip,8.916235545771636,0.8795817273079595,True,0.0665313457496389
uniform,TUR,Q177,negrecip,5.5,0.5,True,0.641343345848978
human,TUR,Q177,negrecip,9.10805173133083,0.9008946368145369,True,0.0
adapter,TUR,Q178,risktaking,5.996113484428452,0.5551237204920502,True,0.8031073677022861
adapter_persona,TUR,Q178,risktaking,5.521192767095014,0.502354751899446,True,0.6890933345167557
armA,TUR,Q178,risktaking,5.511713610962033,0.5013015123291148,True,0.5899174478735861
armB,TUR,Q178,risktaking,10.0,1.0,True,0.98785594639866
base,TUR,Q178,risktaking,5.994390533571281,0.55493228150792,True,0.7617999269898387
base_fixed_USA,TUR,Q178,risktaking,5.9162516417148865,0.5462501824127651,True,0.759347628658044
persona,TUR,Q178,risktaking,5.785117410120051,0.5316797122355612,True,0.7596528442643609
uniform,TUR,Q178,risktaking,5.5,0.5,True,0.5892797319932997
human,TUR,Q178,risktaking,2.0967336683417086,0.121859296482412,True,0.0
adapter,TUR,Q179,negrecip,6.918320760939778,0.6575911956599753,True,0.6251282120196887
adapter_persona,TUR,Q179,negrecip,7.483940926859563,0.7204378807621736,True,0.4311977875459119
armA,TUR,Q179,negrecip,5.758377522230147,0.5287086135811275,True,0.7056040182871763
armB,TUR,Q179,negrecip,10.0,1.0,True,0.1797004991680532
base,TUR,Q179,negrecip,9.39650258583904,0.9329447317598932,True,0.0781466005110764
base_fixed_USA,TUR,Q179,negrecip,9.45109123453836,0.9390101371709288,True,0.0838847869787848
persona,TUR,Q179,negrecip,9.541352547570645,0.9490391719522938,True,0.1336304296486266
uniform,TUR,Q179,negrecip,5.5,0.5,True,0.7202995008319469
human,TUR,Q179,negrecip,9.389351081530782,0.9321501201700868,True,0.0
adapter,TUR,Q195,negrecip,5.757291460585445,0.5285879400650493,True,0.6939464676183351
adapter_persona,TUR,Q195,negrecip,4.781995313492617,0.4202217014991796,True,0.4226018079573071
armA,TUR,Q195,negrecip,5.758377522230148,0.5287086135811276,True,0.4266860931062958
armB,TUR,Q195,negrecip,10.0,1.0,True,0.9418011894647408
base,TUR,Q195,negrecip,5.546101463438793,0.5051223848265326,True,0.6679944850143801
base_fixed_USA,TUR,Q195,negrecip,5.519558184651138,0.5021731316279042,True,0.6690523141006008
persona,TUR,Q195,negrecip,5.239845895272431,0.4710939883636034,True,0.525122402569699
uniform,TUR,Q195,negrecip,5.5,0.5,True,0.4131690739167375
human,TUR,Q195,negrecip,3.293967714528462,0.2548853016142735,True,0.0
adapter,USA,Q43,patience,1.9840973339848011,0.496541442881616,True,0.5819578300401691
adapter_persona,USA,Q43,patience,1.0180254203138082,0.009012710156904,True,0.6892640857628364
armA,USA,Q43,patience,2.405631065368652,0.702815532684326,True,0.2522553461082583
armB,USA,Q43,patience,3.0,1.0,True,0.6948624464965691
base,USA,Q43,patience,1.9654621002804156,0.4827310501402077,True,0.5014894669491566
base_fixed_USA,USA,Q43,patience,1.9654621002804156,0.4827310501402077,True,0.5014894669491566
persona,USA,Q43,patience,1.9594622471361045,0.4797311235680522,True,0.4993724414648793
uniform,USA,Q43,patience,2.0,0.5,True,0.0687988358870637
human,USA,Q43,patience,2.012407276227259,0.5062036381136295,True,0.0
adapter,USA,Q50,patience,6.974743121828879,0.6019534887330366,True,0.8251793633410451
adapter_persona,USA,Q50,patience,7.426091900741177,0.714010211193464,True,0.5804288747380681
armA,USA,Q50,patience,5.9056310653686515,0.5450701183742946,True,0.175451344254605
armB,USA,Q50,patience,10.0,1.0,True,0.9262990134168804
base,USA,Q50,patience,6.30707452764251,0.5896749475158344,True,0.633836809579441
base_fixed_USA,USA,Q50,patience,6.30707452764251,0.5896749475158344,True,0.633836809579441
persona,USA,Q50,patience,5.998937315104373,0.5554374794560413,True,0.5898927701122839
uniform,USA,Q50,patience,5.5,0.5,True,0.1950265685775866
human,USA,Q50,patience,6.212131155100781,0.5791256839000867,True,0.0
adapter,USA,Q57,trust,0.9999999895325984,0.6224593312018545,True,0.6281790863242553
adapter_persona,USA,Q57,trust,0.8991213691605412,0.8991213691605412,True,0.5273004659521981
armA,USA,Q57,trust,0.575183480978012,0.575183480978012,True,0.2033625777696692
armB,USA,Q57,trust,1.0,1.0,True,0.6281790967916571
base,USA,Q57,trust,0.2450850131323716,0.2450850131323716,True,0.1267358900759711
base_fixed_USA,USA,Q57,trust,0.2450850131323716,0.2450850131323716,True,0.1267358900759711
persona,USA,Q57,trust,0.1066905939456511,0.1066905939456511,True,0.2651303092626917
uniform,USA,Q57,trust,0.5,0.5,True,0.1281790967916571
human,USA,Q57,trust,0.3718209032083428,0.3718209032083428,True,0.0
adapter,USA,Q58,trust,3.9999989273150907,0.6999553756025148,True,0.4057087510565059
adapter_persona,USA,Q58,trust,3.9457777848732274,0.9819259282910758,True,0.3515013391247738
armA,USA,Q58,trust,2.575183480978011,0.5250611603260037,True,0.414008740769478
armB,USA,Q58,trust,4.0,1.0,True,0.4057098209551295
base,USA,Q58,trust,3.4583392679043596,0.8194464226347865,True,0.1780605806283707
base_fixed_USA,USA,Q58,trust,3.4583392679043596,0.8194464226347865,True,0.1780605806283707
persona,USA,Q58,trust,3.4050897802843556,0.8016965934281185,True,0.2420090234465363
uniform,USA,Q58,trust,2.5,0.5,True,0.4440766865339604
human,USA,Q58,trust,3.5281046824281432,0.842701560809381,True,0.0
adapter,USA,Q59,trust,3.3208206213474933,0.6583701870238907,True,0.2828856744285781
adapter_persona,USA,Q59,trust,3.0899736996599954,0.6966578998866652,True,0.2959188353205498
armA,USA,Q59,trust,2.575183480978011,0.5250611603260037,True,0.3568373553077114
armB,USA,Q59,trust,4.0,1.0,True,0.8967812653146948
base,USA,Q59,trust,2.983595522284181,0.6611985074280603,True,0.2925902019097274
base_fixed_USA,USA,Q59,trust,2.983595522284181,0.6611985074280603,True,0.2925902019097274
persona,USA,Q59,trust,2.933767368431676,0.6445891228105585,True,0.2961654665286417
uniform,USA,Q59,trust,2.5,0.5,True,0.3638950833619892
human,USA,Q59,trust,2.7643884202751203,0.58812947342504,True,0.0
adapter,USA,Q60,trust,3.998299261469408,0.679479743300118,True,0.6946635153444495
adapter_persona,USA,Q60,trust,3.7518724831459727,0.9172908277153242,True,0.4483221576912606
armA,USA,Q60,trust,2.575183480978011,0.5250611603260037,True,0.3727873865691159
armB,USA,Q60,trust,4.0,1.0,True,0.6963642455140914
base,USA,Q60,trust,3.193949561570251,0.731316520523417,True,0.1939212434702382
base_fixed_USA,USA,Q60,trust,3.193949561570251,0.731316520523417,True,0.1939212434702382
persona,USA,Q60,trust,3.1438392494873115,0.7146130831624372,True,0.2496882970870579
uniform,USA,Q60,trust,2.5,0.5,True,0.4028553323335983
human,USA,Q60,trust,3.1917932161512934,0.7305977387170977,True,0.0
adapter,USA,Q61,trust,3.00315963679605,0.654507998823957,True,0.6111821458351484
adapter_persona,USA,Q61,trust,3.0633513839826407,0.6877837946608802,True,0.6000972848376667
armA,USA,Q61,trust,2.575183480978011,0.5250611603260037,True,0.3114937031318362
armB,USA,Q61,trust,4.0,1.0,True,0.9886758521293046
base,USA,Q61,trust,2.8862271848811716,0.6287423949603905,True,0.4894242323110166
base_fixed_USA,USA,Q61,trust,2.8862271848811716,0.6287423949603905,True,0.4894242323110166
persona,USA,Q61,trust,2.870867705402567,0.6236225684675224,True,0.4768774969890547
uniform,USA,Q61,trust,2.5,0.5,True,0.3105888029249559
human,USA,Q61,trust,2.230193473703181,0.4100644912343935,True,0.0
adapter,USA,Q62,trust,3.5312084615590806,0.6623732439581312,True,0.4490205944851211
adapter_persona,USA,Q62,trust,3.191775333596082,0.7305917778653606,True,0.2506106332663117
armA,USA,Q62,trust,2.575183480978011,0.5250611603260037,True,0.4100213719833951
armB,USA,Q62,trust,4.0,1.0,True,0.917811531497649
base,USA,Q62,trust,2.9830138094600915,0.6610046031533638,True,0.2895167967136884
base_fixed_USA,USA,Q62,trust,2.9830138094600915,0.6610046031533638,True,0.2895167967136884
persona,USA,Q62,trust,2.987416274150642,0.6624720913835471,True,0.290647451106576
uniform,USA,Q62,trust,2.5,0.5,True,0.4170791000376729
human,USA,Q62,trust,2.7865463597163345,0.5955154532387781,True,0.0
adapter,USA,Q63,trust,3.348644447183319,0.6618164136612659,True,0.2662870895291006
adapter_persona,USA,Q63,trust,3.130891336912663,0.7102971123042211,True,0.2589058024665378
armA,USA,Q63,trust,2.575183480978011,0.5250611603260037,True,0.401450876376159
armB,USA,Q63,trust,4.0,1.0,True,0.917642127301368
base,USA,Q63,trust,2.970856574783297,0.6569521915944323,True,0.2640200935016632
base_fixed_USA,USA,Q63,trust,2.970856574783297,0.6569521915944323,True,0.2640200935016632
persona,USA,Q63,trust,3.0017709157794537,0.6672569719264845,True,0.2723135264247151
uniform,USA,Q63,trust,2.5,0.5,True,0.4085086044304369
human,USA,Q63,trust,2.776338017232631,0.592112672410877,True,0.0
adapter,USA,Q64,trust,3.651291485966371,0.5983679638225827,True,0.5193453509233549
adapter_persona,USA,Q64,trust,3.4023425762117787,0.8007808587372595,True,0.4125607025113106
armA,USA,Q64,trust,2.575183480978011,0.5250611603260037,True,0.2551979472803607
armB,USA,Q64,trust,4.0,1.0,True,0.8680153842285514
base,USA,Q64,trust,2.7121755996547465,0.5707251998849155,True,0.130222952247825
base_fixed_USA,USA,Q64,trust,2.7121755996547465,0.5707251998849155,True,0.130222952247825
persona,USA,Q64,trust,2.783109823025788,0.5943699410085959,True,0.1384639742031672
uniform,USA,Q64,trust,2.5,0.5,True,0.2542930470734804
human,USA,Q64,trust,2.555536398146794,0.5185121327155979,True,0.0
adapter,USA,Q69,trust,3.7549077274574305,0.6258515766615205,True,0.5459414487888846
adapter_persona,USA,Q69,trust,3.090930440513855,0.6969768135046182,True,0.3501705141053109
armA,USA,Q69,trust,2.575183480978011,0.5250611603260037,True,0.2262884362620844
armB,USA,Q69,trust,4.0,1.0,True,0.7910295728506223
base,USA,Q69,trust,2.8239255680105337,0.6079751893368445,True,0.2308460979201925
base_fixed_USA,USA,Q69,trust,2.8239255680105337,0.6079751893368445,True,0.2308460979201925
persona,USA,Q69,trust,2.662183459777646,0.5540611532592153,True,0.2083925633395175
uniform,USA,Q69,trust,2.5,0.5,True,0.2286020615709249
human,USA,Q69,trust,2.8308968790742624,0.6102989596914207,True,0.0
adapter,USA,Q70,trust,3.9148981574699353,0.6258387292499189,True,0.8024448953690632
adapter_persona,USA,Q70,trust,3.1804180617568623,0.7268060205856207,True,0.3958168342421431
armA,USA,Q70,trust,2.575183480978011,0.5250611603260037,True,0.3210446524281422
armB,USA,Q70,trust,4.0,1.0,True,0.887545264538482
base,USA,Q70,trust,2.8090073137919416,0.6030024379306472,True,0.2531439835313145
base_fixed_USA,USA,Q70,trust,2.8090073137919416,0.6030024379306472,True,0.2531439835313145
persona,USA,Q70,trust,2.702957771407993,0.567652590469331,True,0.1529440385479669
uniform,USA,Q70,trust,2.5,0.5,True,0.3201397522212619
human,USA,Q70,trust,2.6232367027737964,0.5410789009245986,True,0.0
adapter,USA,Q71,trust,2.679673290609547,0.5003046676797634,True,0.425995401944239
adapter_persona,USA,Q71,trust,2.821448110410641,0.6071493701368803,True,0.4244281376773515
armA,USA,Q71,trust,2.575183480978011,0.5250611603260037,True,0.1935434624694632
armB,USA,Q71,trust,4.0,1.0,True,0.9164032232573694
base,USA,Q71,trust,2.298064834658579,0.4326882782195262,True,0.3632585725526238
base_fixed_USA,USA,Q71,trust,2.298064834658579,0.4326882782195262,True,0.3632585725526238
persona,USA,Q71,trust,2.1614223475232324,0.3871407825077441,True,0.4573007292821996
uniform,USA,Q71,trust,2.5,0.5,True,0.1664032232573694
human,USA,Q71,trust,2.1276014367100182,0.375867145570006,True,0.0
adapter,USA,Q73,trust,3.0422159192041263,0.5695845451171923,True,0.8441565466664844
adapter_persona,USA,Q73,trust,3.391713335449303,0.797237778483101,True,0.7449034508571195
armA,USA,Q73,trust,2.575183480978011,0.5250611603260037,True,0.3791984167404667
armB,USA,Q73,trust,4.0,1.0,True,0.9814019199716084
base,USA,Q73,trust,2.4940816124279097,0.4980272041426365,True,0.3270778499505758
base_fixed_USA,USA,Q73,trust,2.4940816124279097,0.4980272041426365,True,0.3270778499505758
persona,USA,Q73,trust,2.540117403190343,0.5133724677301142,True,0.4858954984851597
uniform,USA,Q73,trust,2.5,0.5,True,0.3595769777344732
human,USA,Q73,trust,1.929914115810896,0.3099713719369652,True,0.0
adapter,USA,Q81,posrecip,3.9924225224454726,0.6428416960416966,True,0.8733469127510234
adapter_persona,USA,Q81,posrecip,3.6685461287986687,0.889515376266223,True,0.5496783338981182
armA,USA,Q81,posrecip,2.6018250137567516,0.5339416712522504,True,0.3322423132028191
armB,USA,Q81,posrecip,4.0,1.0,True,0.8809242650689947
base,USA,Q81,posrecip,2.933953426269869,0.6446511420899563,True,0.2823830871393661
base_fixed_USA,USA,Q81,posrecip,2.933953426269869,0.6446511420899563,True,0.2823830871393661
persona,USA,Q81,posrecip,2.9477134358225756,0.6492378119408585,True,0.2946588710460452
uniform,USA,Q81,posrecip,2.5,0.5,True,0.330581725507143
human,USA,Q81,posrecip,2.6938878858435413,0.5646292952811804,True,0.0
adapter,USA,Q99,altruism,1.9999993132938785,0.6156321264198307,True,0.947576271256023
adapter_persona,USA,Q99,altruism,1.9993436028579117,0.9996718014289556,True,0.946920553493997
armA,USA,Q99,altruism,1.2032144367694857,0.6016072183847427,True,0.5675710004360434
armB,USA,Q99,altruism,2.0,1.0,True,0.9475769384064766
base,USA,Q99,altruism,1.279285129900004,0.639642564950002,True,0.5544682830852343
base_fixed_USA,USA,Q99,altruism,1.279285129900004,0.639642564950002,True,0.5544682830852343
persona,USA,Q99,altruism,0.5422551358888366,0.2711275679444183,True,0.3841373047882564
uniform,USA,Q99,altruism,1.0,0.5,True,0.4711663962571048
human,USA,Q99,altruism,0.2479233320030851,0.1239616660015425,True,0.0
adapter,USA,Q101,altruism,1.9999991293606596,0.607243052183818,True,0.8164659973437636
adapter_persona,USA,Q101,altruism,1.9998204566572473,0.9999102283286236,True,0.8162873127414287
armA,USA,Q101,altruism,1.2032144367694857,0.6016072183847427,True,0.4296777354371425
armB,USA,Q101,altruism,2.0,1.0,True,0.8164668484274393
base,USA,Q101,altruism,1.2169858475220727,0.6084929237610364,True,0.4166935848773674
base_fixed_USA,USA,Q101,altruism,1.2169858475220727,0.6084929237610364,True,0.4166935848773674
persona,USA,Q101,altruism,0.8812463339276093,0.4406231669638046,True,0.593162215072768
uniform,USA,Q101,altruism,1.0,0.5,True,0.3332731312582039
human,USA,Q101,altruism,0.5169266869810234,0.2584633434905117,True,0.0
adapter,USA,Q103,altruism,1.9999947384351051,0.5146897347078077,True,0.935361407685299
adapter_persona,USA,Q103,altruism,1.999195892220042,0.999597946110021,True,0.9345623341953871
armA,USA,Q103,altruism,1.2032144367694857,0.6016072183847427,True,0.6089159737468843
armB,USA,Q103,altruism,2.0,1.0,True,0.9353664310144238
base,USA,Q103,altruism,0.6444263652628954,0.3222131826314477,True,0.2360856977665558
base_fixed_USA,USA,Q103,altruism,0.6444263652628954,0.3222131826314477,True,0.2360856977665558
persona,USA,Q103,altruism,0.3425350990397441,0.171267549519872,True,0.1209545110082757
uniform,USA,Q103,altruism,1.0,0.5,True,0.5125113695679457
human,USA,Q103,altruism,0.218788866084297,0.1093944330421485,True,0.0
adapter,USA,Q106,risktaking,5.35185364528774,0.502115526529123,True,0.6263720775325425
adapter_persona,USA,Q106,risktaking,5.24525897588619,0.4716954417651322,True,0.607750661279499
armA,USA,Q106,risktaking,5.5582933984696865,0.5064770442744096,True,0.213299795281273
armB,USA,Q106,risktaking,10.0,1.0,True,0.897403345540936
base,USA,Q106,risktaking,5.406422350591277,0.4896024833990307,True,0.5399196730319787
base_fixed_USA,USA,Q106,risktaking,5.406422350591277,0.4896024833990307,True,0.5399196730319787
persona,USA,Q106,risktaking,5.531628934556007,0.5035143260617785,True,0.5167263387181437
uniform,USA,Q106,risktaking,5.5,0.5,True,0.2137514692457589
human,USA,Q106,risktaking,4.929778583846689,0.4366420648718543,True,0.0
adapter,USA,Q107,risktaking,5.066269757333747,0.4813007445691624,True,0.6084523815388383
adapter_persona,USA,Q107,risktaking,4.898795574018019,0.4331995082242243,True,0.5090021218063373
armA,USA,Q107,risktaking,5.5582933984696865,0.5064770442744096,True,0.3373835374372239
armB,USA,Q107,risktaking,10.0,1.0,True,0.9707307205038112
base,USA,Q107,risktaking,5.635997059821808,0.5151107844246453,True,0.4437366197042413
base_fixed_USA,USA,Q107,risktaking,5.635997059821808,0.5151107844246453,True,0.4437366197042413
persona,USA,Q107,risktaking,3.400942099805981,0.2667713444228867,True,0.1842009100373547
uniform,USA,Q107,risktaking,5.5,0.5,True,0.331014399394273
human,USA,Q107,risktaking,3.716698982620508,0.3018554425133898,True,0.0
adapter,USA,Q109,risktaking,5.238744024672854,0.4848882774910738,True,0.6664303325061004
adapter_persona,USA,Q109,risktaking,5.233838487781707,0.4704264986424118,True,0.6346827491218762
armA,USA,Q109,risktaking,5.5582933984696865,0.5064770442744096,True,0.3740002134059958
armB,USA,Q109,risktaking,10.0,1.0,True,0.9784861511157408
base,USA,Q109,risktaking,5.201832154179065,0.4668702393532294,True,0.5963417191254764
base_fixed_USA,USA,Q109,risktaking,5.201832154179065,0.4668702393532294,True,0.5963417191254764
persona,USA,Q109,risktaking,4.922771680215109,0.435863520023901,True,0.5665543882843344
uniform,USA,Q109,risktaking,5.5,0.5,True,0.3651680567094656
human,USA,Q109,risktaking,3.300859288572968,0.2556510320636631,True,0.0
adapter,USA,Q174,posrecip,1.9999982396567866,0.0159063917118147,True,0.2095066059247488
adapter_persona,USA,Q174,posrecip,2.332074803821525e-06,2.332074803821525e-06,True,0.2095060341931582
armA,USA,Q174,posrecip,0.601825013756752,0.601825013756752,True,0.3923166474887898
armB,USA,Q174,posrecip,1.0,1.0,True,0.7904916337320379
base,USA,Q174,posrecip,0.0062899021368924,0.0062899021368924,True,0.2032184641310697
base_fixed_USA,USA,Q174,posrecip,0.0062899021368924,0.0062899021368924,True,0.2032184641310697
persona,USA,Q174,posrecip,0.0169149132667265,0.0169149132667265,True,0.1925934530012355
uniform,USA,Q174,posrecip,0.5,0.5,True,0.2904916337320379
human,USA,Q174,posrecip,0.209508366267962,0.209508366267962,True,0.0
adapter,USA,Q176,negrecip,6.062263273848971,0.5277272550968538,True,0.8164813265154788
adapter_persona,USA,Q176,negrecip,6.909451786994916,0.6566057541105462,True,0.6020788891252287
armA,USA,Q176,negrecip,5.505776821635662,0.5006418690706291,True,0.1432184138877855
armB,USA,Q176,negrecip,10.0,1.0,True,0.8760628157988372
base,USA,Q176,negrecip,5.5807928879954485,0.5089769875550498,True,0.5544624848600394
base_fixed_USA,USA,Q176,negrecip,5.5807928879954485,0.5089769875550498,True,0.5544624848600394
persona,USA,Q176,negrecip,5.475559777387078,0.4972844197096753,True,0.5506330144936764
uniform,USA,Q176,negrecip,5.5,0.5,True,0.1430785169674269
human,USA,Q176,negrecip,5.450017741869821,0.4944464157633133,True,0.0
adapter,USA,Q177,negrecip,8.65685857336964,0.4915977082955824,True,0.2671930301024487
adapter_persona,USA,Q177,negrecip,5.815059485994278,0.5350066095549199,True,0.5028016357098762
armA,USA,Q177,negrecip,5.5057768216356635,0.5006418690706292,True,0.4639963446641391
armB,USA,Q177,negrecip,10.0,1.0,True,0.4677904124038453
base,USA,Q177,negrecip,9.274825983144984,0.9194251092383317,True,0.3106466269181364
base_fixed_USA,USA,Q177,negrecip,9.274825983144984,0.9194251092383317,True,0.3106466269181364
persona,USA,Q177,negrecip,8.58705253762194,0.8430058375135489,True,0.227404498493578
uniform,USA,Q177,negrecip,5.5,0.5,True,0.4645917285265404
human,USA,Q177,negrecip,8.377070411150095,0.8196744901277883,True,0.0
adapter,USA,Q178,risktaking,6.4825080061222575,0.5469413257371251,True,0.8056310932578485
adapter_persona,USA,Q178,risktaking,6.750326871244382,0.6389252079160423,True,0.7088407352008957
armA,USA,Q178,risktaking,5.5582933984696865,0.5064770442744096,True,0.4161859566181352
armB,USA,Q178,risktaking,10.0,1.0,True,0.9782199363984766
base,USA,Q178,risktaking,5.9162516417148865,0.5462501824127651,True,0.6212396439823797
base_fixed_USA,USA,Q178,risktaking,5.9162516417148865,0.5462501824127651,True,0.6212396439823797
persona,USA,Q178,risktaking,5.7552075566906975,0.5283563951878552,True,0.5837299610028939
uniform,USA,Q178,risktaking,5.5,0.5,True,0.4088350800299556
human,USA,Q178,risktaking,2.954026851157577,0.2171140945730641,True,0.0
adapter,USA,Q179,negrecip,9.864322404505154,0.512290932428179,True,0.2595655357589977
adapter_persona,USA,Q179,negrecip,9.499883125510483,0.9444314583900536,True,0.2026981544668714
armA,USA,Q179,negrecip,5.5057768216356635,0.5006418690706292,True,0.6081185572015153
armB,USA,Q179,negrecip,10.0,1.0,True,0.299305692501638
base,USA,Q179,negrecip,9.45109123453836,0.9390101371709288,True,0.1908220343942451
base_fixed_USA,USA,Q179,negrecip,9.45109123453836,0.9390101371709288,True,0.1908220343942451
persona,USA,Q179,negrecip,9.864873433763096,0.9849859370847887,True,0.2769980779107709
uniform,USA,Q179,negrecip,5.5,0.5,True,0.6086791261886176
human,USA,Q179,negrecip,9.098357592696855,0.8998175102996507,True,0.0
adapter,USA,Q195,negrecip,5.106217508173041,0.5501842692523012,True,0.6538285090561462
adapter_persona,USA,Q195,negrecip,5.303037706487936,0.4781153007208818,True,0.4566498667398716
armA,USA,Q195,negrecip,5.505776821635662,0.5006418690706291,True,0.2044261882861858
armB,USA,Q195,negrecip,10.0,1.0,True,0.8763314120334827
base,USA,Q195,negrecip,5.519558184651138,0.5021731316279042,True,0.489441912431846
base_fixed_USA,USA,Q195,negrecip,5.519558184651138,0.5021731316279042,True,0.489441912431846
persona,USA,Q195,negrecip,5.492772829621945,0.4991969810691049,True,0.5043278269824487
uniform,USA,Q195,negrecip,5.5,0.5,True,0.2046714615061606
human,USA,Q195,negrecip,5.542384867254009,0.5047094296948899,True,0.0
